date,mkt_rf,smb,hml,rmw,cma,rf,kt
2023-01-02,-0.008768,0.007081,0.004112,0.001492,-0.007506,0.00016,2023-02-04T12:00:00Z
2023-01-03,-0.007423,0.005578,0.00269,-0.003518,0.004804,0.00016,2023-02-04T12:00:00Z
2023-01-04,0.011488,0.000255,0.004756,0.003374,0.00647,0.00016,2023-02-04T12:00:00Z
2023-01-05,0.0165,-0.003432,0.000202,0.001808,-0.00433,0.00016,2023-02-04T12:00:00Z
2023-01-06,-0.010496,-6.8e-05,0.001311,0.008775,0.004591,0.00016,2023-02-04T12:00:00Z
2023-01-09,-0.00255,0.001178,-0.003047,0.006865,0.003693,0.00016,2023-02-04T12:00:00Z
2023-01-10,-0.019291,-0.013886,0.008533,0.000579,-0.00227,0.00016,2023-02-04T12:00:00Z
2023-01-11,0.007555,-0.000256,-0.004688,-0.000168,0.004434,0.000161,2023-02-04T12:00:00Z
2023-01-12,0.008328,0.0006,0.005908,0.002878,-0.000241,0.000161,2023-02-04T12:00:00Z
2023-01-13,0.016239,0.000221,0.008951,-0.004541,0.010358,0.000161,2023-02-04T12:00:00Z
2023-01-16,0.001393,0.004565,0.012248,0.007538,0.002225,0.000161,2023-02-04T12:00:00Z
2023-01-17,0.019678,0.005904,-0.010463,-0.00248,-0.002492,0.000161,2023-02-04T12:00:00Z
2023-01-18,-0.022765,-0.007382,-8.2e-05,0.005035,0.001161,0.000161,2023-02-04T12:00:00Z
2023-01-19,-0.010843,0.010696,0.015881,0.00691,0.00684,0.000161,2023-02-04T12:00:00Z
2023-01-20,-0.002739,0.015014,-0.001633,0.000447,0.000277,0.000161,2023-02-04T12:00:00Z
2023-01-23,-0.00696,0.000883,-0.001103,-0.003026,0.006717,0.000161,2023-02-04T12:00:00Z
2023-01-24,-0.008545,0.000147,0.00634,-0.00133,-0.002924,0.000161,2023-02-04T12:00:00Z
2023-01-25,-0.005343,-0.00437,0.013909,-0.002339,0.00353,0.000161,2023-02-04T12:00:00Z
2023-01-26,-0.023473,-0.00781,6.8e-05,0.006031,0.007809,0.000161,2023-02-04T12:00:00Z
2023-01-27,0.025994,-0.001685,0.00192,-0.000372,0.004879,0.000162,2023-02-04T12:00:00Z
2023-01-30,-0.010562,-0.002303,0.006349,-0.001286,-0.004003,0.000162,2023-02-04T12:00:00Z
2023-01-31,-0.00873,0.005054,0.003973,-0.001072,-0.008846,0.000162,2023-02-04T12:00:00Z
2023-02-01,0.003784,0.00034,0.012351,0.002297,-0.000239,0.000162,2023-03-04T12:00:00Z
2023-02-02,-0.013203,0.005584,-0.00849,0.008901,0.00344,0.000162,2023-03-04T12:00:00Z
2023-02-03,0.007545,0.007742,-0.002289,-0.002894,-0.008247,0.000162,2023-03-04T12:00:00Z
2023-02-06,0.014132,-0.006705,0.009652,0.00079,-0.010047,0.000162,2023-03-04T12:00:00Z
2023-02-07,-0.010151,-0.007779,0.002594,0.000997,0.007382,0.000162,2023-03-04T12:00:00Z
2023-02-08,-0.007911,-0.003595,-0.000798,0.001372,0.005028,0.000162,2023-03-04T12:00:00Z
2023-02-09,-0.015294,-0.005904,0.012464,-0.003365,-0.001855,0.000162,2023-03-04T12:00:00Z
2023-02-10,-0.011172,-0.010398,0.009014,-0.001919,-7e-06,0.000162,2023-03-04T12:00:00Z
2023-02-13,-0.015446,0.001729,-0.005627,-0.008012,0.004771,0.000162,2023-03-04T12:00:00Z
2023-02-14,0.008776,-0.011661,0.012441,0.002027,0.003151,0.000162,2023-03-04T12:00:00Z
2023-02-15,0.010009,0.001097,-0.00202,0.00285,-0.000444,0.000163,2023-03-04T12:00:00Z
2023-02-16,0.008741,-0.000509,0.006445,-0.004512,-0.001034,0.000163,2023-03-04T12:00:00Z
2023-02-17,-0.003974,0.012052,-0.002712,0.008071,0.000432,0.000163,2023-03-04T12:00:00Z
2023-02-20,-0.00949,-0.014444,0.009235,0.003189,0.005207,0.000163,2023-03-04T12:00:00Z
2023-02-21,-0.001453,0.001416,0.003172,0.007645,-0.00198,0.000163,2023-03-04T12:00:00Z
2023-02-22,0.002001,-0.008644,0.013989,-0.003697,-0.003547,0.000163,2023-03-04T12:00:00Z
2023-02-23,-0.014595,-0.003913,-0.001138,0.003508,-0.003868,0.000163,2023-03-04T12:00:00Z
2023-02-24,0.011227,-0.002288,0.004437,-0.001888,0.010701,0.000163,2023-03-04T12:00:00Z
2023-02-27,0.002138,0.001514,-0.001569,0.00445,0.001943,0.000163,2023-03-04T12:00:00Z
2023-02-28,0.011635,0.004035,-0.005063,-0.000286,-0.011114,0.000163,2023-03-04T12:00:00Z
2023-03-01,0.00186,0.006025,0.00383,-0.005241,-0.000864,0.000163,2023-04-04T12:00:00Z
2023-03-02,0.008662,0.004449,0.008724,0.000874,0.005597,0.000163,2023-04-04T12:00:00Z
2023-03-03,0.006343,0.005938,0.000135,0.005224,0.002147,0.000163,2023-04-04T12:00:00Z
2023-03-06,-0.004634,-0.001907,0.000564,-0.001097,-0.001762,0.000164,2023-04-04T12:00:00Z
2023-03-07,-0.003106,0.003943,-0.008332,0.003039,0.002101,0.000164,2023-04-04T12:00:00Z
2023-03-08,0.000986,-0.001812,0.000886,-0.001261,-0.001696,0.000164,2023-04-04T12:00:00Z
2023-03-09,-0.000829,0.003215,-0.000645,0.005986,-0.001615,0.000164,2023-04-04T12:00:00Z
2023-03-10,-0.005734,-0.013516,0.0006,0.004881,0.006205,0.000164,2023-04-04T12:00:00Z
2023-03-13,-0.011493,-0.006157,-0.001878,-0.000799,0.002769,0.000164,2023-04-04T12:00:00Z
2023-03-14,0.007052,0.003877,-0.004082,0.002134,0.000211,0.000164,2023-04-04T12:00:00Z
2023-03-15,-0.012435,0.009228,0.001464,0.000832,-0.001238,0.000164,2023-04-04T12:00:00Z
2023-03-16,-0.002376,0.007587,-0.001339,-0.000481,-0.004782,0.000164,2023-04-04T12:00:00Z
2023-03-17,0.006369,-0.000291,0.003884,0.001805,0.004739,0.000164,2023-04-04T12:00:00Z
2023-03-20,-0.00512,0.009466,0.005136,0.001966,-0.006661,0.000164,2023-04-04T12:00:00Z
2023-03-21,0.001074,0.001191,0.003412,-0.001306,0.009918,0.000164,2023-04-04T12:00:00Z
2023-03-22,0.003313,-0.00502,-0.003533,-0.004673,-0.002964,0.000165,2023-04-04T12:00:00Z
2023-03-23,-0.00198,0.004352,-0.006035,0.003217,-0.000574,0.000165,2023-04-04T12:00:00Z
2023-03-24,0.011473,0.005985,0.002206,0.003457,0.002816,0.000165,2023-04-04T12:00:00Z
2023-03-27,0.003646,-0.00875,-0.003048,-0.000243,-0.000624,0.000165,2023-04-04T12:00:00Z
2023-03-28,0.01065,-0.002645,0.006569,-8.7e-05,0.00317,0.000165,2023-04-04T12:00:00Z
2023-03-29,0.004615,0.01096,0.006142,-0.007862,0.006854,0.000165,2023-04-04T12:00:00Z
2023-03-30,-0.011167,0.005005,0.002483,0.000492,-0.004578,0.000165,2023-04-04T12:00:00Z
2023-03-31,0.002899,-0.000522,0.008119,-0.006179,0.001175,0.000165,2023-04-04T12:00:00Z
2023-04-03,-0.008479,-0.006303,-0.01034,-0.002751,-0.003836,0.000165,2023-05-04T12:00:00Z
2023-04-04,0.001016,-0.002461,-0.001445,-0.001278,0.006258,0.000165,2023-05-04T12:00:00Z
2023-04-05,0.006064,0.021101,0.004612,-0.003132,0.003085,0.000165,2023-05-04T12:00:00Z
2023-04-06,0.005365,0.00457,0.007531,0.002615,0.00071,0.000165,2023-05-04T12:00:00Z
2023-04-07,0.013383,0.001255,0.001907,0.005069,-0.001519,0.000165,2023-05-04T12:00:00Z
2023-04-10,0.006273,-0.000598,-0.003426,-0.003378,-0.002189,0.000166,2023-05-04T12:00:00Z
2023-04-11,-0.003361,0.003056,0.000387,-0.002525,-0.009914,0.000166,2023-05-04T12:00:00Z
2023-04-12,0.011135,-0.006614,-0.018668,4.6e-05,-0.008107,0.000166,2023-05-04T12:00:00Z
2023-04-13,-0.009076,-0.017972,0.008685,0.008095,-0.003766,0.000166,2023-05-04T12:00:00Z
2023-04-14,0.013438,0.002939,0.014426,0.002139,-0.000517,0.000166,2023-05-04T12:00:00Z
2023-04-17,0.000557,0.003652,0.008566,-0.002505,0.001378,0.000166,2023-05-04T12:00:00Z
2023-04-18,-0.017616,-0.007954,0.000793,0.003109,-0.001607,0.000166,2023-05-04T12:00:00Z
2023-04-19,-0.016494,-0.00433,-0.006958,0.000811,0.001788,0.000166,2023-05-04T12:00:00Z
2023-04-20,0.011168,-0.003872,-0.00621,0.001121,-0.002908,0.000166,2023-05-04T12:00:00Z
2023-04-21,-0.00195,-0.000696,0.002347,-0.005394,0.002091,0.000166,2023-05-04T12:00:00Z
2023-04-24,-0.011342,0.001362,-0.005327,-0.002552,0.002864,0.000166,2023-05-04T12:00:00Z
2023-04-25,-0.008725,-0.012996,0.0041,0.003657,0.005499,0.000166,2023-05-04T12:00:00Z
2023-04-26,0.006432,-0.003278,0.00688,-0.004429,-0.008869,0.000167,2023-05-04T12:00:00Z
2023-04-27,0.007596,0.002471,0.000655,0.001519,0.004894,0.000167,2023-05-04T12:00:00Z
2023-04-28,0.004714,-0.002667,-3.2e-05,-0.00888,0.0021,0.000167,2023-05-04T12:00:00Z
2023-05-01,0.007529,0.000527,-0.00306,-0.00391,-0.001715,0.000167,2023-06-04T12:00:00Z
2023-05-02,0.007887,-0.007032,0.003021,-0.003972,0.000404,0.000167,2023-06-04T12:00:00Z
2023-05-03,0.002856,-0.007347,-0.003411,0.001211,-0.000874,0.000167,2023-06-04T12:00:00Z
2023-05-04,-0.0055,0.005221,0.000675,0.000973,-0.002154,0.000167,2023-06-04T12:00:00Z
2023-05-05,0.018623,-0.017666,-0.003607,0.005735,-0.007987,0.000167,2023-06-04T12:00:00Z
2023-05-08,0.00707,0.000872,0.000748,-0.003906,0.0018,0.000167,2023-06-04T12:00:00Z
2023-05-09,0.00566,-0.002224,0.009789,0.00615,0.007957,0.000167,2023-06-04T12:00:00Z
2023-05-10,-0.010096,-0.006381,0.00259,-0.004953,0.00669,0.000167,2023-06-04T12:00:00Z
2023-05-11,0.008537,-0.004195,-0.005549,0.002461,-0.002005,0.000167,2023-06-04T12:00:00Z
2023-05-12,-0.005133,-5.3e-05,-0.004826,0.000977,-0.004375,0.000167,2023-06-04T12:00:00Z
2023-05-15,0.012862,0.008774,0.002162,0.000804,0.010841,0.000168,2023-06-04T12:00:00Z
2023-05-16,0.005854,0.003489,0.005815,0.002381,-0.000229,0.000168,2023-06-04T12:00:00Z
2023-05-17,0.001165,0.005962,-0.00912,0.002961,-0.006124,0.000168,2023-06-04T12:00:00Z
2023-05-18,-0.006385,-0.006627,-0.001589,0.004691,0.003941,0.000168,2023-06-04T12:00:00Z
2023-05-19,0.00119,-0.004193,-0.000554,0.000965,-0.012197,0.000168,2023-06-04T12:00:00Z
2023-05-22,0.000996,-0.012626,0.005918,-0.001456,-0.000577,0.000168,2023-06-04T12:00:00Z
2023-05-23,-0.007713,0.005511,-0.003987,-0.002876,-0.000559,0.000168,2023-06-04T12:00:00Z
2023-05-24,0.001308,0.00271,0.00096,-0.004401,0.001162,0.000168,2023-06-04T12:00:00Z
2023-05-25,0.010325,-0.002969,-0.011346,0.004789,-0.003588,0.000168,2023-06-04T12:00:00Z
2023-05-26,0.011968,0.008541,-0.005131,-0.001567,0.001071,0.000168,2023-06-04T12:00:00Z
2023-05-29,0.013922,-0.001068,0.004481,-0.003539,-0.00491,0.000168,2023-06-04T12:00:00Z
2023-05-30,0.004941,0.009169,-0.008028,0.00738,-0.004914,0.000168,2023-06-04T12:00:00Z
2023-05-31,-0.002717,0.013868,-0.007294,0.000914,-0.004539,0.000169,2023-06-04T12:00:00Z
2023-06-01,-0.000449,-0.003485,-0.000487,0.003723,0.005064,0.000169,2023-07-04T12:00:00Z
2023-06-02,0.010803,-0.000991,-0.003279,-0.003958,0.002053,0.000169,2023-07-04T12:00:00Z
2023-06-05,-0.008829,-0.002701,-0.004284,-0.001974,-0.001532,0.000169,2023-07-04T12:00:00Z
2023-06-06,-0.005619,0.005044,0.009366,-0.000746,0.01545,0.000169,2023-07-04T12:00:00Z
2023-06-07,0.002601,0.001985,0.005015,0.002423,0.005364,0.000169,2023-07-04T12:00:00Z
2023-06-08,0.008685,-0.005443,0.007333,-0.004873,-0.00025,0.000169,2023-07-04T12:00:00Z
2023-06-09,0.001878,0.000593,-0.001897,0.005197,-4.5e-05,0.000169,2023-07-04T12:00:00Z
2023-06-12,-0.01211,0.012005,-0.000867,-0.005339,0.008306,0.000169,2023-07-04T12:00:00Z
2023-06-13,-0.000601,0.000701,-0.014009,-0.004843,-0.005562,0.000169,2023-07-04T12:00:00Z
2023-06-14,0.001209,-0.000785,0.009397,0.001265,-0.004472,0.000169,2023-07-04T12:00:00Z
2023-06-15,-0.01832,0.001217,0.004246,0.002475,0.005788,0.000169,2023-07-04T12:00:00Z
2023-06-16,-0.002422,0.004895,0.004104,0.00149,-0.000223,0.000169,2023-07-04T12:00:00Z
2023-06-19,-0.017331,0.00471,0.007563,0.005381,0.009112,0.00017,2023-07-04T12:00:00Z
2023-06-20,-0.003308,-0.003392,0.005096,-0.006046,-0.002548,0.00017,2023-07-04T12:00:00Z
2023-06-21,0.010371,0.006661,-2e-06,-0.008291,-0.007069,0.00017,2023-07-04T12:00:00Z
2023-06-22,0.00802,0.011356,0.001793,-0.007828,-0.00362,0.00017,2023-07-04T12:00:00Z
2023-06-23,0.014042,0.005576,-0.00912,0.004271,-0.008519,0.00017,2023-07-04T12:00:00Z
2023-06-26,0.010862,0.005761,-0.007095,0.002132,0.000635,0.00017,2023-07-04T12:00:00Z
2023-06-27,0.01335,0.006625,0.005478,0.004258,-0.004617,0.00017,2023-07-04T12:00:00Z
2023-06-28,0.010452,-0.004179,-0.009273,0.004406,1e-06,0.00017,2023-07-04T12:00:00Z
2023-06-29,0.00117,0.002195,0.014567,-0.003725,-0.003167,0.00017,2023-07-04T12:00:00Z
2023-06-30,-0.00486,-0.008109,0.002377,0.002464,-0.005978,0.00017,2023-07-04T12:00:00Z
2023-07-03,-0.024503,0.003319,0.00526,-0.009066,0.001086,0.00017,2023-08-04T12:00:00Z
2023-07-04,0.013169,0.003977,7.9e-05,0.002303,-0.003623,0.00017,2023-08-04T12:00:00Z
2023-07-05,0.014452,-0.002006,0.002956,0.00692,-0.003589,0.00017,2023-08-04T12:00:00Z
2023-07-06,-0.002625,0.00878,0.002053,0.000886,0.00274,0.000171,2023-08-04T12:00:00Z
2023-07-07,0.012536,0.002784,-0.002176,0.000605,-0.004063,0.000171,2023-08-04T12:00:00Z
2023-07-10,0.004626,-0.003422,-0.000101,0.001681,-0.000123,0.000171,2023-08-04T12:00:00Z
2023-07-11,0.015015,0.001683,0.003073,0.002814,0.00331,0.000171,2023-08-04T12:00:00Z
2023-07-12,-0.002061,-0.014011,0.004203,-1.7e-05,0.009518,0.000171,2023-08-04T12:00:00Z
2023-07-13,-0.00566,-0.003786,-0.004966,-0.00413,0.005095,0.000171,2023-08-04T12:00:00Z
2023-07-14,0.003309,-0.002701,0.007305,0.005316,-0.003164,0.000171,2023-08-04T12:00:00Z
2023-07-17,0.001938,0.000803,-0.000439,0.003597,-0.002908,0.000171,2023-08-04T12:00:00Z
2023-07-18,-0.014483,-0.010834,0.00112,-0.002596,-0.001141,0.000171,2023-08-04T12:00:00Z
2023-07-19,-0.012035,0.004088,-0.000341,-0.014756,-0.003059,0.000171,2023-08-04T12:00:00Z
2023-07-20,0.001469,0.003296,0.001176,0.005237,0.000781,0.000171,2023-08-04T12:00:00Z
2023-07-21,0.004686,-0.001603,-0.006086,-0.00467,0.000661,0.000171,2023-08-04T12:00:00Z
2023-07-24,-0.018132,0.012546,0.001136,-0.006583,-0.004053,0.000172,2023-08-04T12:00:00Z
2023-07-25,0.012423,0.001493,-0.006279,-0.003635,-0.006787,0.000172,2023-08-04T12:00:00Z
2023-07-26,0.011239,0.000887,0.003468,0.005575,0.002984,0.000172,2023-08-04T12:00:00Z
2023-07-27,0.014486,0.007679,0.001828,0.000133,-0.000446,0.000172,2023-08-04T12:00:00Z
2023-07-28,0.00732,0.008013,-0.001132,0.001004,-0.001109,0.000172,2023-08-04T12:00:00Z
2023-07-31,0.006809,-0.001145,0.002197,0.000613,0.005941,0.000172,2023-08-04T12:00:00Z
2023-08-01,-0.013285,0.008018,0.00795,-0.013958,-0.000648,0.000172,2023-09-04T12:00:00Z
2023-08-02,-0.001318,0.003421,-0.000705,-0.000693,-0.013136,0.000172,2023-09-04T12:00:00Z
2023-08-03,-0.011162,-0.000766,0.001118,0.00624,0.003495,0.000172,2023-09-04T12:00:00Z
2023-08-04,-0.00472,-0.008062,0.003768,0.003966,-0.003776,0.000172,2023-09-04T12:00:00Z
2023-08-07,0.004875,0.006068,-0.011169,0.012726,-0.003502,0.000172,2023-09-04T12:00:00Z
2023-08-08,0.024315,-0.000361,0.005488,-0.002096,0.005828,0.000172,2023-09-04T12:00:00Z
2023-08-09,-0.007582,-0.003247,0.002036,0.005465,0.002228,0.000172,2023-09-04T12:00:00Z
2023-08-10,-0.013659,-0.002736,-0.004218,0.002197,0.000216,0.000173,2023-09-04T12:00:00Z
2023-08-11,-0.004937,0.003948,0.008185,0.007619,0.001091,0.000173,2023-09-04T12:00:00Z
2023-08-14,-0.004621,-0.004057,0.000527,-0.002784,0.002156,0.000173,2023-09-04T12:00:00Z
2023-08-15,-0.01029,0.005176,-0.005635,0.00527,-0.008178,0.000173,2023-09-04T12:00:00Z
2023-08-16,0.004922,-0.012373,0.006805,0.002513,0.000985,0.000173,2023-09-04T12:00:00Z
2023-08-17,0.010564,-0.004549,0.009595,5.8e-05,-0.003335,0.000173,2023-09-04T12:00:00Z
2023-08-18,-0.005563,0.010098,0.014829,-0.000885,-0.007206,0.000173,2023-09-04T12:00:00Z
2023-08-21,-0.000883,-0.004297,-0.003877,0.003751,-0.007625,0.000173,2023-09-04T12:00:00Z
2023-08-22,0.002607,-0.00634,-0.009716,0.000225,-0.004006,0.000173,2023-09-04T12:00:00Z
2023-08-23,-0.006287,0.00573,0.003571,-0.005262,0.001723,0.000173,2023-09-04T12:00:00Z
2023-08-24,0.003864,-0.010152,0.002893,-0.008633,0.001878,0.000173,2023-09-04T12:00:00Z
2023-08-25,0.001819,0.002023,0.00057,0.006049,-0.001199,0.000173,2023-09-04T12:00:00Z
2023-08-28,-0.008218,0.007025,0.000479,-0.002967,0.005165,0.000174,2023-09-04T12:00:00Z
2023-08-29,-0.004275,0.005222,-0.007194,-0.005977,0.003734,0.000174,2023-09-04T12:00:00Z
2023-08-30,-0.004158,0.000415,0.000586,0.000318,-0.00159,0.000174,2023-09-04T12:00:00Z
2023-08-31,-0.00121,0.012914,-0.003523,-0.003594,-0.000307,0.000174,2023-09-04T12:00:00Z
2023-09-01,0.009725,0.001802,-0.023024,-0.003444,-0.001072,0.000174,2023-10-04T12:00:00Z
2023-09-04,-0.001742,0.004694,0.003401,0.001067,0.001362,0.000174,2023-10-04T12:00:00Z
2023-09-05,0.026442,-0.002329,0.001581,-0.001945,0.000173,0.000174,2023-10-04T12:00:00Z
2023-09-06,0.007909,-0.006111,-0.000789,-0.004917,-0.003919,0.000174,2023-10-04T12:00:00Z
2023-09-07,0.002131,0.007634,-0.004302,0.003766,-0.009081,0.000174,2023-10-04T12:00:00Z
2023-09-08,-0.007398,-0.000208,-0.014062,-0.000625,0.002142,0.000174,2023-10-04T12:00:00Z
2023-09-11,0.00033,-0.001183,0.012175,0.00117,-0.004965,0.000174,2023-10-04T12:00:00Z
2023-09-12,0.0054,-0.009138,-0.00397,-0.001948,0.000481,0.000174,2023-10-04T12:00:00Z
2023-09-13,-0.010341,-0.005309,0.000681,0.005004,0.004834,0.000174,2023-10-04T12:00:00Z
2023-09-14,0.001882,-0.000836,-4e-06,-0.00453,0.000915,0.000175,2023-10-04T12:00:00Z
2023-09-15,-0.001213,-0.000781,-0.016914,-0.019179,0.00082,0.000175,2023-10-04T12:00:00Z
2023-09-18,0.00504,-0.000864,0.007809,0.000394,-0.000612,0.000175,2023-10-04T12:00:00Z
2023-09-19,0.011955,0.009931,4.9e-05,-0.001522,0.003664,0.000175,2023-10-04T12:00:00Z
2023-09-20,0.006276,-0.001161,-0.002058,0.002648,0.009843,0.000175,2023-10-04T12:00:00Z
2023-09-21,0.002663,0.004047,0.00309,-0.001233,0.003052,0.000175,2023-10-04T12:00:00Z
2023-09-22,0.019252,0.000972,0.001521,-0.005786,0.010442,0.000175,2023-10-04T12:00:00Z
2023-09-25,-0.002751,0.005128,-0.001751,0.006567,0.001577,0.000175,2023-10-04T12:00:00Z
2023-09-26,-0.003998,0.004967,-0.002154,-0.007581,-0.00147,0.000175,2023-10-04T12:00:00Z
2023-09-27,-0.009825,0.000972,-0.000136,0.00531,-0.006859,0.000175,2023-10-04T12:00:00Z
2023-09-28,-0.000538,0.002326,0.000706,-0.000691,0.003052,0.000175,2023-10-04T12:00:00Z
2023-09-29,0.004289,0.003927,-0.002452,-0.002747,-0.000454,0.000175,2023-10-04T12:00:00Z
2023-10-02,0.00483,-0.005582,-0.006408,-0.005388,-0.003806,0.000176,2023-11-04T12:00:00Z
2023-10-03,0.002882,0.014997,0.005283,0.00867,0.005397,0.000176,2023-11-04T12:00:00Z
2023-10-04,-0.010592,0.010968,0.007402,0.00129,-0.004638,0.000176,2023-11-04T12:00:00Z
2023-10-05,-0.002786,-0.004771,0.002312,0.004906,-0.001701,0.000176,2023-11-04T12:00:00Z
2023-10-06,0.001461,-0.003197,0.000347,0.003249,0.000129,0.000176,2023-11-04T12:00:00Z
2023-10-09,0.009237,0.011833,-0.001169,-0.006338,0.000385,0.000176,2023-11-04T12:00:00Z
2023-10-10,0.004774,0.006193,0.007238,-0.000117,-0.008541,0.000176,2023-11-04T12:00:00Z
2023-10-11,0.013998,0.007711,-0.006232,0.009972,-0.008446,0.000176,2023-11-04T12:00:00Z
2023-10-12,-0.002249,-0.003372,0.012792,-0.000655,0.004049,0.000176,2023-11-04T12:00:00Z
2023-10-13,-0.008205,0.008651,0.002239,-0.002356,0.005998,0.000176,2023-11-04T12:00:00Z
2023-10-16,-0.00815,0.008606,0.008817,0.001385,-0.004653,0.000176,2023-11-04T12:00:00Z
2023-10-17,-0.010787,0.004169,-0.002348,0.006831,0.002911,0.000176,2023-11-04T12:00:00Z
2023-10-18,-0.008697,-0.007542,-0.013249,-0.003101,0.000238,0.000176,2023-11-04T12:00:00Z
2023-10-19,0.011415,-0.003051,0.011995,-0.009907,0.005719,0.000177,2023-11-04T12:00:00Z
2023-10-20,0.009701,0.002762,-0.003867,0.004057,-0.008136,0.000177,2023-11-04T12:00:00Z
2023-10-23,-0.013138,0.008483,0.01001,0.008404,-0.000936,0.000177,2023-11-04T12:00:00Z
2023-10-24,-0.019698,0.000841,-0.000869,-0.006096,-0.001666,0.000177,2023-11-04T12:00:00Z
2023-10-25,0.005937,0.000214,-0.004982,0.006103,0.002229,0.000177,2023-11-04T12:00:00Z
2023-10-26,0.005417,-0.000416,-0.010078,-0.002759,0.005521,0.000177,2023-11-04T12:00:00Z
2023-10-27,0.007917,-0.004012,0.010848,-0.003842,0.001447,0.000177,2023-11-04T12:00:00Z
2023-10-30,-0.013428,-0.002544,-0.011816,-0.003087,0.005205,0.000177,2023-11-04T12:00:00Z
2023-10-31,0.005776,0.002071,-0.007891,-0.004059,-0.003727,0.000177,2023-11-04T12:00:00Z
2023-11-01,-0.003674,-0.000484,-0.003615,0.001609,0.000102,0.000177,2023-12-04T12:00:00Z
2023-11-02,-0.011173,-0.00119,-0.001884,-0.003711,0.002618,0.000177,2023-12-04T12:00:00Z
2023-11-03,0.004285,0.007736,-0.001536,-0.001312,0.010439,0.000177,2023-12-04T12:00:00Z
2023-11-06,0.000752,0.001929,0.013174,0.005184,-0.00054,0.000177,2023-12-04T12:00:00Z
2023-11-07,0.003121,-0.004625,0.000326,0.003355,0.008155,0.000178,2023-12-04T12:00:00Z
2023-11-08,0.008141,-0.001451,0.009505,0.002822,0.000514,0.000178,2023-12-04T12:00:00Z
2023-11-09,-0.007163,0.014603,-0.001168,-0.001967,-0.003319,0.000178,2023-12-04T12:00:00Z
2023-11-10,-0.001648,0.003958,-0.009337,0.004165,-0.002738,0.000178,2023-12-04T12:00:00Z
2023-11-13,0.003534,-0.002289,0.000257,-0.001317,-0.003862,0.000178,2023-12-04T12:00:00Z
2023-11-14,0.002016,-0.005669,0.009299,0.006363,0.00144,0.000178,2023-12-04T12:00:00Z
2023-11-15,0.001514,-0.001012,-0.009296,0.008713,-0.005335,0.000178,2023-12-04T12:00:00Z
2023-11-16,0.00078,-0.007281,-0.002794,2.4e-05,0.00641,0.000178,2023-12-04T12:00:00Z
2023-11-17,-0.00717,0.004746,-0.010475,-0.001755,0.00813,0.000178,2023-12-04T12:00:00Z
2023-11-20,-0.024516,0.000121,-0.004092,-0.002604,0.00222,0.000178,2023-12-04T12:00:00Z
2023-11-21,-0.005905,0.002182,0.001205,-0.003885,0.004648,0.000178,2023-12-04T12:00:00Z
2023-11-22,0.000867,0.002183,0.006781,-0.005592,0.006088,0.000178,2023-12-04T12:00:00Z
2023-11-23,0.003222,0.002642,0.005666,-0.004894,-0.000326,0.000179,2023-12-04T12:00:00Z
2023-11-24,-0.003615,-0.001073,-0.002,0.001009,0.004843,0.000179,2023-12-04T12:00:00Z
2023-11-27,0.02385,0.002672,0.006816,0.000332,0.006917,0.000179,2023-12-04T12:00:00Z
2023-11-28,-0.008818,0.004258,0.005278,0.005492,-0.001315,0.000179,2023-12-04T12:00:00Z
2023-11-29,-0.0098,-0.006533,-0.000537,-0.007438,-0.004853,0.000179,2023-12-04T12:00:00Z
2023-11-30,-0.011433,-0.007016,-0.009472,-0.002108,-0.000271,0.000179,2023-12-04T12:00:00Z
2023-12-01,0.001834,-0.001953,0.002547,0.008615,0.000982,0.000179,2024-01-04T12:00:00Z
2023-12-04,0.007555,0.010191,0.005973,0.004746,-0.008092,0.000179,2024-01-04T12:00:00Z
2023-12-05,-0.008442,0.002126,0.002576,-0.002817,-0.008189,0.000179,2024-01-04T12:00:00Z
2023-12-06,0.000132,-0.004373,-0.000901,0.002899,0.002663,0.000179,2024-01-04T12:00:00Z
2023-12-07,0.004139,0.017225,0.005194,-0.002697,0.00101,0.000179,2024-01-04T12:00:00Z
2023-12-08,0.004581,0.004301,0.004186,-7.5e-05,-0.000967,0.000179,2024-01-04T12:00:00Z
2023-12-11,-0.004101,-0.002812,-0.005584,0.002369,0.003054,0.000179,2024-01-04T12:00:00Z
2023-12-12,-0.003226,0.004136,0.004617,-0.000968,0.007964,0.00018,2024-01-04T12:00:00Z
2023-12-13,-0.027605,-0.005794,-0.002566,-0.00073,-0.002685,0.00018,2024-01-04T12:00:00Z
2023-12-14,0.009967,0.002472,-0.000245,-0.004437,0.008229,0.00018,2024-01-04T12:00:00Z
2023-12-15,-0.016056,0.005176,0.005994,-0.002244,-0.000315,0.00018,2024-01-04T12:00:00Z
2023-12-18,0.01161,0.000631,0.004299,-0.007994,-6.1e-05,0.00018,2024-01-04T12:00:00Z
2023-12-19,-0.012219,0.006885,-0.005694,0.00717,-0.000893,0.00018,2024-01-04T12:00:00Z
2023-12-20,-0.002738,-0.008036,-0.002052,-0.007061,-0.005261,0.00018,2024-01-04T12:00:00Z
2023-12-21,0.022173,0.006571,0.005858,-0.008584,0.003701,0.00018,2024-01-04T12:00:00Z
2023-12-22,0.000455,0.001324,-0.001677,0.008925,0.004986,0.00018,2024-01-04T12:00:00Z
2023-12-25,-0.003787,0.004995,-0.01187,0.003113,0.004712,0.00018,2024-01-04T12:00:00Z
2023-12-26,-0.011033,0.000808,-0.002983,0.007615,-0.001301,0.00018,2024-01-04T12:00:00Z
2023-12-27,0.006319,0.002889,-0.001836,0.000118,0.00169,0.00018,2024-01-04T12:00:00Z
2023-12-28,0.001713,-0.001615,0.000508,-0.000421,-0.001442,0.000181,2024-01-04T12:00:00Z
2023-12-29,-0.016989,0.000111,0.013949,-0.007221,0.010926,0.000181,2024-01-04T12:00:00Z
2024-01-01,0.023966,-0.000525,-0.002469,-0.005298,-0.003734,0.000181,2024-02-04T12:00:00Z
2024-01-02,-0.001451,0.001506,-0.006074,-0.001673,-0.002547,0.000181,2024-02-04T12:00:00Z
2024-01-03,0.000941,-0.001493,-0.005107,-0.000259,0.012306,0.000181,2024-02-04T12:00:00Z
2024-01-04,-0.000996,-0.002263,-0.001033,-0.003825,-0.001736,0.000181,2024-02-04T12:00:00Z
2024-01-05,-0.003626,0.007533,-0.011805,-0.00364,0.002186,0.000181,2024-02-04T12:00:00Z
2024-01-08,0.009251,0.010311,-0.004717,0.000439,0.001024,0.000181,2024-02-04T12:00:00Z
2024-01-09,0.00475,0.003541,-0.0,0.003877,-0.000629,0.000181,2024-02-04T12:00:00Z
2024-01-10,0.004309,0.003681,-0.023225,0.006572,-0.003256,0.000181,2024-02-04T12:00:00Z
2024-01-11,0.000773,0.004425,0.001329,0.005292,-0.000578,0.000181,2024-02-04T12:00:00Z
2024-01-12,0.011778,-0.008315,0.002702,0.002822,-0.002065,0.000181,2024-02-04T12:00:00Z
2024-01-15,0.011065,0.017231,0.004852,-0.003534,-0.001504,0.000181,2024-02-04T12:00:00Z
2024-01-16,0.007481,-0.000756,-0.007982,0.002439,0.003154,0.000182,2024-02-04T12:00:00Z
2024-01-17,-0.002955,-0.007226,0.008916,-0.004048,0.005771,0.000182,2024-02-04T12:00:00Z
2024-01-18,0.009238,-0.001334,-0.000171,0.005624,-0.004616,0.000182,2024-02-04T12:00:00Z
2024-01-19,-0.008115,0.003832,0.006986,0.004586,0.004638,0.000182,2024-02-04T12:00:00Z
2024-01-22,-0.003155,-0.001721,0.008804,-0.010827,-0.005895,0.000182,2024-02-04T12:00:00Z
2024-01-23,0.012997,-0.000296,0.003724,0.010754,0.002426,0.000182,2024-02-04T12:00:00Z
2024-01-24,-0.001213,-0.006767,0.011305,0.000108,-0.00051,0.000182,2024-02-04T12:00:00Z
2024-01-25,-0.016148,-0.00222,-0.009556,-0.004147,-0.000481,0.000182,2024-02-04T12:00:00Z
2024-01-26,0.011471,-0.000368,-0.002632,0.003966,0.001211,0.000182,2024-02-04T12:00:00Z
2024-01-29,0.002842,0.005412,0.009753,0.000262,-0.000274,0.000182,2024-02-04T12:00:00Z
2024-01-30,-0.006562,-0.00195,-0.003974,-0.002752,-0.004499,0.000182,2024-02-04T12:00:00Z
2024-01-31,-0.000986,0.002295,0.012102,0.00347,-0.002833,0.000182,2024-02-04T12:00:00Z
2024-02-01,-0.003164,0.000507,0.002217,-0.000295,0.002078,0.000183,2024-03-04T12:00:00Z
2024-02-02,0.007578,0.000578,0.005022,-0.003908,-0.003528,0.000183,2024-03-04T12:00:00Z
2024-02-05,0.022084,0.011393,-0.009946,0.00091,0.003304,0.000183,2024-03-04T12:00:00Z
2024-02-06,0.012519,0.003659,-0.001297,0.003827,-0.001866,0.000183,2024-03-04T12:00:00Z
2024-02-07,0.008652,-8e-05,-0.006136,0.001709,0.007157,0.000183,2024-03-04T12:00:00Z
2024-02-08,-0.00409,-6.6e-05,-0.009143,-0.001057,-0.003069,0.000183,2024-03-04T12:00:00Z
2024-02-09,-0.01573,-0.010692,0.002343,0.007969,-0.0041,0.000183,2024-03-04T12:00:00Z
2024-02-12,-0.014484,0.006311,0.002432,-0.004138,-0.001792,0.000183,2024-03-04T12:00:00Z
2024-02-13,-0.009632,-5.2e-05,-0.016517,0.003605,-0.001386,0.000183,2024-03-04T12:00:00Z
2024-02-14,0.016389,-0.000746,0.013886,0.004158,-0.006331,0.000183,2024-03-04T12:00:00Z
2024-02-15,-0.003504,0.002619,-0.000541,0.006963,0.00644,0.000183,2024-03-04T12:00:00Z
2024-02-16,0.003722,0.003923,-0.002439,-0.007303,-0.007455,0.000183,2024-03-04T12:00:00Z
2024-02-19,-0.005596,0.006923,-0.002395,0.001704,-0.003418,0.000183,2024-03-04T12:00:00Z
2024-02-20,-0.008386,0.000446,-0.004562,-0.00955,-0.00134,0.000184,2024-03-04T12:00:00Z
2024-02-21,-0.006575,-0.000778,-0.004442,-0.006789,0.006615,0.000184,2024-03-04T12:00:00Z
2024-02-22,0.008144,0.006133,-0.002102,-0.001137,-0.004556,0.000184,2024-03-04T12:00:00Z
2024-02-23,-0.011185,0.010539,0.004023,-0.004986,-0.005774,0.000184,2024-03-04T12:00:00Z
2024-02-26,-0.002046,-0.008722,-0.003683,0.007971,0.001239,0.000184,2024-03-04T12:00:00Z
2024-02-27,-0.013059,0.006049,-0.000605,0.001443,-0.008815,0.000184,2024-03-04T12:00:00Z
2024-02-28,-0.000825,0.010014,-0.001237,0.001979,0.004012,0.000184,2024-03-04T12:00:00Z
2024-02-29,0.007989,-0.004676,0.005899,0.003784,-5.2e-05,0.000184,2024-03-04T12:00:00Z
2024-03-01,-0.006445,-0.005436,0.013955,-0.003213,0.006638,0.000184,2024-04-04T12:00:00Z
2024-03-04,0.007883,0.001533,-0.009389,-0.013367,0.000317,0.000184,2024-04-04T12:00:00Z
2024-03-05,0.012252,-0.005357,0.00632,0.002545,0.001927,0.000184,2024-04-04T12:00:00Z
2024-03-06,-0.004412,-0.008137,0.001693,-0.001135,-0.004448,0.000184,2024-04-04T12:00:00Z
2024-03-07,0.0035,0.000163,0.005084,0.00127,-0.003345,0.000184,2024-04-04T12:00:00Z
2024-03-08,-0.001124,-0.008253,-0.005497,-0.009138,0.008244,0.000185,2024-04-04T12:00:00Z
2024-03-11,0.007322,0.003899,0.001741,-0.000317,0.004337,0.000185,2024-04-04T12:00:00Z
2024-03-12,0.005978,0.007894,-0.004631,0.011331,0.001407,0.000185,2024-04-04T12:00:00Z
2024-03-13,0.000247,0.000298,0.015605,0.014541,-0.000394,0.000185,2024-04-04T12:00:00Z
2024-03-14,0.002996,0.001099,-0.003286,0.002207,-0.000375,0.000185,2024-04-04T12:00:00Z
2024-03-15,-0.01121,-0.007561,-0.001583,0.00311,0.000285,0.000185,2024-04-04T12:00:00Z
2024-03-18,0.006071,0.000555,-0.012033,-0.005741,-0.002387,0.000185,2024-04-04T12:00:00Z
2024-03-19,0.002611,0.005102,0.00167,-0.000503,0.009426,0.000185,2024-04-04T12:00:00Z
2024-03-20,0.008829,-0.002304,-0.004838,-0.005004,-0.012793,0.000185,2024-04-04T12:00:00Z
2024-03-21,-0.003498,0.006663,0.012206,-0.002329,-0.009492,0.000185,2024-04-04T12:00:00Z
2024-03-22,0.004029,-0.005599,-0.007687,-0.000366,-0.004954,0.000185,2024-04-04T12:00:00Z
2024-03-25,0.015343,-0.008666,0.010278,-0.002858,0.003658,0.000185,2024-04-04T12:00:00Z
2024-03-26,-0.003701,-0.003491,-0.002839,9.1e-05,0.00346,0.000186,2024-04-04T12:00:00Z
2024-03-27,0.000233,0.005668,0.001407,0.001096,-0.006036,0.000186,2024-04-04T12:00:00Z
2024-03-28,-0.011723,-0.006382,-0.011172,-0.003576,-0.000343,0.000186,2024-04-04T12:00:00Z
2024-03-29,-0.003297,-0.002358,0.006223,0.001297,-0.001107,0.000186,2024-04-04T12:00:00Z
2024-04-01,0.008731,0.002385,0.006845,-0.009252,-0.000822,0.000186,2024-05-04T12:00:00Z
2024-04-02,-0.002905,-0.004644,0.006659,0.000718,0.007998,0.000186,2024-05-04T12:00:00Z
2024-04-03,-0.014077,-0.001562,-0.001005,0.00908,-0.000756,0.000186,2024-05-04T12:00:00Z
2024-04-04,0.010594,0.006583,-0.000706,0.004921,0.00318,0.000186,2024-05-04T12:00:00Z
2024-04-05,0.002621,-0.005589,0.004136,0.003416,0.008069,0.000186,2024-05-04T12:00:00Z
2024-04-08,-0.026171,0.002602,-0.001711,-0.001577,0.003653,0.000186,2024-05-04T12:00:00Z
2024-04-09,-0.003347,0.00553,-0.004503,0.00684,0.000912,0.000186,2024-05-04T12:00:00Z
2024-04-10,-0.007306,0.012614,0.001169,0.00433,-0.002148,0.000186,2024-05-04T12:00:00Z
2024-04-11,-0.016267,-0.002461,-0.000154,0.001215,0.003728,0.000186,2024-05-04T12:00:00Z
2024-04-12,-0.010589,-0.003254,0.001771,0.001231,0.00425,0.000187,2024-05-04T12:00:00Z
2024-04-15,0.008464,0.006217,-0.009329,6.2e-05,-0.007537,0.000187,2024-05-04T12:00:00Z
2024-04-16,0.009314,0.001518,-0.0004,-0.005265,0.002157,0.000187,2024-05-04T12:00:00Z
2024-04-17,0.005536,0.000821,0.002288,0.001475,0.003928,0.000187,2024-05-04T12:00:00Z
2024-04-18,-0.009294,-0.004254,-0.000673,0.003729,-0.000539,0.000187,2024-05-04T12:00:00Z
2024-04-19,-0.005551,0.002787,-0.003961,0.00395,-0.001747,0.000187,2024-05-04T12:00:00Z
2024-04-22,-0.005389,-0.01132,-0.0014,-0.000734,-0.002743,0.000187,2024-05-04T12:00:00Z
2024-04-23,0.01016,-0.000908,-0.000784,0.004994,0.000713,0.000187,2024-05-04T12:00:00Z
2024-04-24,-0.006955,0.007154,-0.005239,-0.000112,-0.002529,0.000187,2024-05-04T12:00:00Z
2024-04-25,0.021621,0.008018,0.005241,0.001944,-0.006683,0.000187,2024-05-04T12:00:00Z
2024-04-26,-0.004366,0.008187,-0.011777,-0.00345,0.006555,0.000187,2024-05-04T12:00:00Z
2024-04-29,0.010894,0.005354,-0.000784,-0.005168,0.00177,0.000187,2024-05-04T12:00:00Z
2024-04-30,0.022084,0.003694,-0.003047,-0.007768,0.004456,0.000188,2024-05-04T12:00:00Z
2024-05-01,-0.003319,-0.000494,0.007396,-0.007197,0.0067,0.000188,2024-06-04T12:00:00Z
2024-05-02,-0.005801,0.001729,0.012707,0.008137,-0.000508,0.000188,2024-06-04T12:00:00Z
2024-05-03,0.00562,-0.00722,0.00315,-0.003048,-0.003022,0.000188,2024-06-04T12:00:00Z
2024-05-06,0.015807,0.010402,0.005325,0.010186,-0.004962,0.000188,2024-06-04T12:00:00Z
2024-05-07,0.001904,0.002987,-0.005379,0.005627,-0.000388,0.000188,2024-06-04T12:00:00Z
2024-05-08,0.00127,-0.013225,-0.000461,0.003399,-0.001702,0.000188,2024-06-04T12:00:00Z
2024-05-09,0.002724,-0.002286,-0.004393,0.000418,0.000968,0.000188,2024-06-04T12:00:00Z
2024-05-10,-0.015103,0.005613,-0.002317,-0.003084,0.00271,0.000188,2024-06-04T12:00:00Z
2024-05-13,0.021131,0.00949,-0.000867,-0.004441,0.005956,0.000188,2024-06-04T12:00:00Z
2024-05-14,-0.009311,0.002276,-0.000941,-0.002866,0.003029,0.000188,2024-06-04T12:00:00Z
2024-05-15,0.016351,0.005689,-0.008243,0.000331,0.005263,0.000188,2024-06-04T12:00:00Z
2024-05-16,-0.026208,0.007091,-0.004845,-0.007161,0.006627,0.000188,2024-06-04T12:00:00Z
2024-05-17,0.005156,-0.001458,0.002255,-0.003535,-0.007247,0.000189,2024-06-04T12:00:00Z
2024-05-20,0.009925,0.011111,0.00539,-0.005414,0.004072,0.000189,2024-06-04T12:00:00Z
2024-05-21,0.015936,-0.000835,0.009015,0.000212,0.00037,0.000189,2024-06-04T12:00:00Z
2024-05-22,-0.009269,0.00456,0.004438,-0.003352,0.004152,0.000189,2024-06-04T12:00:00Z
2024-05-23,0.004945,-0.005278,0.010836,-0.002326,-9.9e-05,0.000189,2024-06-04T12:00:00Z
2024-05-24,0.005052,-0.008898,-0.004358,-0.001782,-0.001278,0.000189,2024-06-04T12:00:00Z
2024-05-27,0.016511,-0.006151,-0.004433,-0.002526,-0.001028,0.000189,2024-06-04T12:00:00Z
2024-05-28,0.001991,-0.005439,0.001308,0.003803,-0.005107,0.000189,2024-06-04T12:00:00Z
2024-05-29,-0.004048,-0.000628,-0.002112,-0.0008,-0.00152,0.000189,2024-06-04T12:00:00Z
2024-05-30,-0.009684,0.001345,-0.000286,-0.006556,-0.00161,0.000189,2024-06-04T12:00:00Z
2024-05-31,-0.010907,-0.006012,0.000336,-0.000474,0.011648,0.000189,2024-06-04T12:00:00Z
2024-06-03,-0.015658,0.003068,0.000405,-0.002679,0.001502,0.000189,2024-07-04T12:00:00Z
2024-06-04,0.000212,0.004685,0.001415,0.002832,0.006989,0.00019,2024-07-04T12:00:00Z
2024-06-05,0.012878,0.002923,0.01103,-0.005021,0.002635,0.00019,2024-07-04T12:00:00Z
2024-06-06,-0.002842,0.002186,0.012588,0.007948,-0.013014,0.00019,2024-07-04T12:00:00Z
2024-06-07,0.000978,0.007111,0.008376,0.005587,-0.005308,0.00019,2024-07-04T12:00:00Z
2024-06-10,0.021201,0.005532,0.000903,-0.000429,-0.002579,0.00019,2024-07-04T12:00:00Z
2024-06-11,-0.0055,-0.006509,0.000125,-0.003816,-0.001071,0.00019,2024-07-04T12:00:00Z
2024-06-12,0.011365,-0.006389,0.007896,0.004087,-0.001601,0.00019,2024-07-04T12:00:00Z
2024-06-13,0.000397,0.009427,0.000203,0.003745,-0.00224,0.00019,2024-07-04T12:00:00Z
2024-06-14,0.011137,0.002453,0.006267,-0.001878,-0.003646,0.00019,2024-07-04T12:00:00Z
2024-06-17,0.010141,0.000713,-0.015965,-0.000643,0.003786,0.00019,2024-07-04T12:00:00Z
2024-06-18,-0.009949,-0.001746,-0.00373,0.003706,0.004428,0.00019,2024-07-04T12:00:00Z
2024-06-19,-0.002938,0.005328,-0.002443,-0.002443,-7.7e-05,0.00019,2024-07-04T12:00:00Z
2024-06-20,0.010781,-0.0011,-0.006317,0.006942,0.004695,0.00019,2024-07-04T12:00:00Z
2024-06-21,0.011965,0.007232,-0.001235,-0.00322,0.000746,0.000191,2024-07-04T12:00:00Z
2024-06-24,0.002238,0.002674,0.001494,0.007652,0.007191,0.000191,2024-07-04T12:00:00Z
2024-06-25,-0.01019,-0.000146,-0.00053,0.003205,-0.007409,0.000191,2024-07-04T12:00:00Z
2024-06-26,-0.004405,-0.002399,-0.007232,-0.00222,-3.4e-05,0.000191,2024-07-04T12:00:00Z
2024-06-27,0.006286,-0.001106,-0.009506,-0.004316,-0.000477,0.000191,2024-07-04T12:00:00Z
2024-06-28,0.001409,0.010935,-0.005946,-0.004292,0.003676,0.000191,2024-07-04T12:00:00Z
2024-07-01,-0.000795,-0.0077,0.000558,0.003558,0.000152,0.000191,2024-08-04T12:00:00Z
2024-07-02,0.001748,-0.006242,-0.003103,0.004382,-0.010209,0.000191,2024-08-04T12:00:00Z
2024-07-03,0.029154,-0.001357,0.006939,-0.001935,0.000193,0.000191,2024-08-04T12:00:00Z
2024-07-04,-0.003661,-0.007814,0.000592,0.000636,-0.005678,0.000191,2024-08-04T12:00:00Z
2024-07-05,-0.003473,0.007048,-0.002511,-0.003755,0.007503,0.000191,2024-08-04T12:00:00Z
2024-07-08,-0.009353,-0.002002,-0.004933,-0.003771,0.010377,0.000191,2024-08-04T12:00:00Z
2024-07-09,-0.020236,0.006758,-0.003933,-0.001658,0.000491,0.000191,2024-08-04T12:00:00Z
2024-07-10,-6.2e-05,3.8e-05,-0.001087,-0.001536,-0.007371,0.000192,2024-08-04T12:00:00Z
2024-07-11,-0.009801,-0.000693,-0.003173,-0.00525,0.007953,0.000192,2024-08-04T12:00:00Z
2024-07-12,-0.013969,0.002469,0.003886,-0.001,-0.003481,0.000192,2024-08-04T12:00:00Z
2024-07-15,0.016059,-0.009312,-0.00511,-0.003397,0.006148,0.000192,2024-08-04T12:00:00Z
2024-07-16,-0.006982,0.006976,0.009531,0.002984,-0.006964,0.000192,2024-08-04T12:00:00Z
2024-07-17,7.8e-05,-0.007701,-0.002105,0.003731,0.002726,0.000192,2024-08-04T12:00:00Z
2024-07-18,0.002636,0.009015,0.00279,-0.000706,0.007367,0.000192,2024-08-04T12:00:00Z
2024-07-19,-0.001568,0.008137,-0.005617,-0.000859,-0.003958,0.000192,2024-08-04T12:00:00Z
2024-07-22,-0.004024,-0.004698,0.006351,0.001822,0.003392,0.000192,2024-08-04T12:00:00Z
2024-07-23,0.018687,0.009648,-0.002489,0.006122,0.00061,0.000192,2024-08-04T12:00:00Z
2024-07-24,-0.009247,-0.009485,-0.001457,-0.006902,-0.003369,0.000192,2024-08-04T12:00:00Z
2024-07-25,-0.010804,0.005585,0.009032,-0.000326,-0.004504,0.000192,2024-08-04T12:00:00Z
2024-07-26,-0.017379,0.001949,-0.000201,-0.011838,-0.002989,0.000193,2024-08-04T12:00:00Z
2024-07-29,-0.004331,0.006126,-0.002541,-0.002382,-0.006277,0.000193,2024-08-04T12:00:00Z
2024-07-30,-0.001898,0.001454,-0.002216,0.001455,-0.002568,0.000193,2024-08-04T12:00:00Z
2024-07-31,0.011418,-0.006211,0.002554,-0.005119,0.00016,0.000193,2024-08-04T12:00:00Z
2024-08-01,0.002876,0.004765,-0.001812,-0.00307,-0.008643,0.000193,2024-09-04T12:00:00Z
2024-08-02,-0.003026,-0.00393,0.004606,-0.005313,-0.0079,0.000193,2024-09-04T12:00:00Z
2024-08-05,-0.004442,-0.00075,-0.00122,0.005156,0.006051,0.000193,2024-09-04T12:00:00Z
2024-08-06,-0.003684,-0.002444,0.000826,-0.00595,0.001986,0.000193,2024-09-04T12:00:00Z
2024-08-07,-0.004282,6.5e-05,0.000946,-0.003688,-0.003416,0.000193,2024-09-04T12:00:00Z
2024-08-08,-0.008277,-0.005336,-0.012558,-0.004029,0.012563,0.000193,2024-09-04T12:00:00Z
2024-08-09,0.002883,-0.003417,-0.003589,-0.00162,0.002817,0.000193,2024-09-04T12:00:00Z
2024-08-12,0.008938,0.002775,0.003598,0.000681,-0.000469,0.000193,2024-09-04T12:00:00Z
2024-08-13,-0.00829,0.006659,-0.00319,-0.006814,0.003256,0.000193,2024-09-04T12:00:00Z
2024-08-14,-0.006709,-0.005372,-0.007422,0.000952,0.003848,0.000194,2024-09-04T12:00:00Z
2024-08-15,0.014285,0.007263,0.004387,0.008681,-0.004107,0.000194,2024-09-04T12:00:00Z
2024-08-16,0.004707,0.00131,0.002892,0.002389,-0.002709,0.000194,2024-09-04T12:00:00Z
2024-08-19,-0.002922,-0.0025,7.7e-05,0.001305,-0.003009,0.000194,2024-09-04T12:00:00Z
2024-08-20,0.001627,-0.004974,0.010217,0.004136,0.002893,0.000194,2024-09-04T12:00:00Z
2024-08-21,0.00823,0.000879,0.001404,-0.003639,-0.000765,0.000194,2024-09-04T12:00:00Z
2024-08-22,-0.02629,0.010675,0.006176,-0.002368,0.00505,0.000194,2024-09-04T12:00:00Z
2024-08-23,0.007581,-0.000697,-0.000292,-0.01347,0.00353,0.000194,2024-09-04T12:00:00Z
2024-08-26,0.01191,0.003308,-0.00968,0.003172,0.001382,0.000194,2024-09-04T12:00:00Z
2024-08-27,-0.002738,-0.001513,0.005166,-0.00777,0.009885,0.000194,2024-09-04T12:00:00Z
2024-08-28,0.015243,-0.002658,-0.003873,-0.004955,-0.006333,0.000194,2024-09-04T12:00:00Z
2024-08-29,-0.003924,-0.002114,-0.002375,-7.1e-05,0.001873,0.000194,2024-09-04T12:00:00Z
2024-08-30,-0.00208,0.001752,0.01283,0.003895,0.005469,0.000195,2024-09-04T12:00:00Z
2024-09-02,-0.031771,0.002152,-0.005578,0.000429,0.001488,0.000195,2024-10-04T12:00:00Z
2024-09-03,-0.003589,0.001802,-0.007002,-0.009688,-0.001803,0.000195,2024-10-04T12:00:00Z
2024-09-04,0.009973,-0.001111,0.000359,0.000537,-0.008109,0.000195,2024-10-04T12:00:00Z
2024-09-05,0.01692,4.3e-05,-0.003605,0.009208,0.00345,0.000195,2024-10-04T12:00:00Z
2024-09-06,0.011164,-0.002426,0.004227,0.001763,0.002503,0.000195,2024-10-04T12:00:00Z
2024-09-09,0.01249,-0.00213,0.002944,0.002456,0.002082,0.000195,2024-10-04T12:00:00Z
2024-09-10,0.000491,-0.004202,0.004416,-0.00162,0.003464,0.000195,2024-10-04T12:00:00Z
2024-09-11,0.024325,-0.000275,-0.002884,0.001789,0.004903,0.000195,2024-10-04T12:00:00Z
2024-09-12,0.000681,-0.003073,0.007186,0.003783,-0.000992,0.000195,2024-10-04T12:00:00Z
2024-09-13,-0.010424,0.002466,-0.008219,-0.004789,-0.01351,0.000195,2024-10-04T12:00:00Z
2024-09-16,0.017423,0.000462,0.0008,-0.006686,0.002964,0.000195,2024-10-04T12:00:00Z
2024-09-17,-0.011134,-0.000554,-0.003379,-0.00035,-0.005089,0.000195,2024-10-04T12:00:00Z
2024-09-18,-0.02374,-0.002511,-0.006267,0.000875,-0.006011,0.000196,2024-10-04T12:00:00Z
2024-09-19,0.0108,-0.000758,-0.011063,0.001332,-0.002466,0.000196,2024-10-04T12:00:00Z
2024-09-20,-0.003301,-0.004636,1.6e-05,-0.000657,0.002712,0.000196,2024-10-04T12:00:00Z
2024-09-23,0.002418,-0.000187,0.002753,0.006828,0.001458,0.000196,2024-10-04T12:00:00Z
2024-09-24,0.009305,0.000432,0.005276,0.000843,-0.003099,0.000196,2024-10-04T12:00:00Z
2024-09-25,-0.032675,0.001049,-0.010726,0.001978,-0.006806,0.000196,2024-10-04T12:00:00Z
2024-09-26,-0.003221,-0.010067,0.000524,-0.000235,-0.000954,0.000196,2024-10-04T12:00:00Z
2024-09-27,-0.011468,-0.00726,0.004866,0.000551,0.001023,0.000196,2024-10-04T12:00:00Z
2024-09-30,0.01079,0.010786,0.013591,-0.001874,0.002081,0.000196,2024-10-04T12:00:00Z
2024-10-01,-0.005085,-0.000314,-0.010711,0.00395,-0.003786,0.000196,2024-11-04T12:00:00Z
2024-10-02,-0.00348,4.5e-05,-0.001176,-0.00109,-0.009475,0.000196,2024-11-04T12:00:00Z
2024-10-03,-0.001962,0.005632,-0.000714,-0.000188,0.004058,0.000196,2024-11-04T12:00:00Z
2024-10-04,-0.009434,-0.003752,0.010567,0.001766,-0.0049,0.000197,2024-11-04T12:00:00Z
2024-10-07,-0.002157,-0.007335,0.012507,0.004303,-0.010118,0.000197,2024-11-04T12:00:00Z
2024-10-08,-0.018495,0.00549,0.001332,0.010559,0.000968,0.000197,2024-11-04T12:00:00Z
2024-10-09,-0.001501,0.001759,0.002909,-0.005438,0.002356,0.000197,2024-11-04T12:00:00Z
2024-10-10,-0.018171,0.001378,-0.003411,-0.000323,-0.002708,0.000197,2024-11-04T12:00:00Z
2024-10-11,-0.007059,0.008488,0.007266,0.011687,0.003406,0.000197,2024-11-04T12:00:00Z
2024-10-14,0.002181,0.002376,-0.001744,0.005566,-0.001184,0.000197,2024-11-04T12:00:00Z
2024-10-15,-0.011294,0.005196,-0.00637,-0.005651,-0.002412,0.000197,2024-11-04T12:00:00Z
2024-10-16,0.003164,-0.007452,0.003648,0.003067,-0.002359,0.000197,2024-11-04T12:00:00Z
2024-10-17,-0.002831,-0.00552,-0.007613,0.001651,-0.007998,0.000197,2024-11-04T12:00:00Z
2024-10-18,-0.010982,-0.005428,-0.006414,0.007571,0.004263,0.000197,2024-11-04T12:00:00Z
2024-10-21,0.007372,0.00119,0.004232,-0.004295,-0.010911,0.000197,2024-11-04T12:00:00Z
2024-10-22,-0.001072,-0.002015,0.014083,-0.002014,-0.001335,0.000197,2024-11-04T12:00:00Z
2024-10-23,-0.003188,0.007636,-0.004376,0.00045,-0.005654,0.000198,2024-11-04T12:00:00Z
2024-10-24,0.017514,0.006673,-0.007219,-0.000958,0.000316,0.000198,2024-11-04T12:00:00Z
2024-10-25,0.015142,-0.001884,0.00106,0.001911,0.001185,0.000198,2024-11-04T12:00:00Z
2024-10-28,-0.007322,-0.003637,-0.001776,-0.011999,0.005896,0.000198,2024-11-04T12:00:00Z
2024-10-29,0.005102,-0.001949,0.000388,-0.006285,-0.003757,0.000198,2024-11-04T12:00:00Z
2024-10-30,0.016965,0.001813,-0.002705,0.001371,0.002061,0.000198,2024-11-04T12:00:00Z
2024-10-31,-0.011959,-0.00178,0.005625,0.002797,0.001251,0.000198,2024-11-04T12:00:00Z
2024-11-01,0.021406,-0.000105,-0.00748,0.002729,-0.000843,0.000198,2024-12-04T12:00:00Z
2024-11-04,-0.003449,-0.001283,-0.007433,0.00627,-0.001885,0.000198,2024-12-04T12:00:00Z
2024-11-05,-0.002919,0.00571,-0.00473,-0.004014,0.002754,0.000198,2024-12-04T12:00:00Z
2024-11-06,0.00378,0.002244,-0.000887,-0.002612,-0.002081,0.000198,2024-12-04T12:00:00Z
2024-11-07,0.003864,0.002186,-0.003745,-0.001382,-0.000774,0.000198,2024-12-04T12:00:00Z
2024-11-08,0.009935,0.000258,0.002429,-0.00053,0.006285,0.000198,2024-12-04T12:00:00Z
2024-11-11,0.008263,0.001514,0.009177,-0.000842,-0.002392,0.000199,2024-12-04T12:00:00Z
2024-11-12,0.002215,0.005599,0.002493,0.007084,0.001646,0.000199,2024-12-04T12:00:00Z
2024-11-13,0.001468,-0.006199,-0.010989,0.007437,-0.004487,0.000199,2024-12-04T12:00:00Z
2024-11-14,-0.011185,0.000143,-0.002761,-0.000941,-0.002909,0.000199,2024-12-04T12:00:00Z
2024-11-15,-0.00652,-0.004579,0.004874,0.001704,0.001756,0.000199,2024-12-04T12:00:00Z
2024-11-18,-0.01796,0.00256,-0.003825,0.008795,0.005869,0.000199,2024-12-04T12:00:00Z
2024-11-19,0.001754,0.002103,0.002795,0.001448,-0.002711,0.000199,2024-12-04T12:00:00Z
2024-11-20,0.027672,-0.001483,0.003152,-0.001525,-0.009463,0.000199,2024-12-04T12:00:00Z
2024-11-21,0.011811,0.001758,0.004599,0.002093,-0.00203,0.000199,2024-12-04T12:00:00Z
2024-11-22,0.001434,-0.000769,0.005242,-0.006115,0.005011,0.000199,2024-12-04T12:00:00Z
2024-11-25,-0.008906,-0.011407,0.007494,-0.001201,-0.005754,0.000199,2024-12-04T12:00:00Z
2024-11-26,-0.010503,0.000153,-0.008376,0.005097,-0.004615,0.000199,2024-12-04T12:00:00Z
2024-11-27,-0.000127,0.002981,-0.003252,0.004925,-0.000462,0.0002,2024-12-04T12:00:00Z
2024-11-28,0.013262,0.000444,-0.001665,0.007178,0.011047,0.0002,2024-12-04T12:00:00Z
2024-11-29,0.015667,-0.001628,0.011888,-0.003468,0.002722,0.0002,2024-12-04T12:00:00Z
2024-12-02,0.001317,0.013342,-0.007327,-0.003138,0.001493,0.0002,2025-01-04T12:00:00Z
2024-12-03,-0.005584,-0.004065,0.010933,0.000488,-0.004338,0.0002,2025-01-04T12:00:00Z
2024-12-04,-0.004732,0.008372,0.007184,0.000161,-0.003096,0.0002,2025-01-04T12:00:00Z
2024-12-05,-0.004032,-0.011186,0.006117,0.008773,0.003474,0.0002,2025-01-04T12:00:00Z
