date,series,level,vintage,kt
2020-01-31,industrial_production,98.3338,first,2020-02-14T09:30:00Z
2020-01-31,industrial_production,98.3933,revised,2020-03-16T09:30:00Z
2020-02-29,industrial_production,98.8635,first,2020-03-14T09:30:00Z
2020-02-29,industrial_production,99.3162,revised,2020-04-14T09:30:00Z
2020-03-31,industrial_production,98.8919,first,2020-04-14T09:30:00Z
2020-03-31,industrial_production,98.6883,revised,2020-05-15T09:30:00Z
2020-04-30,industrial_production,100.4419,first,2020-05-14T09:30:00Z
2020-04-30,industrial_production,100.026,revised,2020-06-14T09:30:00Z
2020-05-31,industrial_production,101.8463,first,2020-06-14T09:30:00Z
2020-05-31,industrial_production,101.5127,revised,2020-07-15T09:30:00Z
2020-06-30,industrial_production,102.2259,first,2020-07-14T09:30:00Z
2020-06-30,industrial_production,102.301,revised,2020-08-14T09:30:00Z
2020-07-31,industrial_production,103.3967,first,2020-08-14T09:30:00Z
2020-07-31,industrial_production,102.7129,revised,2020-09-14T09:30:00Z
2020-08-31,industrial_production,102.6829,first,2020-09-14T09:30:00Z
2020-08-31,industrial_production,102.4853,revised,2020-10-15T09:30:00Z
2020-09-30,industrial_production,103.7632,first,2020-10-14T09:30:00Z
2020-09-30,industrial_production,103.6697,revised,2020-11-14T09:30:00Z
2020-10-31,industrial_production,103.6297,first,2020-11-14T09:30:00Z
2020-10-31,industrial_production,103.5021,revised,2020-12-15T09:30:00Z
2020-11-30,industrial_production,103.0552,first,2020-12-14T09:30:00Z
2020-11-30,industrial_production,103.0321,revised,2021-01-14T09:30:00Z
2020-12-31,industrial_production,104.4345,first,2021-01-14T09:30:00Z
2020-12-31,industrial_production,104.5723,revised,2021-02-14T09:30:00Z
2021-01-31,industrial_production,105.1445,first,2021-02-14T09:30:00Z
2021-01-31,industrial_production,105.1954,revised,2021-03-17T09:30:00Z
2021-02-28,industrial_production,105.2011,first,2021-03-14T09:30:00Z
2021-02-28,industrial_production,105.3501,revised,2021-04-14T09:30:00Z
2021-03-31,industrial_production,107.0902,first,2021-04-14T09:30:00Z
2021-03-31,industrial_production,107.0684,revised,2021-05-15T09:30:00Z
2021-04-30,industrial_production,107.7338,first,2021-05-14T09:30:00Z
2021-04-30,industrial_production,107.5338,revised,2021-06-14T09:30:00Z
2021-05-31,industrial_production,107.8961,first,2021-06-14T09:30:00Z
2021-05-31,industrial_production,107.8092,revised,2021-07-15T09:30:00Z
2021-06-30,industrial_production,106.223,first,2021-07-14T09:30:00Z
2021-06-30,industrial_production,106.7706,revised,2021-08-14T09:30:00Z
2021-07-31,industrial_production,107.3339,first,2021-08-14T09:30:00Z
2021-07-31,industrial_production,107.4332,revised,2021-09-14T09:30:00Z
2021-08-31,industrial_production,106.453,first,2021-09-14T09:30:00Z
2021-08-31,industrial_production,106.2471,revised,2021-10-15T09:30:00Z
2021-09-30,industrial_production,105.2958,first,2021-10-14T09:30:00Z
2021-09-30,industrial_production,105.654,revised,2021-11-14T09:30:00Z
2021-10-31,industrial_production,105.2782,first,2021-11-14T09:30:00Z
2021-10-31,industrial_production,105.5035,revised,2021-12-15T09:30:00Z
2021-11-30,industrial_production,105.0202,first,2021-12-14T09:30:00Z
2021-11-30,industrial_production,104.769,revised,2022-01-14T09:30:00Z
2021-12-31,industrial_production,104.7768,first,2022-01-14T09:30:00Z
2021-12-31,industrial_production,104.6738,revised,2022-02-14T09:30:00Z
2022-01-31,industrial_production,103.887,first,2022-02-14T09:30:00Z
2022-01-31,industrial_production,103.6733,revised,2022-03-17T09:30:00Z
2022-02-28,industrial_production,103.4755,first,2022-03-14T09:30:00Z
2022-02-28,industrial_production,104.4072,revised,2022-04-14T09:30:00Z
2022-03-31,industrial_production,103.6107,first,2022-04-14T09:30:00Z
2022-03-31,industrial_production,103.3484,revised,2022-05-15T09:30:00Z
2022-04-30,industrial_production,104.1073,first,2022-05-14T09:30:00Z
2022-04-30,industrial_production,103.6145,revised,2022-06-14T09:30:00Z
2022-05-31,industrial_production,103.829,first,2022-06-14T09:30:00Z
2022-05-31,industrial_production,103.334,revised,2022-07-15T09:30:00Z
2022-06-30,industrial_production,102.8426,first,2022-07-14T09:30:00Z
2022-06-30,industrial_production,102.7814,revised,2022-08-14T09:30:00Z
2022-07-31,industrial_production,103.7238,first,2022-08-14T09:30:00Z
2022-07-31,industrial_production,103.4604,revised,2022-09-14T09:30:00Z
2022-08-31,industrial_production,104.3377,first,2022-09-14T09:30:00Z
2022-08-31,industrial_production,104.4035,revised,2022-10-15T09:30:00Z
2022-09-30,industrial_production,104.5057,first,2022-10-14T09:30:00Z
2022-09-30,industrial_production,104.6066,revised,2022-11-14T09:30:00Z
2022-10-31,industrial_production,104.6425,first,2022-11-14T09:30:00Z
2022-10-31,industrial_production,104.4207,revised,2022-12-15T09:30:00Z
2022-11-30,industrial_production,106.3181,first,2022-12-14T09:30:00Z
2022-11-30,industrial_production,105.8831,revised,2023-01-14T09:30:00Z
2022-12-31,industrial_production,106.5133,first,2023-01-14T09:30:00Z
2022-12-31,industrial_production,106.8764,revised,2023-02-14T09:30:00Z
2023-01-31,industrial_production,108.4691,first,2023-02-14T09:30:00Z
2023-01-31,industrial_production,108.082,revised,2023-03-17T09:30:00Z
2023-02-28,industrial_production,106.8332,first,2023-03-14T09:30:00Z
2023-02-28,industrial_production,107.3459,revised,2023-04-14T09:30:00Z
2023-03-31,industrial_production,107.7973,first,2023-04-14T09:30:00Z
2023-03-31,industrial_production,107.8344,revised,2023-05-15T09:30:00Z
2023-04-30,industrial_production,106.9029,first,2023-05-14T09:30:00Z
2023-04-30,industrial_production,107.6627,revised,2023-06-14T09:30:00Z
2023-05-31,industrial_production,107.2729,first,2023-06-14T09:30:00Z
2023-05-31,industrial_production,107.5704,revised,2023-07-15T09:30:00Z
2023-06-30,industrial_production,106.0346,first,2023-07-14T09:30:00Z
2023-06-30,industrial_production,106.3003,revised,2023-08-14T09:30:00Z
2023-07-31,industrial_production,106.3833,first,2023-08-14T09:30:00Z
2023-07-31,industrial_production,105.4481,revised,2023-09-14T09:30:00Z
2023-08-31,industrial_production,105.7567,first,2023-09-14T09:30:00Z
2023-08-31,industrial_production,105.6293,revised,2023-10-15T09:30:00Z
2023-09-30,industrial_production,106.824,first,2023-10-14T09:30:00Z
2023-09-30,industrial_production,107.1411,revised,2023-11-14T09:30:00Z
2023-10-31,industrial_production,107.6598,first,2023-11-14T09:30:00Z
2023-10-31,industrial_production,107.6369,revised,2023-12-15T09:30:00Z
2023-11-30,industrial_production,107.3157,first,2023-12-14T09:30:00Z
2023-11-30,industrial_production,108.1277,revised,2024-01-14T09:30:00Z
2023-12-31,industrial_production,108.2419,first,2024-01-14T09:30:00Z
2023-12-31,industrial_production,107.9134,revised,2024-02-14T09:30:00Z
2024-01-31,industrial_production,107.7237,first,2024-02-14T09:30:00Z
2024-01-31,industrial_production,108.2866,revised,2024-03-16T09:30:00Z
2024-02-29,industrial_production,107.8156,first,2024-03-14T09:30:00Z
2024-02-29,industrial_production,107.6742,revised,2024-04-14T09:30:00Z
2024-03-31,industrial_production,106.9028,first,2024-04-14T09:30:00Z
2024-03-31,industrial_production,106.7686,revised,2024-05-15T09:30:00Z
2024-04-30,industrial_production,108.4682,first,2024-05-14T09:30:00Z
2024-04-30,industrial_production,107.9701,revised,2024-06-14T09:30:00Z
2024-05-31,industrial_production,110.6627,first,2024-06-14T09:30:00Z
2024-05-31,industrial_production,110.708,revised,2024-07-15T09:30:00Z
2024-06-30,industrial_production,110.9869,first,2024-07-14T09:30:00Z
2024-06-30,industrial_production,110.6088,revised,2024-08-14T09:30:00Z
2024-07-31,industrial_production,109.8063,first,2024-08-14T09:30:00Z
2024-07-31,industrial_production,109.8311,revised,2024-09-14T09:30:00Z
2024-08-31,industrial_production,110.5989,first,2024-09-14T09:30:00Z
2024-08-31,industrial_production,109.9582,revised,2024-10-15T09:30:00Z
2024-09-30,industrial_production,110.6134,first,2024-10-14T09:30:00Z
2024-09-30,industrial_production,109.6881,revised,2024-11-14T09:30:00Z
2024-10-31,industrial_production,109.4686,first,2024-11-14T09:30:00Z
2024-10-31,industrial_production,109.8243,revised,2024-12-15T09:30:00Z
2024-11-30,industrial_production,110.8829,first,2024-12-14T09:30:00Z
2024-11-30,industrial_production,111.1531,revised,2025-01-14T09:30:00Z
2024-12-31,industrial_production,111.9635,first,2025-01-14T09:30:00Z
2024-12-31,industrial_production,112.3574,revised,2025-02-14T09:30:00Z
2025-01-31,industrial_production,111.9146,first,2025-02-14T09:30:00Z
2025-01-31,industrial_production,112.0544,revised,2025-03-17T09:30:00Z
2025-02-28,industrial_production,111.577,first,2025-03-14T09:30:00Z
2025-02-28,industrial_production,111.5259,revised,2025-04-14T09:30:00Z
2025-03-31,industrial_production,111.0865,first,2025-04-14T09:30:00Z
2025-03-31,industrial_production,110.854,revised,2025-05-15T09:30:00Z
2025-04-30,industrial_production,111.389,first,2025-05-14T09:30:00Z
2025-04-30,industrial_production,110.9847,revised,2025-06-14T09:30:00Z
