date,mkt_rate,kt
2023-07-31,0.06871,2023-08-01T11:00:00Z
2023-08-31,0.06688,2023-09-01T11:00:00Z
2023-09-30,0.06458,2023-10-01T11:00:00Z
2023-10-31,0.06307,2023-11-01T11:00:00Z
2023-11-30,0.061,2023-12-01T11:00:00Z
2023-12-31,0.06184,2024-01-01T11:00:00Z
2024-01-31,0.05848,2024-02-01T11:00:00Z
2024-02-29,0.05802,2024-03-01T11:00:00Z
2024-03-31,0.05513,2024-04-01T11:00:00Z
2024-04-30,0.05324,2024-05-01T11:00:00Z
2024-05-31,0.05342,2024-06-01T11:00:00Z
2024-06-30,0.04993,2024-07-01T11:00:00Z
2024-07-31,0.04954,2024-08-01T11:00:00Z
2024-08-31,0.04736,2024-09-01T11:00:00Z
2024-09-30,0.04544,2024-10-01T11:00:00Z
2024-10-31,0.0455,2024-11-01T11:00:00Z
2024-11-30,0.04599,2024-12-01T11:00:00Z
2024-12-31,0.04799,2025-01-01T11:00:00Z
2025-01-31,0.05037,2025-02-01T11:00:00Z
2025-02-28,0.05082,2025-03-01T11:00:00Z
2025-03-31,0.05262,2025-04-01T11:00:00Z
2025-04-30,0.05369,2025-05-01T11:00:00Z
2025-05-31,0.05518,2025-06-01T11:00:00Z
2025-06-30,0.05608,2025-07-01T11:00:00Z
2025-07-31,0.05711,2025-08-01T11:00:00Z
2025-08-31,0.05953,2025-09-01T11:00:00Z
2025-09-30,0.06043,2025-10-01T11:00:00Z
2025-10-31,0.06054,2025-11-01T11:00:00Z
2025-11-30,0.06379,2025-12-01T11:00:00Z
2025-12-31,0.06433,2026-01-01T11:00:00Z
