date,moving_season,kt
2023-07-31,1,2022-07-31T00:00:00Z
2023-08-31,1,2022-08-31T00:00:00Z
2023-09-30,0,2022-09-30T00:00:00Z
2023-10-31,0,2022-10-31T00:00:00Z
2023-11-30,0,2022-11-30T00:00:00Z
2023-12-31,0,2022-12-31T00:00:00Z
2024-01-31,0,2023-01-31T00:00:00Z
2024-02-29,0,2023-03-01T00:00:00Z
2024-03-31,0,2023-04-01T00:00:00Z
2024-04-30,0,2023-05-01T00:00:00Z
2024-05-31,1,2023-06-01T00:00:00Z
2024-06-30,1,2023-07-01T00:00:00Z
2024-07-31,1,2023-08-01T00:00:00Z
2024-08-31,1,2023-09-01T00:00:00Z
2024-09-30,0,2023-10-01T00:00:00Z
2024-10-31,0,2023-11-01T00:00:00Z
2024-11-30,0,2023-12-01T00:00:00Z
2024-12-31,0,2024-01-01T00:00:00Z
2025-01-31,0,2024-02-01T00:00:00Z
2025-02-28,0,2024-02-29T00:00:00Z
2025-03-31,0,2024-03-31T00:00:00Z
2025-04-30,0,2024-04-30T00:00:00Z
2025-05-31,1,2024-05-31T00:00:00Z
2025-06-30,1,2024-06-30T00:00:00Z
2025-07-31,1,2024-07-31T00:00:00Z
2025-08-31,1,2024-08-31T00:00:00Z
2025-09-30,0,2024-09-30T00:00:00Z
2025-10-31,0,2024-10-31T00:00:00Z
2025-11-30,0,2024-11-30T00:00:00Z
2025-12-31,0,2024-12-31T00:00:00Z
