date,instruments,maxResidualBp,method,kt
2024-07-01,24,0.1832,"log-linear DF bootstrap, OIS discounting",2024-07-01T18:40:00Z
2024-07-02,23,0.1554,"log-linear DF bootstrap, OIS discounting",2024-07-02T18:40:00Z
2024-07-03,24,0.4573,"log-linear DF bootstrap, OIS discounting",2024-07-03T18:40:00Z
2024-07-04,21,0.1234,"log-linear DF bootstrap, OIS discounting",2024-07-04T18:40:00Z
2024-07-05,23,0.1177,"log-linear DF bootstrap, OIS discounting",2024-07-05T18:40:00Z
2024-07-08,21,0.2952,"log-linear DF bootstrap, OIS discounting",2024-07-08T18:40:00Z
2024-07-09,23,0.1738,"log-linear DF bootstrap, OIS discounting",2024-07-09T18:40:00Z
2024-07-10,22,0.0601,"log-linear DF bootstrap, OIS discounting",2024-07-10T18:40:00Z
2024-07-11,24,0.2366,"log-linear DF bootstrap, OIS discounting",2024-07-11T18:40:00Z
2024-07-12,21,0.1159,"log-linear DF bootstrap, OIS discounting",2024-07-12T18:40:00Z
2024-07-15,23,0.2981,"log-linear DF bootstrap, OIS discounting",2024-07-15T18:40:00Z
2024-07-16,24,0.1891,"log-linear DF bootstrap, OIS discounting",2024-07-16T18:40:00Z
2024-07-17,23,0.2155,"log-linear DF bootstrap, OIS discounting",2024-07-17T18:40:00Z
2024-07-18,24,0.1931,"log-linear DF bootstrap, OIS discounting",2024-07-18T18:40:00Z
2024-07-19,23,0.2283,"log-linear DF bootstrap, OIS discounting",2024-07-19T18:40:00Z
2024-07-22,23,0.2286,"log-linear DF bootstrap, OIS discounting",2024-07-22T18:40:00Z
2024-07-23,22,0.101,"log-linear DF bootstrap, OIS discounting",2024-07-23T18:40:00Z
2024-07-24,21,0.0976,"log-linear DF bootstrap, OIS discounting",2024-07-24T18:40:00Z
2024-07-25,24,0.1061,"log-linear DF bootstrap, OIS discounting",2024-07-25T18:40:00Z
2024-07-26,24,0.0586,"log-linear DF bootstrap, OIS discounting",2024-07-26T18:40:00Z
2024-07-29,23,0.2881,"log-linear DF bootstrap, OIS discounting",2024-07-29T18:40:00Z
2024-07-30,23,0.1074,"log-linear DF bootstrap, OIS discounting",2024-07-30T18:40:00Z
2024-07-31,23,0.0662,"log-linear DF bootstrap, OIS discounting",2024-07-31T18:40:00Z
2024-08-01,24,0.1586,"log-linear DF bootstrap, OIS discounting",2024-08-01T18:40:00Z
2024-08-02,22,0.3009,"log-linear DF bootstrap, OIS discounting",2024-08-02T18:40:00Z
2024-08-05,23,0.3239,"log-linear DF bootstrap, OIS discounting",2024-08-05T18:40:00Z
2024-08-06,24,0.0405,"log-linear DF bootstrap, OIS discounting",2024-08-06T18:40:00Z
2024-08-07,22,0.3037,"log-linear DF bootstrap, OIS discounting",2024-08-07T18:40:00Z
2024-08-08,21,0.2057,"log-linear DF bootstrap, OIS discounting",2024-08-08T18:40:00Z
2024-08-09,24,0.1561,"log-linear DF bootstrap, OIS discounting",2024-08-09T18:40:00Z
2024-08-12,21,0.1867,"log-linear DF bootstrap, OIS discounting",2024-08-12T18:40:00Z
2024-08-13,22,0.2162,"log-linear DF bootstrap, OIS discounting",2024-08-13T18:40:00Z
2024-08-14,22,0.187,"log-linear DF bootstrap, OIS discounting",2024-08-14T18:40:00Z
2024-08-15,22,0.1133,"log-linear DF bootstrap, OIS discounting",2024-08-15T18:40:00Z
2024-08-16,24,0.2569,"log-linear DF bootstrap, OIS discounting",2024-08-16T18:40:00Z
2024-08-19,24,0.184,"log-linear DF bootstrap, OIS discounting",2024-08-19T18:40:00Z
2024-08-20,23,0.1249,"log-linear DF bootstrap, OIS discounting",2024-08-20T18:40:00Z
2024-08-21,22,0.2665,"log-linear DF bootstrap, OIS discounting",2024-08-21T18:40:00Z
2024-08-22,22,0.2369,"log-linear DF bootstrap, OIS discounting",2024-08-22T18:40:00Z
2024-08-23,23,0.2159,"log-linear DF bootstrap, OIS discounting",2024-08-23T18:40:00Z
2024-08-26,24,0.0516,"log-linear DF bootstrap, OIS discounting",2024-08-26T18:40:00Z
2024-08-27,24,0.2167,"log-linear DF bootstrap, OIS discounting",2024-08-27T18:40:00Z
2024-08-28,23,0.2125,"log-linear DF bootstrap, OIS discounting",2024-08-28T18:40:00Z
2024-08-29,21,0.0483,"log-linear DF bootstrap, OIS discounting",2024-08-29T18:40:00Z
2024-08-30,21,0.3064,"log-linear DF bootstrap, OIS discounting",2024-08-30T18:40:00Z
2024-09-02,23,0.2805,"log-linear DF bootstrap, OIS discounting",2024-09-02T18:40:00Z
2024-09-03,21,0.1369,"log-linear DF bootstrap, OIS discounting",2024-09-03T18:40:00Z
2024-09-04,21,0.1485,"log-linear DF bootstrap, OIS discounting",2024-09-04T18:40:00Z
2024-09-05,22,0.2269,"log-linear DF bootstrap, OIS discounting",2024-09-05T18:40:00Z
2024-09-06,22,0.0495,"log-linear DF bootstrap, OIS discounting",2024-09-06T18:40:00Z
2024-09-09,23,0.0927,"log-linear DF bootstrap, OIS discounting",2024-09-09T18:40:00Z
2024-09-10,22,0.239,"log-linear DF bootstrap, OIS discounting",2024-09-10T18:40:00Z
2024-09-11,22,0.2451,"log-linear DF bootstrap, OIS discounting",2024-09-11T18:40:00Z
2024-09-12,22,0.1816,"log-linear DF bootstrap, OIS discounting",2024-09-12T18:40:00Z
2024-09-13,24,0.1794,"log-linear DF bootstrap, OIS discounting",2024-09-13T18:40:00Z
2024-09-16,21,0.0453,"log-linear DF bootstrap, OIS discounting",2024-09-16T18:40:00Z
2024-09-17,23,0.1894,"log-linear DF bootstrap, OIS discounting",2024-09-17T18:40:00Z
2024-09-18,24,0.1745,"log-linear DF bootstrap, OIS discounting",2024-09-18T18:40:00Z
2024-09-19,23,0.0892,"log-linear DF bootstrap, OIS discounting",2024-09-19T18:40:00Z
2024-09-20,21,0.202,"log-linear DF bootstrap, OIS discounting",2024-09-20T18:40:00Z
2024-09-23,22,0.2685,"log-linear DF bootstrap, OIS discounting",2024-09-23T18:40:00Z
2024-09-24,24,0.27,"log-linear DF bootstrap, OIS discounting",2024-09-24T18:40:00Z
2024-09-25,24,0.2016,"log-linear DF bootstrap, OIS discounting",2024-09-25T18:40:00Z
2024-09-26,23,0.1589,"log-linear DF bootstrap, OIS discounting",2024-09-26T18:40:00Z
2024-09-27,24,0.1663,"log-linear DF bootstrap, OIS discounting",2024-09-27T18:40:00Z
2024-09-30,24,0.1769,"log-linear DF bootstrap, OIS discounting",2024-09-30T18:40:00Z
2024-10-01,23,0.1131,"log-linear DF bootstrap, OIS discounting",2024-10-01T18:40:00Z
2024-10-02,22,0.106,"log-linear DF bootstrap, OIS discounting",2024-10-02T18:40:00Z
2024-10-03,23,0.1978,"log-linear DF bootstrap, OIS discounting",2024-10-03T18:40:00Z
2024-10-04,24,0.4055,"log-linear DF bootstrap, OIS discounting",2024-10-04T18:40:00Z
2024-10-07,23,0.2539,"log-linear DF bootstrap, OIS discounting",2024-10-07T18:40:00Z
2024-10-08,22,0.1967,"log-linear DF bootstrap, OIS discounting",2024-10-08T18:40:00Z
2024-10-09,21,0.1483,"log-linear DF bootstrap, OIS discounting",2024-10-09T18:40:00Z
2024-10-10,21,0.119,"log-linear DF bootstrap, OIS discounting",2024-10-10T18:40:00Z
2024-10-11,22,0.1351,"log-linear DF bootstrap, OIS discounting",2024-10-11T18:40:00Z
2024-10-14,21,0.2893,"log-linear DF bootstrap, OIS discounting",2024-10-14T18:40:00Z
2024-10-15,21,0.2903,"log-linear DF bootstrap, OIS discounting",2024-10-15T18:40:00Z
2024-10-16,24,0.2251,"log-linear DF bootstrap, OIS discounting",2024-10-16T18:40:00Z
2024-10-17,22,0.1188,"log-linear DF bootstrap, OIS discounting",2024-10-17T18:40:00Z
2024-10-18,23,0.2233,"log-linear DF bootstrap, OIS discounting",2024-10-18T18:40:00Z
2024-10-21,23,0.1879,"log-linear DF bootstrap, OIS discounting",2024-10-21T18:40:00Z
2024-10-22,23,0.2127,"log-linear DF bootstrap, OIS discounting",2024-10-22T18:40:00Z
2024-10-23,21,0.2726,"log-linear DF bootstrap, OIS discounting",2024-10-23T18:40:00Z
2024-10-24,22,0.1027,"log-linear DF bootstrap, OIS discounting",2024-10-24T18:40:00Z
2024-10-25,22,0.1867,"log-linear DF bootstrap, OIS discounting",2024-10-25T18:40:00Z
2024-10-28,21,0.1109,"log-linear DF bootstrap, OIS discounting",2024-10-28T18:40:00Z
2024-10-29,23,0.1924,"log-linear DF bootstrap, OIS discounting",2024-10-29T18:40:00Z
2024-10-30,22,0.2468,"log-linear DF bootstrap, OIS discounting",2024-10-30T18:40:00Z
2024-10-31,24,0.1722,"log-linear DF bootstrap, OIS discounting",2024-10-31T18:40:00Z
2024-11-01,23,0.226,"log-linear DF bootstrap, OIS discounting",2024-11-01T18:40:00Z
2024-11-04,21,0.1516,"log-linear DF bootstrap, OIS discounting",2024-11-04T18:40:00Z
2024-11-05,24,0.257,"log-linear DF bootstrap, OIS discounting",2024-11-05T18:40:00Z
2024-11-06,24,0.1684,"log-linear DF bootstrap, OIS discounting",2024-11-06T18:40:00Z
2024-11-07,21,0.1348,"log-linear DF bootstrap, OIS discounting",2024-11-07T18:40:00Z
2024-11-08,22,0.3007,"log-linear DF bootstrap, OIS discounting",2024-11-08T18:40:00Z
2024-11-11,21,0.2078,"log-linear DF bootstrap, OIS discounting",2024-11-11T18:40:00Z
2024-11-12,21,0.1936,"log-linear DF bootstrap, OIS discounting",2024-11-12T18:40:00Z
2024-11-13,23,0.2027,"log-linear DF bootstrap, OIS discounting",2024-11-13T18:40:00Z
2024-11-14,22,0.1261,"log-linear DF bootstrap, OIS discounting",2024-11-14T18:40:00Z
2024-11-15,22,0.1506,"log-linear DF bootstrap, OIS discounting",2024-11-15T18:40:00Z
2024-11-18,21,0.2524,"log-linear DF bootstrap, OIS discounting",2024-11-18T18:40:00Z
2024-11-19,24,0.3323,"log-linear DF bootstrap, OIS discounting",2024-11-19T18:40:00Z
2024-11-20,22,0.1457,"log-linear DF bootstrap, OIS discounting",2024-11-20T18:40:00Z
2024-11-21,21,0.3603,"log-linear DF bootstrap, OIS discounting",2024-11-21T18:40:00Z
2024-11-22,21,0.2024,"log-linear DF bootstrap, OIS discounting",2024-11-22T18:40:00Z
2024-11-25,22,0.1088,"log-linear DF bootstrap, OIS discounting",2024-11-25T18:40:00Z
2024-11-26,23,0.3137,"log-linear DF bootstrap, OIS discounting",2024-11-26T18:40:00Z
2024-11-27,22,0.1082,"log-linear DF bootstrap, OIS discounting",2024-11-27T18:40:00Z
2024-11-28,22,0.3777,"log-linear DF bootstrap, OIS discounting",2024-11-28T18:40:00Z
2024-11-29,24,0.2368,"log-linear DF bootstrap, OIS discounting",2024-11-29T18:40:00Z
2024-12-02,21,0.1143,"log-linear DF bootstrap, OIS discounting",2024-12-02T18:40:00Z
2024-12-03,23,0.1129,"log-linear DF bootstrap, OIS discounting",2024-12-03T18:40:00Z
2024-12-04,23,0.1293,"log-linear DF bootstrap, OIS discounting",2024-12-04T18:40:00Z
2024-12-05,23,0.2076,"log-linear DF bootstrap, OIS discounting",2024-12-05T18:40:00Z
2024-12-06,23,0.1907,"log-linear DF bootstrap, OIS discounting",2024-12-06T18:40:00Z
2024-12-09,22,0.1713,"log-linear DF bootstrap, OIS discounting",2024-12-09T18:40:00Z
2024-12-10,24,0.3294,"log-linear DF bootstrap, OIS discounting",2024-12-10T18:40:00Z
2024-12-11,21,0.186,"log-linear DF bootstrap, OIS discounting",2024-12-11T18:40:00Z
2024-12-12,22,0.2244,"log-linear DF bootstrap, OIS discounting",2024-12-12T18:40:00Z
2024-12-13,23,0.1133,"log-linear DF bootstrap, OIS discounting",2024-12-13T18:40:00Z
2024-12-16,24,0.2257,"log-linear DF bootstrap, OIS discounting",2024-12-16T18:40:00Z
2024-12-17,23,0.113,"log-linear DF bootstrap, OIS discounting",2024-12-17T18:40:00Z
2024-12-18,22,0.3989,"log-linear DF bootstrap, OIS discounting",2024-12-18T18:40:00Z
2024-12-19,23,0.235,"log-linear DF bootstrap, OIS discounting",2024-12-19T18:40:00Z
2024-12-20,23,0.207,"log-linear DF bootstrap, OIS discounting",2024-12-20T18:40:00Z
2024-12-23,22,0.2682,"log-linear DF bootstrap, OIS discounting",2024-12-23T18:40:00Z
2024-12-24,23,0.2663,"log-linear DF bootstrap, OIS discounting",2024-12-24T18:40:00Z
2024-12-25,23,0.0624,"log-linear DF bootstrap, OIS discounting",2024-12-25T18:40:00Z
2024-12-26,23,0.2189,"log-linear DF bootstrap, OIS discounting",2024-12-26T18:40:00Z
2024-12-27,21,0.1965,"log-linear DF bootstrap, OIS discounting",2024-12-27T18:40:00Z
2024-12-30,21,0.2976,"log-linear DF bootstrap, OIS discounting",2024-12-30T18:40:00Z
2024-12-31,22,0.2168,"log-linear DF bootstrap, OIS discounting",2024-12-31T18:40:00Z
2025-01-01,21,0.2212,"log-linear DF bootstrap, OIS discounting",2025-01-01T18:40:00Z
2025-01-02,22,0.198,"log-linear DF bootstrap, OIS discounting",2025-01-02T18:40:00Z
2025-01-03,21,0.2511,"log-linear DF bootstrap, OIS discounting",2025-01-03T18:40:00Z
2025-01-06,21,0.0906,"log-linear DF bootstrap, OIS discounting",2025-01-06T18:40:00Z
2025-01-07,24,0.0972,"log-linear DF bootstrap, OIS discounting",2025-01-07T18:40:00Z
2025-01-08,23,0.214,"log-linear DF bootstrap, OIS discounting",2025-01-08T18:40:00Z
2025-01-09,22,0.0864,"log-linear DF bootstrap, OIS discounting",2025-01-09T18:40:00Z
2025-01-10,24,0.223,"log-linear DF bootstrap, OIS discounting",2025-01-10T18:40:00Z
2025-01-13,24,0.2241,"log-linear DF bootstrap, OIS discounting",2025-01-13T18:40:00Z
2025-01-14,23,0.1428,"log-linear DF bootstrap, OIS discounting",2025-01-14T18:40:00Z
2025-01-15,21,0.0834,"log-linear DF bootstrap, OIS discounting",2025-01-15T18:40:00Z
2025-01-16,24,0.155,"log-linear DF bootstrap, OIS discounting",2025-01-16T18:40:00Z
2025-01-17,22,0.1505,"log-linear DF bootstrap, OIS discounting",2025-01-17T18:40:00Z
2025-01-20,21,0.071,"log-linear DF bootstrap, OIS discounting",2025-01-20T18:40:00Z
2025-01-21,23,0.2837,"log-linear DF bootstrap, OIS discounting",2025-01-21T18:40:00Z
2025-01-22,24,0.2399,"log-linear DF bootstrap, OIS discounting",2025-01-22T18:40:00Z
2025-01-23,22,0.1334,"log-linear DF bootstrap, OIS discounting",2025-01-23T18:40:00Z
2025-01-24,21,0.148,"log-linear DF bootstrap, OIS discounting",2025-01-24T18:40:00Z
2025-01-27,21,0.2879,"log-linear DF bootstrap, OIS discounting",2025-01-27T18:40:00Z
2025-01-28,23,0.1908,"log-linear DF bootstrap, OIS discounting",2025-01-28T18:40:00Z
2025-01-29,22,0.4143,"log-linear DF bootstrap, OIS discounting",2025-01-29T18:40:00Z
2025-01-30,23,0.0919,"log-linear DF bootstrap, OIS discounting",2025-01-30T18:40:00Z
2025-01-31,23,0.4374,"log-linear DF bootstrap, OIS discounting",2025-01-31T18:40:00Z
2025-02-03,21,0.1002,"log-linear DF bootstrap, OIS discounting",2025-02-03T18:40:00Z
2025-02-04,24,0.2605,"log-linear DF bootstrap, OIS discounting",2025-02-04T18:40:00Z
2025-02-05,22,0.2277,"log-linear DF bootstrap, OIS discounting",2025-02-05T18:40:00Z
2025-02-06,23,0.2856,"log-linear DF bootstrap, OIS discounting",2025-02-06T18:40:00Z
2025-02-07,21,0.1832,"log-linear DF bootstrap, OIS discounting",2025-02-07T18:40:00Z
2025-02-10,21,0.1896,"log-linear DF bootstrap, OIS discounting",2025-02-10T18:40:00Z
2025-02-11,24,0.0918,"log-linear DF bootstrap, OIS discounting",2025-02-11T18:40:00Z
2025-02-12,21,0.1432,"log-linear DF bootstrap, OIS discounting",2025-02-12T18:40:00Z
2025-02-13,23,0.3493,"log-linear DF bootstrap, OIS discounting",2025-02-13T18:40:00Z
2025-02-14,22,0.1777,"log-linear DF bootstrap, OIS discounting",2025-02-14T18:40:00Z
2025-02-17,23,0.2277,"log-linear DF bootstrap, OIS discounting",2025-02-17T18:40:00Z
2025-02-18,23,0.1592,"log-linear DF bootstrap, OIS discounting",2025-02-18T18:40:00Z
2025-02-19,23,0.3058,"log-linear DF bootstrap, OIS discounting",2025-02-19T18:40:00Z
2025-02-20,22,0.3387,"log-linear DF bootstrap, OIS discounting",2025-02-20T18:40:00Z
2025-02-21,23,0.2255,"log-linear DF bootstrap, OIS discounting",2025-02-21T18:40:00Z
2025-02-24,23,0.248,"log-linear DF bootstrap, OIS discounting",2025-02-24T18:40:00Z
2025-02-25,22,0.1367,"log-linear DF bootstrap, OIS discounting",2025-02-25T18:40:00Z
2025-02-26,24,0.1705,"log-linear DF bootstrap, OIS discounting",2025-02-26T18:40:00Z
2025-02-27,21,0.1758,"log-linear DF bootstrap, OIS discounting",2025-02-27T18:40:00Z
2025-02-28,23,0.2113,"log-linear DF bootstrap, OIS discounting",2025-02-28T18:40:00Z
2025-03-03,24,0.2904,"log-linear DF bootstrap, OIS discounting",2025-03-03T18:40:00Z
2025-03-04,21,0.3096,"log-linear DF bootstrap, OIS discounting",2025-03-04T18:40:00Z
2025-03-05,21,0.1936,"log-linear DF bootstrap, OIS discounting",2025-03-05T18:40:00Z
2025-03-06,21,0.1712,"log-linear DF bootstrap, OIS discounting",2025-03-06T18:40:00Z
2025-03-07,22,0.2535,"log-linear DF bootstrap, OIS discounting",2025-03-07T18:40:00Z
2025-03-10,21,0.2272,"log-linear DF bootstrap, OIS discounting",2025-03-10T18:40:00Z
2025-03-11,23,0.2451,"log-linear DF bootstrap, OIS discounting",2025-03-11T18:40:00Z
2025-03-12,24,0.1806,"log-linear DF bootstrap, OIS discounting",2025-03-12T18:40:00Z
2025-03-13,23,0.1257,"log-linear DF bootstrap, OIS discounting",2025-03-13T18:40:00Z
2025-03-14,21,0.0471,"log-linear DF bootstrap, OIS discounting",2025-03-14T18:40:00Z
2025-03-17,21,0.2612,"log-linear DF bootstrap, OIS discounting",2025-03-17T18:40:00Z
2025-03-18,24,0.1346,"log-linear DF bootstrap, OIS discounting",2025-03-18T18:40:00Z
2025-03-19,21,0.2793,"log-linear DF bootstrap, OIS discounting",2025-03-19T18:40:00Z
2025-03-20,23,0.268,"log-linear DF bootstrap, OIS discounting",2025-03-20T18:40:00Z
2025-03-21,22,0.1295,"log-linear DF bootstrap, OIS discounting",2025-03-21T18:40:00Z
2025-03-24,22,0.2918,"log-linear DF bootstrap, OIS discounting",2025-03-24T18:40:00Z
2025-03-25,24,0.1885,"log-linear DF bootstrap, OIS discounting",2025-03-25T18:40:00Z
2025-03-26,24,0.447,"log-linear DF bootstrap, OIS discounting",2025-03-26T18:40:00Z
2025-03-27,24,0.162,"log-linear DF bootstrap, OIS discounting",2025-03-27T18:40:00Z
2025-03-28,21,0.337,"log-linear DF bootstrap, OIS discounting",2025-03-28T18:40:00Z
2025-03-31,23,0.3346,"log-linear DF bootstrap, OIS discounting",2025-03-31T18:40:00Z
2025-04-01,23,0.1139,"log-linear DF bootstrap, OIS discounting",2025-04-01T18:40:00Z
2025-04-02,22,0.1962,"log-linear DF bootstrap, OIS discounting",2025-04-02T18:40:00Z
2025-04-03,22,0.1011,"log-linear DF bootstrap, OIS discounting",2025-04-03T18:40:00Z
2025-04-04,24,0.0725,"log-linear DF bootstrap, OIS discounting",2025-04-04T18:40:00Z
2025-04-07,21,0.2175,"log-linear DF bootstrap, OIS discounting",2025-04-07T18:40:00Z
2025-04-08,22,0.2119,"log-linear DF bootstrap, OIS discounting",2025-04-08T18:40:00Z
2025-04-09,21,0.1798,"log-linear DF bootstrap, OIS discounting",2025-04-09T18:40:00Z
2025-04-10,21,0.0446,"log-linear DF bootstrap, OIS discounting",2025-04-10T18:40:00Z
2025-04-11,22,0.1517,"log-linear DF bootstrap, OIS discounting",2025-04-11T18:40:00Z
2025-04-14,21,0.1309,"log-linear DF bootstrap, OIS discounting",2025-04-14T18:40:00Z
2025-04-15,24,0.2073,"log-linear DF bootstrap, OIS discounting",2025-04-15T18:40:00Z
2025-04-16,24,0.1932,"log-linear DF bootstrap, OIS discounting",2025-04-16T18:40:00Z
2025-04-17,23,0.3626,"log-linear DF bootstrap, OIS discounting",2025-04-17T18:40:00Z
2025-04-18,23,0.2565,"log-linear DF bootstrap, OIS discounting",2025-04-18T18:40:00Z
2025-04-21,21,0.183,"log-linear DF bootstrap, OIS discounting",2025-04-21T18:40:00Z
2025-04-22,21,0.2589,"log-linear DF bootstrap, OIS discounting",2025-04-22T18:40:00Z
2025-04-23,22,0.2574,"log-linear DF bootstrap, OIS discounting",2025-04-23T18:40:00Z
2025-04-24,22,0.2377,"log-linear DF bootstrap, OIS discounting",2025-04-24T18:40:00Z
2025-04-25,24,0.2735,"log-linear DF bootstrap, OIS discounting",2025-04-25T18:40:00Z
2025-04-28,23,0.224,"log-linear DF bootstrap, OIS discounting",2025-04-28T18:40:00Z
2025-04-29,21,0.2035,"log-linear DF bootstrap, OIS discounting",2025-04-29T18:40:00Z
2025-04-30,22,0.2433,"log-linear DF bootstrap, OIS discounting",2025-04-30T18:40:00Z
2025-05-01,24,0.3021,"log-linear DF bootstrap, OIS discounting",2025-05-01T18:40:00Z
2025-05-02,24,0.273,"log-linear DF bootstrap, OIS discounting",2025-05-02T18:40:00Z
2025-05-05,23,0.2882,"log-linear DF bootstrap, OIS discounting",2025-05-05T18:40:00Z
2025-05-06,22,0.2162,"log-linear DF bootstrap, OIS discounting",2025-05-06T18:40:00Z
2025-05-07,21,0.1391,"log-linear DF bootstrap, OIS discounting",2025-05-07T18:40:00Z
2025-05-08,22,0.2392,"log-linear DF bootstrap, OIS discounting",2025-05-08T18:40:00Z
2025-05-09,24,0.1506,"log-linear DF bootstrap, OIS discounting",2025-05-09T18:40:00Z
2025-05-12,22,0.1375,"log-linear DF bootstrap, OIS discounting",2025-05-12T18:40:00Z
2025-05-13,21,0.2571,"log-linear DF bootstrap, OIS discounting",2025-05-13T18:40:00Z
2025-05-14,21,0.2497,"log-linear DF bootstrap, OIS discounting",2025-05-14T18:40:00Z
2025-05-15,22,0.1846,"log-linear DF bootstrap, OIS discounting",2025-05-15T18:40:00Z
2025-05-16,23,0.193,"log-linear DF bootstrap, OIS discounting",2025-05-16T18:40:00Z
2025-05-19,24,0.2493,"log-linear DF bootstrap, OIS discounting",2025-05-19T18:40:00Z
2025-05-20,23,0.2125,"log-linear DF bootstrap, OIS discounting",2025-05-20T18:40:00Z
2025-05-21,24,0.2115,"log-linear DF bootstrap, OIS discounting",2025-05-21T18:40:00Z
2025-05-22,24,0.2849,"log-linear DF bootstrap, OIS discounting",2025-05-22T18:40:00Z
2025-05-23,23,0.314,"log-linear DF bootstrap, OIS discounting",2025-05-23T18:40:00Z
2025-05-26,23,0.1656,"log-linear DF bootstrap, OIS discounting",2025-05-26T18:40:00Z
2025-05-27,23,0.2751,"log-linear DF bootstrap, OIS discounting",2025-05-27T18:40:00Z
2025-05-28,21,0.045,"log-linear DF bootstrap, OIS discounting",2025-05-28T18:40:00Z
2025-05-29,23,0.1223,"log-linear DF bootstrap, OIS discounting",2025-05-29T18:40:00Z
2025-05-30,21,0.161,"log-linear DF bootstrap, OIS discounting",2025-05-30T18:40:00Z
2025-06-02,21,0.3653,"log-linear DF bootstrap, OIS discounting",2025-06-02T18:40:00Z
2025-06-03,22,0.1812,"log-linear DF bootstrap, OIS discounting",2025-06-03T18:40:00Z
2025-06-04,21,0.2905,"log-linear DF bootstrap, OIS discounting",2025-06-04T18:40:00Z
2025-06-05,23,0.0559,"log-linear DF bootstrap, OIS discounting",2025-06-05T18:40:00Z
2025-06-06,21,0.3386,"log-linear DF bootstrap, OIS discounting",2025-06-06T18:40:00Z
2025-06-09,23,0.2663,"log-linear DF bootstrap, OIS discounting",2025-06-09T18:40:00Z
2025-06-10,23,0.1608,"log-linear DF bootstrap, OIS discounting",2025-06-10T18:40:00Z
2025-06-11,23,0.166,"log-linear DF bootstrap, OIS discounting",2025-06-11T18:40:00Z
2025-06-12,24,0.2119,"log-linear DF bootstrap, OIS discounting",2025-06-12T18:40:00Z
2025-06-13,23,0.2537,"log-linear DF bootstrap, OIS discounting",2025-06-13T18:40:00Z
2025-06-16,21,0.1883,"log-linear DF bootstrap, OIS discounting",2025-06-16T18:40:00Z
2025-06-17,23,0.1008,"log-linear DF bootstrap, OIS discounting",2025-06-17T18:40:00Z
2025-06-18,24,0.1968,"log-linear DF bootstrap, OIS discounting",2025-06-18T18:40:00Z
2025-06-19,23,0.2943,"log-linear DF bootstrap, OIS discounting",2025-06-19T18:40:00Z
2025-06-20,22,0.222,"log-linear DF bootstrap, OIS discounting",2025-06-20T18:40:00Z
2025-06-23,24,0.1621,"log-linear DF bootstrap, OIS discounting",2025-06-23T18:40:00Z
2025-06-24,24,0.3728,"log-linear DF bootstrap, OIS discounting",2025-06-24T18:40:00Z
2025-06-25,23,0.0552,"log-linear DF bootstrap, OIS discounting",2025-06-25T18:40:00Z
2025-06-26,21,0.3189,"log-linear DF bootstrap, OIS discounting",2025-06-26T18:40:00Z
2025-06-27,22,0.0863,"log-linear DF bootstrap, OIS discounting",2025-06-27T18:40:00Z
2025-06-30,23,0.1849,"log-linear DF bootstrap, OIS discounting",2025-06-30T18:40:00Z
2025-07-01,22,0.2199,"log-linear DF bootstrap, OIS discounting",2025-07-01T18:40:00Z
2025-07-02,23,0.2113,"log-linear DF bootstrap, OIS discounting",2025-07-02T18:40:00Z
2025-07-03,22,0.1229,"log-linear DF bootstrap, OIS discounting",2025-07-03T18:40:00Z
2025-07-04,22,0.1492,"log-linear DF bootstrap, OIS discounting",2025-07-04T18:40:00Z
2025-07-07,24,0.0229,"log-linear DF bootstrap, OIS discounting",2025-07-07T18:40:00Z
2025-07-08,24,0.2179,"log-linear DF bootstrap, OIS discounting",2025-07-08T18:40:00Z
2025-07-09,23,0.4138,"log-linear DF bootstrap, OIS discounting",2025-07-09T18:40:00Z
2025-07-10,21,0.1609,"log-linear DF bootstrap, OIS discounting",2025-07-10T18:40:00Z
2025-07-11,21,0.1547,"log-linear DF bootstrap, OIS discounting",2025-07-11T18:40:00Z
2025-07-14,23,0.0451,"log-linear DF bootstrap, OIS discounting",2025-07-14T18:40:00Z
2025-07-15,22,0.2349,"log-linear DF bootstrap, OIS discounting",2025-07-15T18:40:00Z
2025-07-16,23,0.1649,"log-linear DF bootstrap, OIS discounting",2025-07-16T18:40:00Z
2025-07-17,22,0.103,"log-linear DF bootstrap, OIS discounting",2025-07-17T18:40:00Z
2025-07-18,23,0.1876,"log-linear DF bootstrap, OIS discounting",2025-07-18T18:40:00Z
2025-07-21,22,0.2721,"log-linear DF bootstrap, OIS discounting",2025-07-21T18:40:00Z
2025-07-22,22,0.0683,"log-linear DF bootstrap, OIS discounting",2025-07-22T18:40:00Z
2025-07-23,23,0.3,"log-linear DF bootstrap, OIS discounting",2025-07-23T18:40:00Z
2025-07-24,24,0.1924,"log-linear DF bootstrap, OIS discounting",2025-07-24T18:40:00Z
2025-07-25,22,0.0529,"log-linear DF bootstrap, OIS discounting",2025-07-25T18:40:00Z
2025-07-28,23,0.222,"log-linear DF bootstrap, OIS discounting",2025-07-28T18:40:00Z
2025-07-29,21,0.3226,"log-linear DF bootstrap, OIS discounting",2025-07-29T18:40:00Z
2025-07-30,24,0.2062,"log-linear DF bootstrap, OIS discounting",2025-07-30T18:40:00Z
2025-07-31,23,0.1959,"log-linear DF bootstrap, OIS discounting",2025-07-31T18:40:00Z
2025-08-01,22,0.1763,"log-linear DF bootstrap, OIS discounting",2025-08-01T18:40:00Z
2025-08-04,21,0.3092,"log-linear DF bootstrap, OIS discounting",2025-08-04T18:40:00Z
2025-08-05,23,0.2003,"log-linear DF bootstrap, OIS discounting",2025-08-05T18:40:00Z
2025-08-06,22,0.1316,"log-linear DF bootstrap, OIS discounting",2025-08-06T18:40:00Z
2025-08-07,23,0.3735,"log-linear DF bootstrap, OIS discounting",2025-08-07T18:40:00Z
2025-08-08,24,0.1997,"log-linear DF bootstrap, OIS discounting",2025-08-08T18:40:00Z
2025-08-11,22,0.2413,"log-linear DF bootstrap, OIS discounting",2025-08-11T18:40:00Z
2025-08-12,24,0.2543,"log-linear DF bootstrap, OIS discounting",2025-08-12T18:40:00Z
2025-08-13,24,0.0925,"log-linear DF bootstrap, OIS discounting",2025-08-13T18:40:00Z
2025-08-14,21,0.2246,"log-linear DF bootstrap, OIS discounting",2025-08-14T18:40:00Z
2025-08-15,23,0.3104,"log-linear DF bootstrap, OIS discounting",2025-08-15T18:40:00Z
2025-08-18,23,0.3587,"log-linear DF bootstrap, OIS discounting",2025-08-18T18:40:00Z
2025-08-19,21,0.1713,"log-linear DF bootstrap, OIS discounting",2025-08-19T18:40:00Z
2025-08-20,22,0.1691,"log-linear DF bootstrap, OIS discounting",2025-08-20T18:40:00Z
2025-08-21,23,0.1836,"log-linear DF bootstrap, OIS discounting",2025-08-21T18:40:00Z
2025-08-22,22,0.3221,"log-linear DF bootstrap, OIS discounting",2025-08-22T18:40:00Z
2025-08-25,24,0.1696,"log-linear DF bootstrap, OIS discounting",2025-08-25T18:40:00Z
2025-08-26,21,0.1223,"log-linear DF bootstrap, OIS discounting",2025-08-26T18:40:00Z
2025-08-27,22,0.2875,"log-linear DF bootstrap, OIS discounting",2025-08-27T18:40:00Z
2025-08-28,24,0.1751,"log-linear DF bootstrap, OIS discounting",2025-08-28T18:40:00Z
2025-08-29,21,0.2883,"log-linear DF bootstrap, OIS discounting",2025-08-29T18:40:00Z
2025-09-01,22,0.3428,"log-linear DF bootstrap, OIS discounting",2025-09-01T18:40:00Z
2025-09-02,24,0.1596,"log-linear DF bootstrap, OIS discounting",2025-09-02T18:40:00Z
2025-09-03,24,0.0407,"log-linear DF bootstrap, OIS discounting",2025-09-03T18:40:00Z
2025-09-04,21,0.1843,"log-linear DF bootstrap, OIS discounting",2025-09-04T18:40:00Z
2025-09-05,22,0.2673,"log-linear DF bootstrap, OIS discounting",2025-09-05T18:40:00Z
2025-09-08,22,0.3188,"log-linear DF bootstrap, OIS discounting",2025-09-08T18:40:00Z
2025-09-09,22,0.2185,"log-linear DF bootstrap, OIS discounting",2025-09-09T18:40:00Z
2025-09-10,21,0.0939,"log-linear DF bootstrap, OIS discounting",2025-09-10T18:40:00Z
2025-09-11,24,0.0728,"log-linear DF bootstrap, OIS discounting",2025-09-11T18:40:00Z
2025-09-12,24,0.411,"log-linear DF bootstrap, OIS discounting",2025-09-12T18:40:00Z
2025-09-15,22,0.2223,"log-linear DF bootstrap, OIS discounting",2025-09-15T18:40:00Z
2025-09-16,21,0.3342,"log-linear DF bootstrap, OIS discounting",2025-09-16T18:40:00Z
2025-09-17,23,0.3235,"log-linear DF bootstrap, OIS discounting",2025-09-17T18:40:00Z
2025-09-18,24,0.3607,"log-linear DF bootstrap, OIS discounting",2025-09-18T18:40:00Z
2025-09-19,21,0.1892,"log-linear DF bootstrap, OIS discounting",2025-09-19T18:40:00Z
2025-09-22,24,0.0276,"log-linear DF bootstrap, OIS discounting",2025-09-22T18:40:00Z
2025-09-23,24,0.2058,"log-linear DF bootstrap, OIS discounting",2025-09-23T18:40:00Z
2025-09-24,24,0.2192,"log-linear DF bootstrap, OIS discounting",2025-09-24T18:40:00Z
2025-09-25,23,0.2488,"log-linear DF bootstrap, OIS discounting",2025-09-25T18:40:00Z
2025-09-26,22,0.2292,"log-linear DF bootstrap, OIS discounting",2025-09-26T18:40:00Z
2025-09-29,23,0.1578,"log-linear DF bootstrap, OIS discounting",2025-09-29T18:40:00Z
2025-09-30,21,0.1548,"log-linear DF bootstrap, OIS discounting",2025-09-30T18:40:00Z
2025-10-01,22,0.2389,"log-linear DF bootstrap, OIS discounting",2025-10-01T18:40:00Z
2025-10-02,23,0.228,"log-linear DF bootstrap, OIS discounting",2025-10-02T18:40:00Z
2025-10-03,22,0.3395,"log-linear DF bootstrap, OIS discounting",2025-10-03T18:40:00Z
2025-10-06,21,0.1509,"log-linear DF bootstrap, OIS discounting",2025-10-06T18:40:00Z
2025-10-07,21,0.1473,"log-linear DF bootstrap, OIS discounting",2025-10-07T18:40:00Z
2025-10-08,24,0.1106,"log-linear DF bootstrap, OIS discounting",2025-10-08T18:40:00Z
2025-10-09,23,0.204,"log-linear DF bootstrap, OIS discounting",2025-10-09T18:40:00Z
2025-10-10,21,0.3458,"log-linear DF bootstrap, OIS discounting",2025-10-10T18:40:00Z
2025-10-13,21,0.3753,"log-linear DF bootstrap, OIS discounting",2025-10-13T18:40:00Z
2025-10-14,22,0.1048,"log-linear DF bootstrap, OIS discounting",2025-10-14T18:40:00Z
2025-10-15,23,0.1643,"log-linear DF bootstrap, OIS discounting",2025-10-15T18:40:00Z
2025-10-16,24,0.1624,"log-linear DF bootstrap, OIS discounting",2025-10-16T18:40:00Z
2025-10-17,21,0.2673,"log-linear DF bootstrap, OIS discounting",2025-10-17T18:40:00Z
2025-10-20,21,0.2253,"log-linear DF bootstrap, OIS discounting",2025-10-20T18:40:00Z
2025-10-21,23,0.1115,"log-linear DF bootstrap, OIS discounting",2025-10-21T18:40:00Z
2025-10-22,21,0.0423,"log-linear DF bootstrap, OIS discounting",2025-10-22T18:40:00Z
2025-10-23,22,0.2084,"log-linear DF bootstrap, OIS discounting",2025-10-23T18:40:00Z
2025-10-24,22,0.1981,"log-linear DF bootstrap, OIS discounting",2025-10-24T18:40:00Z
2025-10-27,23,0.3228,"log-linear DF bootstrap, OIS discounting",2025-10-27T18:40:00Z
2025-10-28,21,0.3241,"log-linear DF bootstrap, OIS discounting",2025-10-28T18:40:00Z
2025-10-29,22,0.106,"log-linear DF bootstrap, OIS discounting",2025-10-29T18:40:00Z
2025-10-30,21,0.2592,"log-linear DF bootstrap, OIS discounting",2025-10-30T18:40:00Z
2025-10-31,24,0.1365,"log-linear DF bootstrap, OIS discounting",2025-10-31T18:40:00Z
2025-11-03,23,0.2646,"log-linear DF bootstrap, OIS discounting",2025-11-03T18:40:00Z
2025-11-04,22,0.2284,"log-linear DF bootstrap, OIS discounting",2025-11-04T18:40:00Z
2025-11-05,24,0.1446,"log-linear DF bootstrap, OIS discounting",2025-11-05T18:40:00Z
2025-11-06,21,0.1656,"log-linear DF bootstrap, OIS discounting",2025-11-06T18:40:00Z
2025-11-07,22,0.1317,"log-linear DF bootstrap, OIS discounting",2025-11-07T18:40:00Z
2025-11-10,21,0.0415,"log-linear DF bootstrap, OIS discounting",2025-11-10T18:40:00Z
2025-11-11,22,0.0844,"log-linear DF bootstrap, OIS discounting",2025-11-11T18:40:00Z
2025-11-12,23,0.2121,"log-linear DF bootstrap, OIS discounting",2025-11-12T18:40:00Z
2025-11-13,21,0.1826,"log-linear DF bootstrap, OIS discounting",2025-11-13T18:40:00Z
2025-11-14,24,0.3423,"log-linear DF bootstrap, OIS discounting",2025-11-14T18:40:00Z
2025-11-17,24,0.2464,"log-linear DF bootstrap, OIS discounting",2025-11-17T18:40:00Z
2025-11-18,21,0.2063,"log-linear DF bootstrap, OIS discounting",2025-11-18T18:40:00Z
2025-11-19,24,0.1113,"log-linear DF bootstrap, OIS discounting",2025-11-19T18:40:00Z
2025-11-20,22,0.1634,"log-linear DF bootstrap, OIS discounting",2025-11-20T18:40:00Z
2025-11-21,23,0.273,"log-linear DF bootstrap, OIS discounting",2025-11-21T18:40:00Z
2025-11-24,21,0.1225,"log-linear DF bootstrap, OIS discounting",2025-11-24T18:40:00Z
2025-11-25,22,0.0822,"log-linear DF bootstrap, OIS discounting",2025-11-25T18:40:00Z
2025-11-26,21,0.219,"log-linear DF bootstrap, OIS discounting",2025-11-26T18:40:00Z
2025-11-27,24,0.2188,"log-linear DF bootstrap, OIS discounting",2025-11-27T18:40:00Z
2025-11-28,21,0.1356,"log-linear DF bootstrap, OIS discounting",2025-11-28T18:40:00Z
2025-12-01,22,0.2158,"log-linear DF bootstrap, OIS discounting",2025-12-01T18:40:00Z
2025-12-02,22,0.1916,"log-linear DF bootstrap, OIS discounting",2025-12-02T18:40:00Z
2025-12-03,24,0.2044,"log-linear DF bootstrap, OIS discounting",2025-12-03T18:40:00Z
2025-12-04,23,0.156,"log-linear DF bootstrap, OIS discounting",2025-12-04T18:40:00Z
2025-12-05,23,0.3405,"log-linear DF bootstrap, OIS discounting",2025-12-05T18:40:00Z
2025-12-08,24,0.1111,"log-linear DF bootstrap, OIS discounting",2025-12-08T18:40:00Z
2025-12-09,21,0.2003,"log-linear DF bootstrap, OIS discounting",2025-12-09T18:40:00Z
2025-12-10,22,0.1659,"log-linear DF bootstrap, OIS discounting",2025-12-10T18:40:00Z
2025-12-11,23,0.3583,"log-linear DF bootstrap, OIS discounting",2025-12-11T18:40:00Z
2025-12-12,23,0.3006,"log-linear DF bootstrap, OIS discounting",2025-12-12T18:40:00Z
2025-12-15,22,0.2047,"log-linear DF bootstrap, OIS discounting",2025-12-15T18:40:00Z
2025-12-16,23,0.1889,"log-linear DF bootstrap, OIS discounting",2025-12-16T18:40:00Z
2025-12-17,22,0.315,"log-linear DF bootstrap, OIS discounting",2025-12-17T18:40:00Z
2025-12-18,23,0.212,"log-linear DF bootstrap, OIS discounting",2025-12-18T18:40:00Z
2025-12-19,23,0.0677,"log-linear DF bootstrap, OIS discounting",2025-12-19T18:40:00Z
2025-12-22,23,0.2861,"log-linear DF bootstrap, OIS discounting",2025-12-22T18:40:00Z
2025-12-23,21,0.2513,"log-linear DF bootstrap, OIS discounting",2025-12-23T18:40:00Z
2025-12-24,21,0.1331,"log-linear DF bootstrap, OIS discounting",2025-12-24T18:40:00Z
2025-12-25,23,0.1848,"log-linear DF bootstrap, OIS discounting",2025-12-25T18:40:00Z
2025-12-26,22,0.1149,"log-linear DF bootstrap, OIS discounting",2025-12-26T18:40:00Z
2025-12-29,23,0.2189,"log-linear DF bootstrap, OIS discounting",2025-12-29T18:40:00Z
2025-12-30,22,0.236,"log-linear DF bootstrap, OIS discounting",2025-12-30T18:40:00Z
2025-12-31,24,0.2229,"log-linear DF bootstrap, OIS discounting",2025-12-31T18:40:00Z
2026-01-01,23,0.3195,"log-linear DF bootstrap, OIS discounting",2026-01-01T18:40:00Z
2026-01-02,22,0.3402,"log-linear DF bootstrap, OIS discounting",2026-01-02T18:40:00Z
2026-01-05,21,0.2444,"log-linear DF bootstrap, OIS discounting",2026-01-05T18:40:00Z
2026-01-06,24,0.2144,"log-linear DF bootstrap, OIS discounting",2026-01-06T18:40:00Z
2026-01-07,24,0.3702,"log-linear DF bootstrap, OIS discounting",2026-01-07T18:40:00Z
2026-01-08,22,0.1865,"log-linear DF bootstrap, OIS discounting",2026-01-08T18:40:00Z
2026-01-09,24,0.2888,"log-linear DF bootstrap, OIS discounting",2026-01-09T18:40:00Z
2026-01-12,22,0.0813,"log-linear DF bootstrap, OIS discounting",2026-01-12T18:40:00Z
2026-01-13,22,0.1402,"log-linear DF bootstrap, OIS discounting",2026-01-13T18:40:00Z
2026-01-14,24,0.2229,"log-linear DF bootstrap, OIS discounting",2026-01-14T18:40:00Z
2026-01-15,24,0.054,"log-linear DF bootstrap, OIS discounting",2026-01-15T18:40:00Z
2026-01-16,21,0.0684,"log-linear DF bootstrap, OIS discounting",2026-01-16T18:40:00Z
2026-01-19,22,0.2294,"log-linear DF bootstrap, OIS discounting",2026-01-19T18:40:00Z
2026-01-20,22,0.2205,"log-linear DF bootstrap, OIS discounting",2026-01-20T18:40:00Z
2026-01-21,22,0.241,"log-linear DF bootstrap, OIS discounting",2026-01-21T18:40:00Z
2026-01-22,22,0.2347,"log-linear DF bootstrap, OIS discounting",2026-01-22T18:40:00Z
2026-01-23,23,0.1846,"log-linear DF bootstrap, OIS discounting",2026-01-23T18:40:00Z
2026-01-26,22,0.1683,"log-linear DF bootstrap, OIS discounting",2026-01-26T18:40:00Z
2026-01-27,23,0.1678,"log-linear DF bootstrap, OIS discounting",2026-01-27T18:40:00Z
2026-01-28,24,0.2114,"log-linear DF bootstrap, OIS discounting",2026-01-28T18:40:00Z
2026-01-29,24,0.1748,"log-linear DF bootstrap, OIS discounting",2026-01-29T18:40:00Z
2026-01-30,23,0.1549,"log-linear DF bootstrap, OIS discounting",2026-01-30T18:40:00Z
2026-02-02,21,0.1771,"log-linear DF bootstrap, OIS discounting",2026-02-02T18:40:00Z
2026-02-03,22,0.2398,"log-linear DF bootstrap, OIS discounting",2026-02-03T18:40:00Z
2026-02-04,23,0.2167,"log-linear DF bootstrap, OIS discounting",2026-02-04T18:40:00Z
2026-02-05,22,0.3783,"log-linear DF bootstrap, OIS discounting",2026-02-05T18:40:00Z
2026-02-06,23,0.3023,"log-linear DF bootstrap, OIS discounting",2026-02-06T18:40:00Z
2026-02-09,24,0.2541,"log-linear DF bootstrap, OIS discounting",2026-02-09T18:40:00Z
2026-02-10,22,0.0552,"log-linear DF bootstrap, OIS discounting",2026-02-10T18:40:00Z
2026-02-11,22,0.1993,"log-linear DF bootstrap, OIS discounting",2026-02-11T18:40:00Z
2026-02-12,23,0.2892,"log-linear DF bootstrap, OIS discounting",2026-02-12T18:40:00Z
2026-02-13,21,0.2144,"log-linear DF bootstrap, OIS discounting",2026-02-13T18:40:00Z
2026-02-16,24,0.0492,"log-linear DF bootstrap, OIS discounting",2026-02-16T18:40:00Z
2026-02-17,23,0.29,"log-linear DF bootstrap, OIS discounting",2026-02-17T18:40:00Z
2026-02-18,23,0.2604,"log-linear DF bootstrap, OIS discounting",2026-02-18T18:40:00Z
2026-02-19,24,0.2326,"log-linear DF bootstrap, OIS discounting",2026-02-19T18:40:00Z
2026-02-20,23,0.2126,"log-linear DF bootstrap, OIS discounting",2026-02-20T18:40:00Z
2026-02-23,23,0.1025,"log-linear DF bootstrap, OIS discounting",2026-02-23T18:40:00Z
2026-02-24,21,0.2743,"log-linear DF bootstrap, OIS discounting",2026-02-24T18:40:00Z
2026-02-25,21,0.1466,"log-linear DF bootstrap, OIS discounting",2026-02-25T18:40:00Z
2026-02-26,23,0.0791,"log-linear DF bootstrap, OIS discounting",2026-02-26T18:40:00Z
2026-02-27,22,0.1443,"log-linear DF bootstrap, OIS discounting",2026-02-27T18:40:00Z
2026-03-02,21,0.2296,"log-linear DF bootstrap, OIS discounting",2026-03-02T18:40:00Z
2026-03-03,23,0.1522,"log-linear DF bootstrap, OIS discounting",2026-03-03T18:40:00Z
2026-03-04,21,0.075,"log-linear DF bootstrap, OIS discounting",2026-03-04T18:40:00Z
2026-03-05,21,0.3955,"log-linear DF bootstrap, OIS discounting",2026-03-05T18:40:00Z
2026-03-06,21,0.2423,"log-linear DF bootstrap, OIS discounting",2026-03-06T18:40:00Z
2026-03-09,22,0.2834,"log-linear DF bootstrap, OIS discounting",2026-03-09T18:40:00Z
2026-03-10,23,0.1576,"log-linear DF bootstrap, OIS discounting",2026-03-10T18:40:00Z
2026-03-11,24,0.2041,"log-linear DF bootstrap, OIS discounting",2026-03-11T18:40:00Z
2026-03-12,22,0.1483,"log-linear DF bootstrap, OIS discounting",2026-03-12T18:40:00Z
2026-03-13,24,0.2684,"log-linear DF bootstrap, OIS discounting",2026-03-13T18:40:00Z
2026-03-16,23,0.1637,"log-linear DF bootstrap, OIS discounting",2026-03-16T18:40:00Z
2026-03-17,22,0.291,"log-linear DF bootstrap, OIS discounting",2026-03-17T18:40:00Z
2026-03-18,22,0.1732,"log-linear DF bootstrap, OIS discounting",2026-03-18T18:40:00Z
2026-03-19,22,0.2227,"log-linear DF bootstrap, OIS discounting",2026-03-19T18:40:00Z
2026-03-20,22,0.1304,"log-linear DF bootstrap, OIS discounting",2026-03-20T18:40:00Z
2026-03-23,24,0.127,"log-linear DF bootstrap, OIS discounting",2026-03-23T18:40:00Z
2026-03-24,22,0.1852,"log-linear DF bootstrap, OIS discounting",2026-03-24T18:40:00Z
2026-03-25,24,0.1615,"log-linear DF bootstrap, OIS discounting",2026-03-25T18:40:00Z
2026-03-26,23,0.1729,"log-linear DF bootstrap, OIS discounting",2026-03-26T18:40:00Z
2026-03-27,23,0.0626,"log-linear DF bootstrap, OIS discounting",2026-03-27T18:40:00Z
2026-03-30,21,0.0529,"log-linear DF bootstrap, OIS discounting",2026-03-30T18:40:00Z
2026-03-31,23,0.2003,"log-linear DF bootstrap, OIS discounting",2026-03-31T18:40:00Z
2026-04-01,23,0.0689,"log-linear DF bootstrap, OIS discounting",2026-04-01T18:40:00Z
2026-04-02,22,0.1561,"log-linear DF bootstrap, OIS discounting",2026-04-02T18:40:00Z
2026-04-03,21,0.2878,"log-linear DF bootstrap, OIS discounting",2026-04-03T18:40:00Z
2026-04-06,23,0.0406,"log-linear DF bootstrap, OIS discounting",2026-04-06T18:40:00Z
2026-04-07,24,0.2307,"log-linear DF bootstrap, OIS discounting",2026-04-07T18:40:00Z
2026-04-08,22,0.0438,"log-linear DF bootstrap, OIS discounting",2026-04-08T18:40:00Z
2026-04-09,24,0.1903,"log-linear DF bootstrap, OIS discounting",2026-04-09T18:40:00Z
2026-04-10,22,0.1018,"log-linear DF bootstrap, OIS discounting",2026-04-10T18:40:00Z
2026-04-13,23,0.2134,"log-linear DF bootstrap, OIS discounting",2026-04-13T18:40:00Z
2026-04-14,22,0.3133,"log-linear DF bootstrap, OIS discounting",2026-04-14T18:40:00Z
2026-04-15,22,0.2587,"log-linear DF bootstrap, OIS discounting",2026-04-15T18:40:00Z
2026-04-16,21,0.2361,"log-linear DF bootstrap, OIS discounting",2026-04-16T18:40:00Z
2026-04-17,22,0.2228,"log-linear DF bootstrap, OIS discounting",2026-04-17T18:40:00Z
2026-04-20,22,0.1785,"log-linear DF bootstrap, OIS discounting",2026-04-20T18:40:00Z
2026-04-21,23,0.0925,"log-linear DF bootstrap, OIS discounting",2026-04-21T18:40:00Z
2026-04-22,24,0.0992,"log-linear DF bootstrap, OIS discounting",2026-04-22T18:40:00Z
2026-04-23,22,0.1806,"log-linear DF bootstrap, OIS discounting",2026-04-23T18:40:00Z
2026-04-24,23,0.1835,"log-linear DF bootstrap, OIS discounting",2026-04-24T18:40:00Z
2026-04-27,21,0.2453,"log-linear DF bootstrap, OIS discounting",2026-04-27T18:40:00Z
2026-04-28,21,0.2883,"log-linear DF bootstrap, OIS discounting",2026-04-28T18:40:00Z
2026-04-29,24,0.2287,"log-linear DF bootstrap, OIS discounting",2026-04-29T18:40:00Z
2026-04-30,23,0.2293,"log-linear DF bootstrap, OIS discounting",2026-04-30T18:40:00Z
2026-05-01,22,0.0872,"log-linear DF bootstrap, OIS discounting",2026-05-01T18:40:00Z
2026-05-04,24,0.2136,"log-linear DF bootstrap, OIS discounting",2026-05-04T18:40:00Z
2026-05-05,21,0.1627,"log-linear DF bootstrap, OIS discounting",2026-05-05T18:40:00Z
2026-05-06,22,0.3335,"log-linear DF bootstrap, OIS discounting",2026-05-06T18:40:00Z
2026-05-07,22,0.1919,"log-linear DF bootstrap, OIS discounting",2026-05-07T18:40:00Z
2026-05-08,21,0.0987,"log-linear DF bootstrap, OIS discounting",2026-05-08T18:40:00Z
2026-05-11,21,0.3099,"log-linear DF bootstrap, OIS discounting",2026-05-11T18:40:00Z
2026-05-12,24,0.1329,"log-linear DF bootstrap, OIS discounting",2026-05-12T18:40:00Z
2026-05-13,24,0.1848,"log-linear DF bootstrap, OIS discounting",2026-05-13T18:40:00Z
2026-05-14,23,0.2136,"log-linear DF bootstrap, OIS discounting",2026-05-14T18:40:00Z
2026-05-15,24,0.0496,"log-linear DF bootstrap, OIS discounting",2026-05-15T18:40:00Z
2026-05-18,23,0.2296,"log-linear DF bootstrap, OIS discounting",2026-05-18T18:40:00Z
2026-05-19,23,0.3828,"log-linear DF bootstrap, OIS discounting",2026-05-19T18:40:00Z
2026-05-20,21,0.208,"log-linear DF bootstrap, OIS discounting",2026-05-20T18:40:00Z
2026-05-21,23,0.1658,"log-linear DF bootstrap, OIS discounting",2026-05-21T18:40:00Z
2026-05-22,22,0.3607,"log-linear DF bootstrap, OIS discounting",2026-05-22T18:40:00Z
2026-05-25,21,0.251,"log-linear DF bootstrap, OIS discounting",2026-05-25T18:40:00Z
2026-05-26,21,0.2396,"log-linear DF bootstrap, OIS discounting",2026-05-26T18:40:00Z
2026-05-27,23,0.2579,"log-linear DF bootstrap, OIS discounting",2026-05-27T18:40:00Z
2026-05-28,24,0.1296,"log-linear DF bootstrap, OIS discounting",2026-05-28T18:40:00Z
2026-05-29,22,0.042,"log-linear DF bootstrap, OIS discounting",2026-05-29T18:40:00Z
2026-06-01,24,0.2948,"log-linear DF bootstrap, OIS discounting",2026-06-01T18:40:00Z
2026-06-02,21,0.1351,"log-linear DF bootstrap, OIS discounting",2026-06-02T18:40:00Z
2026-06-03,21,0.1695,"log-linear DF bootstrap, OIS discounting",2026-06-03T18:40:00Z
2026-06-04,22,0.0529,"log-linear DF bootstrap, OIS discounting",2026-06-04T18:40:00Z
2026-06-05,24,0.1738,"log-linear DF bootstrap, OIS discounting",2026-06-05T18:40:00Z
2026-06-08,21,0.0997,"log-linear DF bootstrap, OIS discounting",2026-06-08T18:40:00Z
2026-06-09,24,0.1075,"log-linear DF bootstrap, OIS discounting",2026-06-09T18:40:00Z
2026-06-10,21,0.3434,"log-linear DF bootstrap, OIS discounting",2026-06-10T18:40:00Z
2026-06-11,21,0.167,"log-linear DF bootstrap, OIS discounting",2026-06-11T18:40:00Z
2026-06-12,24,0.3434,"log-linear DF bootstrap, OIS discounting",2026-06-12T18:40:00Z
2026-06-15,22,0.2141,"log-linear DF bootstrap, OIS discounting",2026-06-15T18:40:00Z
2026-06-16,23,0.2998,"log-linear DF bootstrap, OIS discounting",2026-06-16T18:40:00Z
2026-06-17,24,0.1181,"log-linear DF bootstrap, OIS discounting",2026-06-17T18:40:00Z
2026-06-18,21,0.1909,"log-linear DF bootstrap, OIS discounting",2026-06-18T18:40:00Z
2026-06-19,23,0.2266,"log-linear DF bootstrap, OIS discounting",2026-06-19T18:40:00Z
2026-06-22,24,0.2179,"log-linear DF bootstrap, OIS discounting",2026-06-22T18:40:00Z
2026-06-23,22,0.1984,"log-linear DF bootstrap, OIS discounting",2026-06-23T18:40:00Z
2026-06-24,21,0.2566,"log-linear DF bootstrap, OIS discounting",2026-06-24T18:40:00Z
2026-06-25,22,0.0757,"log-linear DF bootstrap, OIS discounting",2026-06-25T18:40:00Z
2026-06-26,21,0.2927,"log-linear DF bootstrap, OIS discounting",2026-06-26T18:40:00Z
2026-06-29,24,0.0933,"log-linear DF bootstrap, OIS discounting",2026-06-29T18:40:00Z
2026-06-30,23,0.2527,"log-linear DF bootstrap, OIS discounting",2026-06-30T18:40:00Z
