date,card,tenure_months,prior_disputes,kt
2025-02-28,C00000,36,1,2025-03-10T07:00:00Z
2025-02-28,C00001,31,0,2025-03-10T07:00:00Z
2025-02-28,C00002,115,1,2025-03-10T07:00:00Z
2025-02-28,C00003,125,0,2025-03-10T07:00:00Z
2025-02-28,C00004,16,0,2025-03-10T07:00:00Z
2025-02-28,C00005,109,1,2025-03-10T07:00:00Z
2025-02-28,C00006,94,0,2025-03-10T07:00:00Z
2025-02-28,C00007,113,0,2025-03-10T07:00:00Z
2025-02-28,C00008,77,0,2025-03-10T07:00:00Z
2025-02-28,C00009,143,2,2025-03-10T07:00:00Z
2025-02-28,C00010,7,1,2025-03-10T07:00:00Z
2025-02-28,C00011,84,1,2025-03-10T07:00:00Z
2025-02-28,C00012,33,0,2025-03-10T07:00:00Z
2025-02-28,C00013,10,0,2025-03-10T07:00:00Z
2025-02-28,C00014,133,2,2025-03-10T07:00:00Z
2025-02-28,C00015,127,0,2025-03-10T07:00:00Z
2025-02-28,C00016,143,0,2025-03-10T07:00:00Z
2025-02-28,C00017,60,0,2025-03-10T07:00:00Z
2025-02-28,C00018,10,0,2025-03-10T07:00:00Z
2025-02-28,C00019,58,0,2025-03-10T07:00:00Z
2025-02-28,C00020,125,0,2025-03-10T07:00:00Z
2025-02-28,C00021,18,4,2025-03-10T07:00:00Z
2025-02-28,C00022,37,0,2025-03-10T07:00:00Z
2025-02-28,C00023,116,0,2025-03-10T07:00:00Z
2025-02-28,C00024,23,0,2025-03-10T07:00:00Z
2025-02-28,C00025,62,0,2025-03-10T07:00:00Z
2025-02-28,C00026,119,0,2025-03-10T07:00:00Z
2025-02-28,C00027,135,2,2025-03-10T07:00:00Z
2025-02-28,C00028,65,0,2025-03-10T07:00:00Z
2025-02-28,C00029,7,0,2025-03-10T07:00:00Z
2025-02-28,C00030,5,0,2025-03-10T07:00:00Z
2025-02-28,C00031,64,2,2025-03-10T07:00:00Z
2025-02-28,C00032,102,0,2025-03-10T07:00:00Z
2025-02-28,C00033,97,0,2025-03-10T07:00:00Z
2025-02-28,C00034,61,0,2025-03-10T07:00:00Z
2025-02-28,C00035,80,1,2025-03-10T07:00:00Z
2025-02-28,C00036,130,0,2025-03-10T07:00:00Z
2025-02-28,C00037,135,1,2025-03-10T07:00:00Z
2025-02-28,C00038,88,0,2025-03-10T07:00:00Z
2025-02-28,C00039,67,0,2025-03-10T07:00:00Z
2025-02-28,C00040,19,1,2025-03-10T07:00:00Z
2025-02-28,C00041,111,0,2025-03-10T07:00:00Z
2025-02-28,C00042,83,1,2025-03-10T07:00:00Z
2025-02-28,C00043,38,0,2025-03-10T07:00:00Z
2025-02-28,C00044,134,0,2025-03-10T07:00:00Z
2025-02-28,C00045,53,0,2025-03-10T07:00:00Z
2025-02-28,C00046,17,1,2025-03-10T07:00:00Z
2025-02-28,C00047,126,0,2025-03-10T07:00:00Z
2025-02-28,C00048,124,0,2025-03-10T07:00:00Z
2025-02-28,C00049,19,0,2025-03-10T07:00:00Z
2025-02-28,C00050,40,0,2025-03-10T07:00:00Z
2025-02-28,C00051,19,0,2025-03-10T07:00:00Z
2025-02-28,C00052,19,0,2025-03-10T07:00:00Z
2025-02-28,C00053,34,1,2025-03-10T07:00:00Z
2025-02-28,C00054,46,0,2025-03-10T07:00:00Z
2025-02-28,C00055,126,0,2025-03-10T07:00:00Z
2025-02-28,C00056,3,0,2025-03-10T07:00:00Z
2025-02-28,C00057,49,0,2025-03-10T07:00:00Z
2025-02-28,C00058,47,0,2025-03-10T07:00:00Z
2025-02-28,C00059,101,0,2025-03-10T07:00:00Z
2025-02-28,C00060,53,0,2025-03-10T07:00:00Z
2025-02-28,C00061,137,0,2025-03-10T07:00:00Z
2025-02-28,C00062,3,1,2025-03-10T07:00:00Z
2025-02-28,C00063,125,1,2025-03-10T07:00:00Z
2025-02-28,C00064,24,0,2025-03-10T07:00:00Z
2025-02-28,C00065,94,0,2025-03-10T07:00:00Z
2025-02-28,C00066,114,0,2025-03-10T07:00:00Z
2025-02-28,C00067,92,0,2025-03-10T07:00:00Z
2025-02-28,C00068,32,1,2025-03-10T07:00:00Z
2025-02-28,C00069,29,0,2025-03-10T07:00:00Z
2025-02-28,C00070,50,0,2025-03-10T07:00:00Z
2025-02-28,C00071,77,0,2025-03-10T07:00:00Z
2025-02-28,C00072,50,0,2025-03-10T07:00:00Z
2025-02-28,C00073,84,1,2025-03-10T07:00:00Z
2025-02-28,C00074,62,0,2025-03-10T07:00:00Z
2025-02-28,C00075,108,0,2025-03-10T07:00:00Z
2025-02-28,C00076,32,1,2025-03-10T07:00:00Z
2025-02-28,C00077,116,1,2025-03-10T07:00:00Z
2025-02-28,C00078,118,0,2025-03-10T07:00:00Z
2025-02-28,C00079,92,0,2025-03-10T07:00:00Z
2025-02-28,C00080,103,0,2025-03-10T07:00:00Z
2025-02-28,C00081,57,0,2025-03-10T07:00:00Z
2025-02-28,C00082,12,0,2025-03-10T07:00:00Z
2025-02-28,C00083,127,0,2025-03-10T07:00:00Z
2025-02-28,C00084,47,0,2025-03-10T07:00:00Z
2025-02-28,C00085,16,0,2025-03-10T07:00:00Z
2025-02-28,C00086,15,0,2025-03-10T07:00:00Z
2025-02-28,C00087,111,0,2025-03-10T07:00:00Z
2025-02-28,C00088,136,0,2025-03-10T07:00:00Z
2025-02-28,C00089,112,1,2025-03-10T07:00:00Z
2025-02-28,C00090,126,0,2025-03-10T07:00:00Z
2025-02-28,C00091,51,0,2025-03-10T07:00:00Z
2025-02-28,C00092,108,1,2025-03-10T07:00:00Z
2025-02-28,C00093,102,1,2025-03-10T07:00:00Z
2025-02-28,C00094,144,0,2025-03-10T07:00:00Z
2025-02-28,C00095,42,0,2025-03-10T07:00:00Z
2025-02-28,C00096,82,0,2025-03-10T07:00:00Z
2025-02-28,C00097,107,1,2025-03-10T07:00:00Z
2025-02-28,C00098,117,0,2025-03-10T07:00:00Z
2025-02-28,C00099,18,0,2025-03-10T07:00:00Z
2025-02-28,C00100,134,0,2025-03-10T07:00:00Z
2025-02-28,C00101,34,0,2025-03-10T07:00:00Z
2025-02-28,C00102,18,0,2025-03-10T07:00:00Z
2025-02-28,C00103,135,0,2025-03-10T07:00:00Z
2025-02-28,C00104,111,0,2025-03-10T07:00:00Z
2025-02-28,C00105,91,0,2025-03-10T07:00:00Z
2025-02-28,C00106,90,1,2025-03-10T07:00:00Z
2025-02-28,C00107,108,0,2025-03-10T07:00:00Z
2025-02-28,C00108,131,0,2025-03-10T07:00:00Z
2025-02-28,C00109,4,1,2025-03-10T07:00:00Z
2025-02-28,C00110,75,0,2025-03-10T07:00:00Z
2025-02-28,C00111,51,0,2025-03-10T07:00:00Z
2025-02-28,C00112,108,1,2025-03-10T07:00:00Z
2025-02-28,C00113,39,0,2025-03-10T07:00:00Z
2025-02-28,C00114,81,1,2025-03-10T07:00:00Z
2025-02-28,C00115,98,0,2025-03-10T07:00:00Z
2025-02-28,C00116,10,0,2025-03-10T07:00:00Z
2025-02-28,C00117,76,1,2025-03-10T07:00:00Z
2025-02-28,C00118,97,1,2025-03-10T07:00:00Z
2025-02-28,C00119,133,0,2025-03-10T07:00:00Z
2025-02-28,C00120,116,0,2025-03-10T07:00:00Z
2025-02-28,C00121,88,1,2025-03-10T07:00:00Z
2025-02-28,C00122,82,1,2025-03-10T07:00:00Z
2025-02-28,C00123,122,0,2025-03-10T07:00:00Z
2025-02-28,C00124,16,0,2025-03-10T07:00:00Z
2025-02-28,C00125,114,0,2025-03-10T07:00:00Z
2025-02-28,C00126,131,0,2025-03-10T07:00:00Z
2025-02-28,C00127,77,1,2025-03-10T07:00:00Z
2025-02-28,C00128,135,0,2025-03-10T07:00:00Z
2025-02-28,C00129,22,0,2025-03-10T07:00:00Z
2025-02-28,C00130,23,0,2025-03-10T07:00:00Z
2025-02-28,C00131,143,0,2025-03-10T07:00:00Z
2025-02-28,C00132,72,0,2025-03-10T07:00:00Z
2025-02-28,C00133,137,0,2025-03-10T07:00:00Z
2025-02-28,C00134,103,0,2025-03-10T07:00:00Z
2025-02-28,C00135,110,0,2025-03-10T07:00:00Z
2025-02-28,C00136,41,0,2025-03-10T07:00:00Z
2025-02-28,C00137,111,0,2025-03-10T07:00:00Z
2025-02-28,C00138,107,0,2025-03-10T07:00:00Z
2025-02-28,C00139,40,0,2025-03-10T07:00:00Z
2025-02-28,C00140,50,0,2025-03-10T07:00:00Z
2025-02-28,C00141,108,0,2025-03-10T07:00:00Z
2025-02-28,C00142,116,0,2025-03-10T07:00:00Z
2025-02-28,C00143,105,0,2025-03-10T07:00:00Z
2025-02-28,C00144,130,0,2025-03-10T07:00:00Z
2025-02-28,C00145,123,0,2025-03-10T07:00:00Z
2025-02-28,C00146,67,0,2025-03-10T07:00:00Z
2025-02-28,C00147,8,0,2025-03-10T07:00:00Z
2025-02-28,C00148,67,0,2025-03-10T07:00:00Z
2025-02-28,C00149,117,0,2025-03-10T07:00:00Z
2025-02-28,C00150,130,0,2025-03-10T07:00:00Z
2025-02-28,C00151,45,0,2025-03-10T07:00:00Z
2025-02-28,C00152,4,0,2025-03-10T07:00:00Z
2025-02-28,C00153,55,0,2025-03-10T07:00:00Z
2025-02-28,C00154,91,0,2025-03-10T07:00:00Z
2025-02-28,C00155,94,1,2025-03-10T07:00:00Z
2025-02-28,C00156,47,1,2025-03-10T07:00:00Z
2025-02-28,C00157,83,0,2025-03-10T07:00:00Z
2025-02-28,C00158,10,0,2025-03-10T07:00:00Z
2025-02-28,C00159,39,0,2025-03-10T07:00:00Z
2025-02-28,C00160,39,0,2025-03-10T07:00:00Z
2025-02-28,C00161,121,0,2025-03-10T07:00:00Z
2025-02-28,C00162,80,1,2025-03-10T07:00:00Z
2025-02-28,C00163,9,0,2025-03-10T07:00:00Z
2025-02-28,C00164,38,0,2025-03-10T07:00:00Z
2025-02-28,C00165,30,0,2025-03-10T07:00:00Z
2025-02-28,C00166,81,0,2025-03-10T07:00:00Z
2025-02-28,C00167,138,0,2025-03-10T07:00:00Z
2025-02-28,C00168,103,1,2025-03-10T07:00:00Z
2025-02-28,C00169,67,0,2025-03-10T07:00:00Z
2025-02-28,C00170,18,2,2025-03-10T07:00:00Z
2025-02-28,C00171,26,0,2025-03-10T07:00:00Z
2025-02-28,C00172,60,0,2025-03-10T07:00:00Z
2025-02-28,C00173,136,0,2025-03-10T07:00:00Z
2025-02-28,C00174,38,0,2025-03-10T07:00:00Z
2025-02-28,C00175,44,0,2025-03-10T07:00:00Z
2025-02-28,C00176,18,0,2025-03-10T07:00:00Z
2025-02-28,C00177,46,0,2025-03-10T07:00:00Z
2025-02-28,C00178,87,0,2025-03-10T07:00:00Z
2025-02-28,C00179,76,0,2025-03-10T07:00:00Z
2025-02-28,C00180,120,0,2025-03-10T07:00:00Z
2025-02-28,C00181,54,0,2025-03-10T07:00:00Z
2025-02-28,C00182,50,0,2025-03-10T07:00:00Z
2025-02-28,C00183,4,0,2025-03-10T07:00:00Z
2025-02-28,C00184,39,0,2025-03-10T07:00:00Z
2025-02-28,C00185,105,0,2025-03-10T07:00:00Z
2025-02-28,C00186,119,0,2025-03-10T07:00:00Z
2025-02-28,C00187,144,0,2025-03-10T07:00:00Z
2025-02-28,C00188,111,0,2025-03-10T07:00:00Z
2025-02-28,C00189,112,1,2025-03-10T07:00:00Z
2025-02-28,C00190,71,0,2025-03-10T07:00:00Z
2025-02-28,C00191,142,1,2025-03-10T07:00:00Z
2025-02-28,C00192,50,1,2025-03-10T07:00:00Z
2025-02-28,C00193,25,0,2025-03-10T07:00:00Z
2025-02-28,C00194,59,0,2025-03-10T07:00:00Z
2025-02-28,C00195,118,0,2025-03-10T07:00:00Z
2025-02-28,C00196,54,0,2025-03-10T07:00:00Z
2025-02-28,C00197,144,0,2025-03-10T07:00:00Z
2025-02-28,C00198,33,0,2025-03-10T07:00:00Z
2025-02-28,C00199,137,0,2025-03-10T07:00:00Z
2025-02-28,C00200,27,1,2025-03-10T07:00:00Z
2025-02-28,C00201,71,0,2025-03-10T07:00:00Z
2025-02-28,C00202,30,0,2025-03-10T07:00:00Z
2025-02-28,C00203,106,0,2025-03-10T07:00:00Z
2025-02-28,C00204,17,0,2025-03-10T07:00:00Z
2025-02-28,C00205,90,0,2025-03-10T07:00:00Z
2025-02-28,C00206,78,0,2025-03-10T07:00:00Z
2025-02-28,C00207,128,0,2025-03-10T07:00:00Z
2025-02-28,C00208,16,0,2025-03-10T07:00:00Z
2025-02-28,C00209,36,0,2025-03-10T07:00:00Z
2025-02-28,C00210,51,0,2025-03-10T07:00:00Z
2025-02-28,C00211,112,1,2025-03-10T07:00:00Z
2025-02-28,C00212,3,1,2025-03-10T07:00:00Z
2025-02-28,C00213,32,0,2025-03-10T07:00:00Z
2025-02-28,C00214,108,1,2025-03-10T07:00:00Z
2025-02-28,C00215,36,1,2025-03-10T07:00:00Z
2025-02-28,C00216,17,0,2025-03-10T07:00:00Z
2025-02-28,C00217,76,1,2025-03-10T07:00:00Z
2025-02-28,C00218,86,0,2025-03-10T07:00:00Z
2025-02-28,C00219,85,0,2025-03-10T07:00:00Z
2025-02-28,C00220,122,1,2025-03-10T07:00:00Z
2025-02-28,C00221,27,0,2025-03-10T07:00:00Z
2025-02-28,C00222,30,0,2025-03-10T07:00:00Z
2025-02-28,C00223,89,0,2025-03-10T07:00:00Z
2025-02-28,C00224,10,0,2025-03-10T07:00:00Z
2025-02-28,C00225,115,0,2025-03-10T07:00:00Z
2025-02-28,C00226,8,0,2025-03-10T07:00:00Z
2025-02-28,C00227,3,1,2025-03-10T07:00:00Z
2025-02-28,C00228,142,0,2025-03-10T07:00:00Z
2025-02-28,C00229,104,0,2025-03-10T07:00:00Z
2025-02-28,C00230,82,0,2025-03-10T07:00:00Z
2025-02-28,C00231,12,0,2025-03-10T07:00:00Z
2025-02-28,C00232,106,0,2025-03-10T07:00:00Z
2025-02-28,C00233,141,0,2025-03-10T07:00:00Z
2025-02-28,C00234,58,0,2025-03-10T07:00:00Z
2025-02-28,C00235,103,0,2025-03-10T07:00:00Z
2025-02-28,C00236,111,0,2025-03-10T07:00:00Z
2025-02-28,C00237,8,0,2025-03-10T07:00:00Z
2025-02-28,C00238,84,0,2025-03-10T07:00:00Z
2025-02-28,C00239,75,1,2025-03-10T07:00:00Z
2025-02-28,C00240,115,0,2025-03-10T07:00:00Z
2025-02-28,C00241,99,0,2025-03-10T07:00:00Z
2025-02-28,C00242,102,0,2025-03-10T07:00:00Z
2025-02-28,C00243,11,0,2025-03-10T07:00:00Z
2025-02-28,C00244,130,0,2025-03-10T07:00:00Z
2025-02-28,C00245,114,0,2025-03-10T07:00:00Z
2025-02-28,C00246,53,0,2025-03-10T07:00:00Z
2025-02-28,C00247,36,0,2025-03-10T07:00:00Z
2025-02-28,C00248,82,0,2025-03-10T07:00:00Z
2025-02-28,C00249,62,0,2025-03-10T07:00:00Z
2025-02-28,C00250,14,0,2025-03-10T07:00:00Z
2025-02-28,C00251,39,0,2025-03-10T07:00:00Z
2025-02-28,C00252,125,0,2025-03-10T07:00:00Z
2025-02-28,C00253,5,1,2025-03-10T07:00:00Z
2025-02-28,C00254,40,0,2025-03-10T07:00:00Z
2025-02-28,C00255,18,0,2025-03-10T07:00:00Z
2025-02-28,C00256,132,0,2025-03-10T07:00:00Z
2025-02-28,C00257,7,0,2025-03-10T07:00:00Z
2025-02-28,C00258,14,0,2025-03-10T07:00:00Z
2025-02-28,C00259,63,0,2025-03-10T07:00:00Z
2025-02-28,C00260,138,2,2025-03-10T07:00:00Z
2025-02-28,C00261,54,0,2025-03-10T07:00:00Z
2025-02-28,C00262,133,0,2025-03-10T07:00:00Z
2025-02-28,C00263,90,1,2025-03-10T07:00:00Z
2025-02-28,C00264,79,0,2025-03-10T07:00:00Z
2025-02-28,C00265,32,1,2025-03-10T07:00:00Z
2025-02-28,C00266,32,0,2025-03-10T07:00:00Z
2025-02-28,C00267,85,0,2025-03-10T07:00:00Z
2025-02-28,C00268,120,0,2025-03-10T07:00:00Z
2025-02-28,C00269,55,0,2025-03-10T07:00:00Z
2025-02-28,C00270,51,0,2025-03-10T07:00:00Z
2025-02-28,C00271,79,0,2025-03-10T07:00:00Z
2025-02-28,C00272,142,0,2025-03-10T07:00:00Z
2025-02-28,C00273,115,0,2025-03-10T07:00:00Z
2025-02-28,C00274,69,1,2025-03-10T07:00:00Z
2025-02-28,C00275,65,1,2025-03-10T07:00:00Z
2025-02-28,C00276,23,1,2025-03-10T07:00:00Z
2025-02-28,C00277,129,0,2025-03-10T07:00:00Z
2025-02-28,C00278,57,0,2025-03-10T07:00:00Z
2025-02-28,C00279,13,0,2025-03-10T07:00:00Z
2025-02-28,C00280,67,0,2025-03-10T07:00:00Z
2025-02-28,C00281,116,1,2025-03-10T07:00:00Z
2025-02-28,C00282,30,0,2025-03-10T07:00:00Z
2025-02-28,C00283,97,0,2025-03-10T07:00:00Z
2025-02-28,C00284,58,1,2025-03-10T07:00:00Z
2025-02-28,C00285,119,1,2025-03-10T07:00:00Z
2025-02-28,C00286,111,1,2025-03-10T07:00:00Z
2025-02-28,C00287,23,1,2025-03-10T07:00:00Z
2025-02-28,C00288,105,1,2025-03-10T07:00:00Z
2025-02-28,C00289,45,0,2025-03-10T07:00:00Z
2025-02-28,C00290,131,0,2025-03-10T07:00:00Z
2025-02-28,C00291,136,0,2025-03-10T07:00:00Z
2025-02-28,C00292,37,1,2025-03-10T07:00:00Z
2025-02-28,C00293,66,0,2025-03-10T07:00:00Z
2025-02-28,C00294,90,0,2025-03-10T07:00:00Z
2025-02-28,C00295,104,2,2025-03-10T07:00:00Z
2025-02-28,C00296,123,0,2025-03-10T07:00:00Z
2025-02-28,C00297,22,1,2025-03-10T07:00:00Z
2025-02-28,C00298,19,0,2025-03-10T07:00:00Z
2025-02-28,C00299,122,0,2025-03-10T07:00:00Z
2025-03-31,C00000,37,1,2025-04-10T07:00:00Z
2025-03-31,C00001,32,0,2025-04-10T07:00:00Z
2025-03-31,C00002,116,1,2025-04-10T07:00:00Z
2025-03-31,C00003,126,0,2025-04-10T07:00:00Z
2025-03-31,C00004,17,0,2025-04-10T07:00:00Z
2025-03-31,C00005,110,1,2025-04-10T07:00:00Z
2025-03-31,C00006,95,0,2025-04-10T07:00:00Z
2025-03-31,C00007,114,0,2025-04-10T07:00:00Z
2025-03-31,C00008,78,0,2025-04-10T07:00:00Z
2025-03-31,C00009,144,2,2025-04-10T07:00:00Z
2025-03-31,C00010,8,1,2025-04-10T07:00:00Z
2025-03-31,C00011,85,1,2025-04-10T07:00:00Z
2025-03-31,C00012,34,0,2025-04-10T07:00:00Z
2025-03-31,C00013,11,0,2025-04-10T07:00:00Z
2025-03-31,C00014,134,2,2025-04-10T07:00:00Z
2025-03-31,C00015,128,0,2025-04-10T07:00:00Z
2025-03-31,C00016,144,0,2025-04-10T07:00:00Z
2025-03-31,C00017,61,0,2025-04-10T07:00:00Z
2025-03-31,C00018,11,0,2025-04-10T07:00:00Z
2025-03-31,C00019,59,0,2025-04-10T07:00:00Z
2025-03-31,C00020,126,0,2025-04-10T07:00:00Z
2025-03-31,C00021,19,4,2025-04-10T07:00:00Z
2025-03-31,C00022,38,0,2025-04-10T07:00:00Z
2025-03-31,C00023,117,0,2025-04-10T07:00:00Z
2025-03-31,C00024,24,0,2025-04-10T07:00:00Z
2025-03-31,C00025,63,0,2025-04-10T07:00:00Z
2025-03-31,C00026,120,0,2025-04-10T07:00:00Z
2025-03-31,C00027,136,2,2025-04-10T07:00:00Z
2025-03-31,C00028,66,0,2025-04-10T07:00:00Z
2025-03-31,C00029,8,0,2025-04-10T07:00:00Z
2025-03-31,C00030,6,0,2025-04-10T07:00:00Z
2025-03-31,C00031,65,2,2025-04-10T07:00:00Z
2025-03-31,C00032,103,0,2025-04-10T07:00:00Z
2025-03-31,C00033,98,0,2025-04-10T07:00:00Z
2025-03-31,C00034,62,0,2025-04-10T07:00:00Z
2025-03-31,C00035,81,1,2025-04-10T07:00:00Z
2025-03-31,C00036,131,0,2025-04-10T07:00:00Z
2025-03-31,C00037,136,1,2025-04-10T07:00:00Z
2025-03-31,C00038,89,0,2025-04-10T07:00:00Z
2025-03-31,C00039,68,0,2025-04-10T07:00:00Z
2025-03-31,C00040,20,1,2025-04-10T07:00:00Z
2025-03-31,C00041,112,0,2025-04-10T07:00:00Z
2025-03-31,C00042,84,1,2025-04-10T07:00:00Z
2025-03-31,C00043,39,0,2025-04-10T07:00:00Z
2025-03-31,C00044,135,0,2025-04-10T07:00:00Z
2025-03-31,C00045,54,0,2025-04-10T07:00:00Z
2025-03-31,C00046,18,1,2025-04-10T07:00:00Z
2025-03-31,C00047,127,0,2025-04-10T07:00:00Z
2025-03-31,C00048,125,0,2025-04-10T07:00:00Z
2025-03-31,C00049,20,0,2025-04-10T07:00:00Z
2025-03-31,C00050,41,0,2025-04-10T07:00:00Z
2025-03-31,C00051,20,0,2025-04-10T07:00:00Z
2025-03-31,C00052,20,0,2025-04-10T07:00:00Z
2025-03-31,C00053,35,1,2025-04-10T07:00:00Z
2025-03-31,C00054,47,0,2025-04-10T07:00:00Z
2025-03-31,C00055,127,0,2025-04-10T07:00:00Z
2025-03-31,C00056,4,0,2025-04-10T07:00:00Z
2025-03-31,C00057,50,0,2025-04-10T07:00:00Z
2025-03-31,C00058,48,0,2025-04-10T07:00:00Z
2025-03-31,C00059,102,0,2025-04-10T07:00:00Z
2025-03-31,C00060,54,0,2025-04-10T07:00:00Z
2025-03-31,C00061,138,0,2025-04-10T07:00:00Z
2025-03-31,C00062,4,1,2025-04-10T07:00:00Z
2025-03-31,C00063,126,1,2025-04-10T07:00:00Z
2025-03-31,C00064,25,0,2025-04-10T07:00:00Z
2025-03-31,C00065,95,0,2025-04-10T07:00:00Z
2025-03-31,C00066,115,0,2025-04-10T07:00:00Z
2025-03-31,C00067,93,0,2025-04-10T07:00:00Z
2025-03-31,C00068,33,1,2025-04-10T07:00:00Z
2025-03-31,C00069,30,0,2025-04-10T07:00:00Z
2025-03-31,C00070,51,0,2025-04-10T07:00:00Z
2025-03-31,C00071,78,0,2025-04-10T07:00:00Z
2025-03-31,C00072,51,0,2025-04-10T07:00:00Z
2025-03-31,C00073,85,1,2025-04-10T07:00:00Z
2025-03-31,C00074,63,0,2025-04-10T07:00:00Z
2025-03-31,C00075,109,0,2025-04-10T07:00:00Z
2025-03-31,C00076,33,1,2025-04-10T07:00:00Z
2025-03-31,C00077,117,1,2025-04-10T07:00:00Z
2025-03-31,C00078,119,0,2025-04-10T07:00:00Z
2025-03-31,C00079,93,0,2025-04-10T07:00:00Z
2025-03-31,C00080,104,0,2025-04-10T07:00:00Z
2025-03-31,C00081,58,0,2025-04-10T07:00:00Z
2025-03-31,C00082,13,0,2025-04-10T07:00:00Z
2025-03-31,C00083,128,0,2025-04-10T07:00:00Z
2025-03-31,C00084,48,0,2025-04-10T07:00:00Z
2025-03-31,C00085,17,0,2025-04-10T07:00:00Z
2025-03-31,C00086,16,0,2025-04-10T07:00:00Z
2025-03-31,C00087,112,0,2025-04-10T07:00:00Z
2025-03-31,C00088,137,0,2025-04-10T07:00:00Z
2025-03-31,C00089,113,1,2025-04-10T07:00:00Z
2025-03-31,C00090,127,0,2025-04-10T07:00:00Z
2025-03-31,C00091,52,0,2025-04-10T07:00:00Z
2025-03-31,C00092,109,1,2025-04-10T07:00:00Z
2025-03-31,C00093,103,1,2025-04-10T07:00:00Z
2025-03-31,C00094,145,0,2025-04-10T07:00:00Z
2025-03-31,C00095,43,0,2025-04-10T07:00:00Z
2025-03-31,C00096,83,0,2025-04-10T07:00:00Z
2025-03-31,C00097,108,1,2025-04-10T07:00:00Z
2025-03-31,C00098,118,0,2025-04-10T07:00:00Z
2025-03-31,C00099,19,0,2025-04-10T07:00:00Z
2025-03-31,C00100,135,0,2025-04-10T07:00:00Z
2025-03-31,C00101,35,0,2025-04-10T07:00:00Z
2025-03-31,C00102,19,0,2025-04-10T07:00:00Z
2025-03-31,C00103,136,0,2025-04-10T07:00:00Z
2025-03-31,C00104,112,0,2025-04-10T07:00:00Z
2025-03-31,C00105,92,0,2025-04-10T07:00:00Z
2025-03-31,C00106,91,1,2025-04-10T07:00:00Z
2025-03-31,C00107,109,0,2025-04-10T07:00:00Z
2025-03-31,C00108,132,0,2025-04-10T07:00:00Z
2025-03-31,C00109,5,1,2025-04-10T07:00:00Z
2025-03-31,C00110,76,0,2025-04-10T07:00:00Z
2025-03-31,C00111,52,0,2025-04-10T07:00:00Z
2025-03-31,C00112,109,1,2025-04-10T07:00:00Z
2025-03-31,C00113,40,0,2025-04-10T07:00:00Z
2025-03-31,C00114,82,1,2025-04-10T07:00:00Z
2025-03-31,C00115,99,0,2025-04-10T07:00:00Z
2025-03-31,C00116,11,0,2025-04-10T07:00:00Z
2025-03-31,C00117,77,1,2025-04-10T07:00:00Z
2025-03-31,C00118,98,1,2025-04-10T07:00:00Z
2025-03-31,C00119,134,0,2025-04-10T07:00:00Z
2025-03-31,C00120,117,0,2025-04-10T07:00:00Z
2025-03-31,C00121,89,1,2025-04-10T07:00:00Z
2025-03-31,C00122,83,1,2025-04-10T07:00:00Z
2025-03-31,C00123,123,0,2025-04-10T07:00:00Z
2025-03-31,C00124,17,0,2025-04-10T07:00:00Z
2025-03-31,C00125,115,0,2025-04-10T07:00:00Z
2025-03-31,C00126,132,0,2025-04-10T07:00:00Z
2025-03-31,C00127,78,1,2025-04-10T07:00:00Z
2025-03-31,C00128,136,0,2025-04-10T07:00:00Z
2025-03-31,C00129,23,0,2025-04-10T07:00:00Z
2025-03-31,C00130,24,0,2025-04-10T07:00:00Z
2025-03-31,C00131,144,0,2025-04-10T07:00:00Z
2025-03-31,C00132,73,0,2025-04-10T07:00:00Z
2025-03-31,C00133,138,0,2025-04-10T07:00:00Z
2025-03-31,C00134,104,0,2025-04-10T07:00:00Z
2025-03-31,C00135,111,0,2025-04-10T07:00:00Z
2025-03-31,C00136,42,0,2025-04-10T07:00:00Z
2025-03-31,C00137,112,0,2025-04-10T07:00:00Z
2025-03-31,C00138,108,0,2025-04-10T07:00:00Z
2025-03-31,C00139,41,0,2025-04-10T07:00:00Z
2025-03-31,C00140,51,0,2025-04-10T07:00:00Z
2025-03-31,C00141,109,0,2025-04-10T07:00:00Z
2025-03-31,C00142,117,0,2025-04-10T07:00:00Z
2025-03-31,C00143,106,0,2025-04-10T07:00:00Z
2025-03-31,C00144,131,0,2025-04-10T07:00:00Z
2025-03-31,C00145,124,0,2025-04-10T07:00:00Z
2025-03-31,C00146,68,0,2025-04-10T07:00:00Z
2025-03-31,C00147,9,0,2025-04-10T07:00:00Z
2025-03-31,C00148,68,0,2025-04-10T07:00:00Z
2025-03-31,C00149,118,0,2025-04-10T07:00:00Z
2025-03-31,C00150,131,0,2025-04-10T07:00:00Z
2025-03-31,C00151,46,0,2025-04-10T07:00:00Z
2025-03-31,C00152,5,0,2025-04-10T07:00:00Z
2025-03-31,C00153,56,0,2025-04-10T07:00:00Z
2025-03-31,C00154,92,0,2025-04-10T07:00:00Z
2025-03-31,C00155,95,1,2025-04-10T07:00:00Z
2025-03-31,C00156,48,1,2025-04-10T07:00:00Z
2025-03-31,C00157,84,0,2025-04-10T07:00:00Z
2025-03-31,C00158,11,0,2025-04-10T07:00:00Z
2025-03-31,C00159,40,0,2025-04-10T07:00:00Z
2025-03-31,C00160,40,0,2025-04-10T07:00:00Z
2025-03-31,C00161,122,0,2025-04-10T07:00:00Z
2025-03-31,C00162,81,1,2025-04-10T07:00:00Z
2025-03-31,C00163,10,0,2025-04-10T07:00:00Z
2025-03-31,C00164,39,0,2025-04-10T07:00:00Z
2025-03-31,C00165,31,0,2025-04-10T07:00:00Z
2025-03-31,C00166,82,0,2025-04-10T07:00:00Z
2025-03-31,C00167,139,0,2025-04-10T07:00:00Z
2025-03-31,C00168,104,1,2025-04-10T07:00:00Z
2025-03-31,C00169,68,0,2025-04-10T07:00:00Z
2025-03-31,C00170,19,2,2025-04-10T07:00:00Z
2025-03-31,C00171,27,0,2025-04-10T07:00:00Z
2025-03-31,C00172,61,0,2025-04-10T07:00:00Z
2025-03-31,C00173,137,0,2025-04-10T07:00:00Z
2025-03-31,C00174,39,0,2025-04-10T07:00:00Z
2025-03-31,C00175,45,0,2025-04-10T07:00:00Z
2025-03-31,C00176,19,0,2025-04-10T07:00:00Z
2025-03-31,C00177,47,0,2025-04-10T07:00:00Z
2025-03-31,C00178,88,0,2025-04-10T07:00:00Z
2025-03-31,C00179,77,0,2025-04-10T07:00:00Z
2025-03-31,C00180,121,0,2025-04-10T07:00:00Z
2025-03-31,C00181,55,0,2025-04-10T07:00:00Z
2025-03-31,C00182,51,0,2025-04-10T07:00:00Z
2025-03-31,C00183,5,0,2025-04-10T07:00:00Z
2025-03-31,C00184,40,0,2025-04-10T07:00:00Z
2025-03-31,C00185,106,0,2025-04-10T07:00:00Z
2025-03-31,C00186,120,0,2025-04-10T07:00:00Z
2025-03-31,C00187,145,0,2025-04-10T07:00:00Z
2025-03-31,C00188,112,0,2025-04-10T07:00:00Z
2025-03-31,C00189,113,1,2025-04-10T07:00:00Z
2025-03-31,C00190,72,0,2025-04-10T07:00:00Z
2025-03-31,C00191,143,1,2025-04-10T07:00:00Z
2025-03-31,C00192,51,1,2025-04-10T07:00:00Z
2025-03-31,C00193,26,0,2025-04-10T07:00:00Z
2025-03-31,C00194,60,0,2025-04-10T07:00:00Z
2025-03-31,C00195,119,0,2025-04-10T07:00:00Z
2025-03-31,C00196,55,0,2025-04-10T07:00:00Z
2025-03-31,C00197,145,0,2025-04-10T07:00:00Z
2025-03-31,C00198,34,0,2025-04-10T07:00:00Z
2025-03-31,C00199,138,0,2025-04-10T07:00:00Z
2025-03-31,C00200,28,1,2025-04-10T07:00:00Z
2025-03-31,C00201,72,0,2025-04-10T07:00:00Z
2025-03-31,C00202,31,0,2025-04-10T07:00:00Z
2025-03-31,C00203,107,0,2025-04-10T07:00:00Z
2025-03-31,C00204,18,0,2025-04-10T07:00:00Z
2025-03-31,C00205,91,0,2025-04-10T07:00:00Z
2025-03-31,C00206,79,0,2025-04-10T07:00:00Z
2025-03-31,C00207,129,0,2025-04-10T07:00:00Z
2025-03-31,C00208,17,0,2025-04-10T07:00:00Z
2025-03-31,C00209,37,0,2025-04-10T07:00:00Z
2025-03-31,C00210,52,0,2025-04-10T07:00:00Z
2025-03-31,C00211,113,1,2025-04-10T07:00:00Z
2025-03-31,C00212,4,1,2025-04-10T07:00:00Z
2025-03-31,C00213,33,0,2025-04-10T07:00:00Z
2025-03-31,C00214,109,1,2025-04-10T07:00:00Z
2025-03-31,C00215,37,1,2025-04-10T07:00:00Z
2025-03-31,C00216,18,0,2025-04-10T07:00:00Z
2025-03-31,C00217,77,1,2025-04-10T07:00:00Z
2025-03-31,C00218,87,0,2025-04-10T07:00:00Z
2025-03-31,C00219,86,0,2025-04-10T07:00:00Z
2025-03-31,C00220,123,1,2025-04-10T07:00:00Z
2025-03-31,C00221,28,0,2025-04-10T07:00:00Z
2025-03-31,C00222,31,0,2025-04-10T07:00:00Z
2025-03-31,C00223,90,0,2025-04-10T07:00:00Z
2025-03-31,C00224,11,0,2025-04-10T07:00:00Z
2025-03-31,C00225,116,0,2025-04-10T07:00:00Z
2025-03-31,C00226,9,0,2025-04-10T07:00:00Z
2025-03-31,C00227,4,1,2025-04-10T07:00:00Z
2025-03-31,C00228,143,0,2025-04-10T07:00:00Z
2025-03-31,C00229,105,0,2025-04-10T07:00:00Z
2025-03-31,C00230,83,0,2025-04-10T07:00:00Z
2025-03-31,C00231,13,0,2025-04-10T07:00:00Z
2025-03-31,C00232,107,0,2025-04-10T07:00:00Z
2025-03-31,C00233,142,0,2025-04-10T07:00:00Z
2025-03-31,C00234,59,0,2025-04-10T07:00:00Z
2025-03-31,C00235,104,0,2025-04-10T07:00:00Z
2025-03-31,C00236,112,0,2025-04-10T07:00:00Z
2025-03-31,C00237,9,0,2025-04-10T07:00:00Z
2025-03-31,C00238,85,0,2025-04-10T07:00:00Z
2025-03-31,C00239,76,1,2025-04-10T07:00:00Z
2025-03-31,C00240,116,0,2025-04-10T07:00:00Z
2025-03-31,C00241,100,0,2025-04-10T07:00:00Z
2025-03-31,C00242,103,0,2025-04-10T07:00:00Z
2025-03-31,C00243,12,0,2025-04-10T07:00:00Z
2025-03-31,C00244,131,0,2025-04-10T07:00:00Z
2025-03-31,C00245,115,0,2025-04-10T07:00:00Z
2025-03-31,C00246,54,0,2025-04-10T07:00:00Z
2025-03-31,C00247,37,0,2025-04-10T07:00:00Z
2025-03-31,C00248,83,0,2025-04-10T07:00:00Z
2025-03-31,C00249,63,0,2025-04-10T07:00:00Z
2025-03-31,C00250,15,0,2025-04-10T07:00:00Z
2025-03-31,C00251,40,0,2025-04-10T07:00:00Z
2025-03-31,C00252,126,0,2025-04-10T07:00:00Z
2025-03-31,C00253,6,1,2025-04-10T07:00:00Z
2025-03-31,C00254,41,0,2025-04-10T07:00:00Z
2025-03-31,C00255,19,0,2025-04-10T07:00:00Z
2025-03-31,C00256,133,0,2025-04-10T07:00:00Z
2025-03-31,C00257,8,0,2025-04-10T07:00:00Z
2025-03-31,C00258,15,0,2025-04-10T07:00:00Z
2025-03-31,C00259,64,0,2025-04-10T07:00:00Z
2025-03-31,C00260,139,2,2025-04-10T07:00:00Z
2025-03-31,C00261,55,0,2025-04-10T07:00:00Z
2025-03-31,C00262,134,0,2025-04-10T07:00:00Z
2025-03-31,C00263,91,1,2025-04-10T07:00:00Z
2025-03-31,C00264,80,0,2025-04-10T07:00:00Z
2025-03-31,C00265,33,1,2025-04-10T07:00:00Z
2025-03-31,C00266,33,0,2025-04-10T07:00:00Z
2025-03-31,C00267,86,0,2025-04-10T07:00:00Z
2025-03-31,C00268,121,0,2025-04-10T07:00:00Z
2025-03-31,C00269,56,0,2025-04-10T07:00:00Z
2025-03-31,C00270,52,0,2025-04-10T07:00:00Z
2025-03-31,C00271,80,0,2025-04-10T07:00:00Z
2025-03-31,C00272,143,0,2025-04-10T07:00:00Z
2025-03-31,C00273,116,0,2025-04-10T07:00:00Z
2025-03-31,C00274,70,1,2025-04-10T07:00:00Z
2025-03-31,C00275,66,1,2025-04-10T07:00:00Z
2025-03-31,C00276,24,1,2025-04-10T07:00:00Z
2025-03-31,C00277,130,0,2025-04-10T07:00:00Z
2025-03-31,C00278,58,0,2025-04-10T07:00:00Z
2025-03-31,C00279,14,0,2025-04-10T07:00:00Z
2025-03-31,C00280,68,0,2025-04-10T07:00:00Z
2025-03-31,C00281,117,1,2025-04-10T07:00:00Z
2025-03-31,C00282,31,0,2025-04-10T07:00:00Z
2025-03-31,C00283,98,0,2025-04-10T07:00:00Z
2025-03-31,C00284,59,1,2025-04-10T07:00:00Z
2025-03-31,C00285,120,1,2025-04-10T07:00:00Z
2025-03-31,C00286,112,1,2025-04-10T07:00:00Z
2025-03-31,C00287,24,1,2025-04-10T07:00:00Z
2025-03-31,C00288,106,1,2025-04-10T07:00:00Z
2025-03-31,C00289,46,0,2025-04-10T07:00:00Z
2025-03-31,C00290,132,0,2025-04-10T07:00:00Z
2025-03-31,C00291,137,0,2025-04-10T07:00:00Z
2025-03-31,C00292,38,1,2025-04-10T07:00:00Z
2025-03-31,C00293,67,0,2025-04-10T07:00:00Z
2025-03-31,C00294,91,0,2025-04-10T07:00:00Z
2025-03-31,C00295,105,2,2025-04-10T07:00:00Z
2025-03-31,C00296,124,0,2025-04-10T07:00:00Z
2025-03-31,C00297,23,1,2025-04-10T07:00:00Z
2025-03-31,C00298,20,0,2025-04-10T07:00:00Z
2025-03-31,C00299,123,0,2025-04-10T07:00:00Z
