month,utilisation,delinquencies,age_of_file,inquiries,region
2026-01,0.2432,1,8.94,0,east
2026-01,0.3074,0,18.31,2,west
2026-01,0.4881,1,6.82,2,south
2026-01,0.2679,2,19.95,1,east
2026-01,0.2174,1,2.52,1,south
2026-01,0.2533,0,7.93,1,south
2026-01,0.6208,0,8.99,1,east
2026-01,0.4916,0,4.96,0,south
2026-01,0.4787,0,5.73,1,east
2026-01,0.2343,0,3.67,3,north
2026-01,0.4409,1,16.52,1,north
2026-01,0.5423,1,1.91,0,east
2026-01,0.3085,1,3.45,3,north
2026-01,0.3789,0,9.78,1,west
2026-01,0.863,0,11.28,2,south
2026-01,0.2589,0,18.47,0,east
2026-01,0.1346,0,4.77,0,east
2026-01,0.4321,0,5.08,1,south
2026-01,0.155,2,10.07,0,west
2026-01,0.3523,1,7.85,1,west
2026-01,0.1768,1,6.46,2,east
2026-01,0.3452,1,7.94,1,east
2026-01,0.5624,0,7.04,0,south
2026-01,0.8269,0,12.55,0,north
2026-01,0.5769,0,6.45,1,east
2026-01,0.5646,0,14.45,4,east
2026-01,0.0835,0,10.46,1,east
2026-01,0.5627,0,4.99,0,east
2026-01,0.6518,0,10.28,4,east
2026-01,0.1256,0,4.22,1,east
2026-01,0.6431,2,8.14,1,south
2026-01,0.3568,1,7.72,0,west
2026-01,0.3838,0,16.28,1,south
2026-01,0.7094,1,0.94,1,south
2026-01,0.1868,0,7.34,0,west
2026-01,0.4627,1,6.98,2,east
2026-01,0.5794,0,5.79,0,north
2026-01,0.7226,0,4.23,0,east
2026-01,0.5493,0,10.51,2,south
2026-01,0.3551,0,3.84,1,south
2026-01,0.3119,1,6.14,3,north
2026-01,0.3352,0,10.67,0,west
2026-01,0.5442,0,5.0,0,south
2026-01,0.6119,0,6.11,0,south
2026-01,0.3061,0,13.12,2,east
2026-01,0.5617,0,1.75,3,south
2026-01,0.8421,0,5.16,1,east
2026-01,0.3899,0,9.11,0,north
2026-01,0.4777,0,4.52,1,west
2026-01,0.1952,0,25.1,0,south
2026-01,0.4024,2,23.14,0,west
2026-01,0.3638,0,9.58,0,east
2026-01,0.4155,0,6.25,1,north
2026-01,0.5427,1,9.38,1,east
2026-01,0.3514,0,3.69,1,east
2026-01,0.6093,0,16.74,1,east
2026-01,0.5875,0,9.9,1,east
2026-01,0.1464,0,8.72,0,south
2026-01,0.578,0,15.31,1,south
2026-01,0.3518,0,3.02,1,north
2026-01,0.2599,1,6.53,1,east
2026-01,0.2355,0,14.68,1,south
2026-01,0.3555,1,17.15,4,west
2026-01,0.6161,0,5.79,2,east
2026-01,0.1678,1,5.11,1,south
2026-01,0.145,0,6.74,2,east
2026-01,0.466,1,9.88,1,north
2026-01,0.2861,0,6.84,2,north
2026-01,0.4977,2,5.59,0,south
2026-01,0.3221,1,4.98,2,south
2026-01,0.5246,2,7.87,3,west
2026-01,0.5127,0,5.87,3,west
2026-01,0.3965,0,9.87,0,east
2026-01,0.1478,1,8.68,0,north
2026-01,0.2152,3,6.48,0,west
2026-01,0.3788,0,8.39,1,west
2026-01,0.2468,0,4.03,0,east
2026-01,0.3314,1,2.11,4,east
2026-01,0.4382,1,12.02,1,north
2026-01,0.4244,0,8.99,1,south
2026-01,0.6008,1,13.75,0,north
2026-01,0.52,0,8.39,1,east
2026-01,0.3477,0,8.68,2,west
2026-01,0.6209,2,10.09,2,south
2026-01,0.3579,0,21.89,2,east
2026-01,0.1245,0,4.95,0,west
2026-01,0.2998,0,4.97,2,east
2026-01,0.6365,2,9.72,1,south
2026-01,0.6238,2,7.39,0,south
2026-01,0.0804,0,3.73,2,north
2026-01,0.7592,0,11.92,1,east
2026-01,0.3086,0,10.66,1,west
2026-01,0.2452,0,7.31,3,south
2026-01,0.5503,0,13.73,3,south
2026-01,0.3105,0,20.11,1,east
2026-01,0.2101,1,15.82,0,west
2026-01,0.2707,0,26.11,2,south
2026-01,0.0524,0,11.73,0,east
2026-01,0.1539,1,19.04,0,east
2026-01,0.2422,0,9.71,2,north
2026-01,0.5606,0,16.19,2,north
2026-01,0.1651,0,13.58,2,west
2026-01,0.1818,0,14.68,0,west
2026-01,0.5241,0,8.14,1,north
2026-01,0.6458,0,10.19,3,east
2026-01,0.0394,0,5.56,0,west
2026-01,0.478,0,5.29,0,west
2026-01,0.682,0,3.12,3,north
2026-01,0.2958,1,2.39,2,north
2026-01,0.6607,0,11.02,2,north
2026-01,0.4209,0,12.3,2,west
2026-01,0.3397,1,13.87,1,east
2026-01,0.0747,0,5.75,3,west
2026-01,0.0362,0,1.41,1,east
2026-01,0.5794,1,9.39,0,west
2026-01,0.3996,1,4.67,2,north
2026-01,0.2943,1,5.93,1,west
2026-01,0.7338,0,4.86,1,south
2026-01,0.2228,0,5.91,1,north
2026-01,0.4364,0,7.04,0,west
2026-01,0.2309,0,5.36,0,west
2026-01,0.2311,1,3.38,0,east
2026-01,0.4361,0,13.21,1,north
2026-01,0.1163,1,7.29,3,east
2026-01,0.5626,0,12.84,2,east
2026-01,0.2509,0,7.75,1,west
2026-01,0.1995,0,15.4,0,west
2026-01,0.3871,0,5.0,2,west
2026-01,0.4767,0,11.82,0,west
2026-01,0.5316,1,12.27,1,north
2026-01,0.532,0,4.53,1,west
2026-01,0.4403,2,25.24,1,north
2026-01,0.386,0,5.85,2,east
2026-01,0.2019,0,16.33,0,west
2026-01,0.4451,0,7.27,1,west
2026-01,0.382,0,15.13,2,west
2026-01,0.8358,0,3.37,1,north
2026-01,0.3658,0,10.36,2,north
2026-01,0.4799,0,7.66,3,east
2026-01,0.1795,1,11.25,1,west
2026-01,0.5872,0,6.26,0,west
2026-01,0.6638,0,5.31,0,north
2026-01,0.5498,0,11.43,2,west
2026-01,0.3315,0,5.29,1,south
2026-01,0.4586,0,3.7,0,north
2026-01,0.3184,0,8.3,1,north
2026-01,0.2068,0,10.01,2,west
2026-01,0.3298,0,19.53,1,west
2026-01,0.4913,1,3.18,1,east
2026-01,0.6142,0,19.23,1,east
2026-01,0.6582,2,16.72,1,east
2026-01,0.5009,0,7.87,2,west
2026-01,0.509,1,4.27,0,west
2026-01,0.1657,1,6.92,3,east
2026-01,0.0871,0,4.89,3,west
2026-01,0.045,1,10.13,1,south
2026-01,0.5114,0,6.46,0,south
2026-01,0.6904,1,10.08,0,south
2026-01,0.4695,0,3.01,1,east
2026-01,0.0974,0,15.03,0,west
2026-01,0.551,0,7.97,2,east
2026-01,0.4799,0,5.64,0,east
2026-01,0.2303,0,16.74,3,north
2026-01,0.7975,0,27.87,1,north
2026-01,0.7941,1,4.59,1,east
2026-01,0.2682,1,10.7,2,west
2026-01,0.2765,0,4.71,0,north
2026-01,0.128,0,13.21,0,north
2026-01,0.1915,1,7.69,0,west
2026-01,0.4503,3,9.55,1,south
2026-01,0.0878,0,7.38,0,south
2026-01,0.2923,0,10.46,0,east
2026-01,0.175,0,7.35,2,west
2026-01,0.2897,0,6.18,2,east
2026-01,0.4084,1,1.97,1,west
2026-01,0.621,0,4.69,1,north
2026-01,0.505,0,10.51,2,west
2026-01,0.585,0,4.6,1,west
2026-01,0.1923,1,1.61,3,west
2026-01,0.3078,1,13.82,0,west
2026-01,0.7733,0,4.86,0,south
2026-01,0.3275,0,24.08,4,west
2026-01,0.5907,1,4.93,1,west
2026-01,0.0801,0,7.88,1,north
2026-01,0.1482,0,10.74,2,west
2026-01,0.6021,0,3.09,2,west
2026-01,0.2708,0,16.66,3,south
2026-01,0.4318,0,3.01,0,west
2026-01,0.1932,1,1.66,3,south
2026-01,0.5568,1,13.75,2,north
2026-01,0.4977,1,3.24,1,north
2026-01,0.4074,2,2.34,0,north
2026-01,0.1765,0,5.42,0,east
2026-01,0.71,0,8.17,2,north
2026-01,0.745,0,10.75,0,east
2026-01,0.5247,1,7.42,1,east
2026-01,0.4457,1,4.71,0,west
2026-01,0.3898,0,6.56,0,east
2026-01,0.7364,3,10.35,0,north
2026-01,0.2065,0,3.89,2,north
2026-01,0.3646,0,3.54,0,west
2026-01,0.6848,0,13.62,1,north
2026-01,0.3196,1,9.41,2,east
2026-01,0.6229,3,7.15,1,east
2026-01,0.4761,0,25.74,1,north
2026-01,0.7889,0,3.68,1,west
2026-01,0.364,1,2.87,2,south
2026-01,0.6053,0,9.94,1,south
2026-01,0.5162,0,7.22,2,east
2026-01,0.4652,1,14.74,0,east
2026-01,0.2562,1,7.54,0,west
2026-01,0.3137,0,2.01,0,west
2026-01,0.6616,1,6.03,0,south
2026-01,0.4374,0,5.81,2,east
2026-01,0.335,1,5.74,2,south
2026-01,0.4237,0,17.03,1,south
2026-01,0.573,0,15.64,0,east
2026-01,0.2299,0,5.31,2,west
2026-01,0.1881,2,5.65,4,south
2026-01,0.2607,0,7.43,0,west
2026-01,0.3516,1,9.98,3,south
2026-01,0.3638,2,5.69,1,north
2026-01,0.3816,1,9.9,2,north
2026-01,0.6594,1,10.1,1,west
2026-01,0.1604,0,4.71,1,west
2026-01,0.3243,1,10.18,1,north
2026-01,0.428,0,7.0,2,north
2026-01,0.2634,0,15.78,3,south
2026-01,0.2547,0,5.01,1,east
2026-01,0.0883,0,7.29,1,west
2026-01,0.2888,0,7.74,1,south
2026-01,0.2932,0,6.16,2,east
2026-01,0.3189,1,5.95,1,west
2026-01,0.5011,0,7.97,2,south
2026-01,0.4488,1,2.4,1,east
2026-01,0.4153,1,14.45,2,west
2026-01,0.111,0,5.38,0,west
2026-01,0.3683,0,21.49,0,south
2026-01,0.4267,1,7.63,0,south
2026-01,0.5683,0,10.28,0,south
2026-01,0.3176,0,12.21,4,south
2026-01,0.3032,0,8.36,2,north
2026-01,0.5325,0,18.84,3,north
2026-01,0.6104,1,11.39,1,north
2026-01,0.4176,1,15.82,1,east
2026-01,0.2623,0,2.16,3,west
2026-01,0.1885,0,10.38,3,west
2026-01,0.5318,0,7.02,3,south
2026-01,0.3535,2,3.1,1,south
2026-01,0.4453,0,7.04,1,west
2026-01,0.082,1,10.99,1,east
2026-01,0.4413,0,8.52,1,west
2026-01,0.7011,2,3.12,4,south
2026-01,0.2078,0,6.13,1,east
2026-01,0.6574,0,9.89,2,north
2026-01,0.5759,0,11.24,2,north
2026-01,0.4308,0,19.46,2,north
2026-01,0.3442,0,10.05,1,north
2026-01,0.4382,1,7.77,2,east
2026-01,0.7712,1,8.5,0,north
2026-01,0.7976,0,20.69,0,west
2026-01,0.4547,0,2.53,3,north
2026-01,0.7746,0,10.66,1,south
2026-01,0.3032,0,6.94,0,north
2026-01,0.8625,1,2.9,2,west
2026-01,0.5078,0,2.95,0,east
2026-01,0.3768,0,12.19,2,south
2026-01,0.4025,0,7.04,2,west
2026-01,0.4472,1,9.36,0,south
2026-01,0.3676,0,8.94,0,south
2026-01,0.8102,0,10.52,2,west
2026-01,0.4235,1,8.94,0,west
2026-01,0.5328,1,12.12,1,north
2026-01,0.3685,0,13.97,1,north
2026-01,0.6435,0,9.62,1,north
2026-01,0.4945,0,4.79,0,north
2026-01,0.3876,1,4.32,0,east
2026-01,0.2891,0,8.01,3,west
2026-01,0.2283,0,7.46,1,west
2026-01,0.1473,0,10.25,1,east
2026-01,0.2643,2,9.5,2,north
2026-01,0.2482,1,11.96,2,east
2026-01,0.5676,0,3.86,0,south
2026-01,0.1187,2,15.08,1,west
2026-01,0.1756,1,12.35,3,north
2026-01,0.7977,1,11.48,1,east
2026-01,0.408,0,6.56,2,north
2026-01,0.4484,0,8.28,0,south
2026-01,0.3571,0,13.8,4,north
2026-01,0.4713,0,9.56,1,east
2026-01,0.4141,0,4.95,3,east
2026-01,0.0833,0,11.28,0,south
2026-01,0.7437,0,5.33,0,east
2026-01,0.6502,2,9.23,1,south
2026-01,0.2676,0,6.47,1,north
2026-01,0.8573,1,1.84,2,north
2026-01,0.4524,0,7.05,1,west
2026-01,0.1912,0,3.31,4,north
2026-01,0.1535,0,14.34,1,north
2026-01,0.433,0,10.91,1,east
2026-01,0.5127,0,5.61,3,north
2026-01,0.4656,0,10.9,0,east
2026-01,0.4401,0,20.08,2,south
2026-01,0.604,2,4.46,0,south
2026-01,0.5543,0,6.92,0,east
2026-01,0.6963,0,1.27,3,west
2026-01,0.5354,2,4.18,2,north
2026-01,0.6455,0,7.63,0,west
2026-01,0.2002,1,7.77,1,south
2026-01,0.9038,0,7.05,2,south
2026-01,0.4587,0,3.2,0,south
2026-01,0.2124,1,19.03,0,south
2026-01,0.3901,0,8.01,2,east
2026-01,0.1215,1,17.69,0,north
2026-01,0.7663,0,3.09,1,north
2026-01,0.4399,0,14.42,2,west
2026-01,0.2453,0,6.32,1,south
2026-01,0.0368,1,9.02,0,north
2026-01,0.65,0,17.21,0,east
2026-01,0.754,1,3.89,2,east
2026-01,0.4586,0,2.5,3,south
2026-01,0.2762,1,7.6,1,north
2026-01,0.4242,1,6.99,1,south
2026-01,0.5965,1,12.89,0,west
2026-01,0.3514,0,5.64,2,north
2026-01,0.2805,1,5.3,1,west
2026-01,0.3741,0,20.05,2,north
2026-01,0.7285,0,8.29,2,north
2026-01,0.526,0,1.82,0,east
2026-01,0.6694,0,8.21,2,east
2026-01,0.2786,0,12.71,1,east
2026-01,0.148,1,5.29,0,west
2026-01,0.1142,2,3.29,1,east
2026-01,0.1984,0,2.95,1,east
2026-01,0.2087,0,8.13,1,west
2026-01,0.1643,0,9.15,2,west
2026-01,0.2363,0,15.66,0,north
2026-01,0.2539,0,9.04,1,east
2026-01,0.0961,0,26.44,0,south
2026-01,0.1121,0,5.3,3,west
2026-01,0.1728,1,5.87,0,west
2026-01,0.6726,0,1.87,0,west
2026-01,0.4579,1,7.18,2,north
2026-01,0.6563,0,10.89,0,west
2026-01,0.6518,0,4.62,1,east
2026-01,0.3585,0,3.0,3,south
2026-01,0.7955,0,6.02,2,north
2026-01,0.8845,0,4.0,2,west
2026-01,0.3634,0,6.07,0,west
2026-01,0.6903,0,3.89,0,east
2026-01,0.5264,0,8.97,2,south
2026-01,0.5944,0,5.02,2,north
2026-01,0.295,0,7.34,3,east
2026-01,0.146,4,2.36,0,west
2026-01,0.4135,1,1.65,2,east
2026-01,0.7083,0,13.3,2,south
2026-01,0.4592,0,1.3,1,south
2026-01,0.4278,0,7.84,1,east
2026-01,0.1088,0,6.92,1,east
2026-01,0.7463,1,5.42,0,south
2026-01,0.3033,0,11.07,2,west
2026-01,0.2936,0,9.2,1,north
2026-01,0.6833,1,7.73,0,south
2026-01,0.6833,1,4.95,1,south
2026-01,0.3355,1,6.34,1,east
2026-01,0.1446,1,11.45,4,west
2026-01,0.1026,1,4.52,0,east
2026-01,0.528,1,12.17,0,west
2026-01,0.0253,1,6.76,1,west
2026-01,0.3414,0,5.15,1,west
2026-01,0.2849,2,3.56,1,west
2026-01,0.4559,0,9.81,1,west
2026-01,0.7114,0,2.42,1,south
2026-01,0.8003,1,3.88,0,east
2026-01,0.1085,0,3.15,0,north
2026-01,0.5054,0,5.77,0,north
2026-01,0.6573,1,5.75,2,west
2026-01,0.1066,0,6.36,1,east
2026-01,0.1603,0,7.13,0,east
2026-01,0.2374,0,9.85,0,west
2026-01,0.4776,0,11.71,2,east
2026-01,0.3176,1,2.63,1,east
2026-01,0.0426,0,10.13,0,east
2026-01,0.7968,1,5.01,0,south
2026-01,0.3849,0,20.12,2,east
2026-01,0.7398,1,6.61,1,east
2026-01,0.3728,1,8.71,0,north
2026-01,0.6128,0,12.2,1,east
2026-01,0.6786,0,16.73,1,south
2026-01,0.4139,0,12.42,2,south
2026-01,0.1837,0,9.5,2,south
2026-01,0.2375,1,20.92,2,north
2026-01,0.3267,0,8.67,0,south
2026-01,0.1957,0,2.35,2,north
2026-01,0.6714,2,4.47,2,east
2026-01,0.3822,0,13.16,1,south
2026-01,0.4932,0,15.86,0,north
2026-01,0.1205,0,15.77,0,east
2026-01,0.0776,0,3.91,2,south
2026-01,0.4915,0,6.77,1,south
2026-02,0.4825,2,5.64,1,west
2026-02,0.4408,1,5.47,0,east
2026-02,0.3491,0,4.13,0,north
2026-02,0.7059,0,4.12,1,east
2026-02,0.3986,1,5.49,1,north
2026-02,0.6078,0,11.8,2,south
2026-02,0.2485,2,4.66,4,north
2026-02,0.2496,0,14.42,2,west
2026-02,0.6656,0,5.14,1,west
2026-02,0.2343,0,7.77,1,south
2026-02,0.2219,1,10.2,1,east
2026-02,0.4245,0,6.11,0,south
2026-02,0.379,1,11.11,0,north
2026-02,0.4761,0,3.48,2,north
2026-02,0.4504,0,8.78,2,south
2026-02,0.3039,0,4.52,1,east
2026-02,0.6866,0,12.19,1,south
2026-02,0.8188,0,11.31,2,west
2026-02,0.6623,0,10.53,1,south
2026-02,0.6302,0,21.99,0,east
2026-02,0.5405,0,4.31,2,south
2026-02,0.5695,0,3.64,3,east
2026-02,0.1875,0,22.8,1,south
2026-02,0.5279,0,14.57,2,east
2026-02,0.5503,0,14.68,0,west
2026-02,0.2574,0,5.02,2,east
2026-02,0.4089,0,4.93,2,west
2026-02,0.7201,0,5.75,4,north
2026-02,0.2049,0,12.06,2,east
2026-02,0.2131,1,11.76,0,north
2026-02,0.5922,0,2.33,0,south
2026-02,0.1159,0,5.9,2,north
2026-02,0.6238,0,6.62,1,east
2026-02,0.2312,0,12.63,0,south
2026-02,0.3358,0,2.89,1,south
2026-02,0.4075,0,7.64,1,north
2026-02,0.8307,1,7.78,1,south
2026-02,0.3985,1,15.86,1,west
2026-02,0.8828,0,10.55,2,west
2026-02,0.3181,0,9.72,0,south
2026-02,0.1371,0,4.89,0,south
2026-02,0.3549,0,15.83,3,west
2026-02,0.2945,0,4.2,0,east
2026-02,0.2605,1,4.63,0,west
2026-02,0.5427,0,7.39,1,west
2026-02,0.5567,1,9.05,1,west
2026-02,0.4954,0,5.73,2,south
2026-02,0.1567,1,9.37,0,west
2026-02,0.6697,1,5.54,0,north
2026-02,0.6012,0,19.79,0,north
2026-02,0.6057,0,8.65,1,east
2026-02,0.8175,0,11.41,1,east
2026-02,0.5971,1,8.49,1,south
2026-02,0.2732,1,4.55,2,east
2026-02,0.2776,1,6.33,1,north
2026-02,0.488,0,12.49,0,south
2026-02,0.5005,0,10.35,1,south
2026-02,0.3615,0,5.13,4,north
2026-02,0.651,1,2.4,1,south
2026-02,0.5599,0,17.4,3,north
2026-02,0.7935,0,4.06,4,south
2026-02,0.6747,0,6.33,1,west
2026-02,0.4443,0,5.02,4,west
2026-02,0.6973,2,7.43,2,south
2026-02,0.2422,0,22.22,0,west
2026-02,0.3163,1,8.87,1,south
2026-02,0.4883,0,17.68,0,east
2026-02,0.5198,1,3.66,1,east
2026-02,0.8823,0,6.12,2,south
2026-02,0.6643,1,5.88,1,south
2026-02,0.8549,0,15.89,1,west
2026-02,0.2266,0,3.46,1,west
2026-02,0.5774,0,5.49,0,east
2026-02,0.6802,0,5.51,0,south
2026-02,0.9519,0,14.98,1,north
2026-02,0.6778,0,14.19,2,west
2026-02,0.6717,0,4.2,1,south
2026-02,0.6791,0,11.41,0,south
2026-02,0.7304,2,15.63,1,east
2026-02,0.1377,0,6.39,2,west
2026-02,0.3424,0,5.41,0,east
2026-02,0.5277,2,10.4,0,north
2026-02,0.1463,0,5.26,4,south
2026-02,0.6048,1,12.65,0,north
2026-02,0.5359,0,5.99,1,west
2026-02,0.1787,1,5.54,0,south
2026-02,0.4186,0,2.53,2,north
2026-02,0.6688,1,2.55,0,west
2026-02,0.4943,0,14.72,1,west
2026-02,0.5454,0,11.51,1,west
2026-02,0.2589,2,11.39,1,north
2026-02,0.7742,0,4.91,1,east
2026-02,0.2908,1,2.17,0,south
2026-02,0.7286,2,5.69,2,south
2026-02,0.4543,1,15.59,2,north
2026-02,0.7688,1,13.22,1,west
2026-02,0.9489,1,4.02,1,south
2026-02,0.2674,0,12.23,2,north
2026-02,0.7289,1,6.13,3,south
2026-02,0.3871,0,15.5,2,east
2026-02,0.0885,1,4.5,1,south
2026-02,0.2424,0,8.99,0,south
2026-02,0.3928,0,10.34,5,north
2026-02,0.3694,0,25.68,0,east
2026-02,0.6675,0,12.23,1,north
2026-02,0.8074,1,6.64,2,west
2026-02,0.3637,0,7.15,0,west
2026-02,0.1326,1,9.51,2,south
2026-02,0.751,0,10.92,1,north
2026-02,0.2985,0,8.14,2,east
2026-02,0.3362,1,7.89,2,west
2026-02,0.486,0,16.5,2,south
2026-02,0.5302,1,16.18,1,north
2026-02,0.5026,0,6.02,1,west
2026-02,0.4685,0,10.11,4,east
2026-02,0.3614,0,14.07,1,east
2026-02,0.4776,2,9.1,0,north
2026-02,0.6963,2,5.15,3,north
2026-02,0.2526,0,8.75,0,west
2026-02,0.5011,0,18.35,2,north
2026-02,0.5504,0,9.67,2,west
2026-02,0.4168,2,31.05,3,north
2026-02,0.8357,0,5.42,1,north
2026-02,0.5649,0,5.64,0,west
2026-02,0.5858,1,19.61,1,east
2026-02,0.1826,0,7.7,0,south
2026-02,0.5049,2,11.28,0,north
2026-02,0.3547,0,4.24,3,east
2026-02,0.4008,0,18.17,1,south
2026-02,0.2885,1,8.05,3,north
2026-02,0.5306,0,8.23,1,east
2026-02,0.5164,1,4.18,1,east
2026-02,0.2539,0,14.28,3,west
2026-02,0.2186,2,10.89,1,west
2026-02,0.2728,0,15.57,1,west
2026-02,0.1862,0,8.44,2,north
2026-02,0.6359,0,9.6,1,north
2026-02,0.5001,1,10.85,2,west
2026-02,0.1698,1,22.13,0,south
2026-02,0.4161,0,20.46,2,east
2026-02,0.6172,0,5.63,2,north
2026-02,0.4056,0,9.01,0,south
2026-02,0.7032,0,9.17,1,north
2026-02,0.3993,0,13.5,1,east
2026-02,0.3338,0,5.94,1,east
2026-02,0.6646,0,9.8,0,west
2026-02,0.699,0,8.47,0,south
2026-02,0.1074,2,25.5,1,west
2026-02,0.1952,0,5.75,0,west
2026-02,0.3661,1,2.95,2,west
2026-02,0.3118,0,8.39,1,east
2026-02,0.4592,0,9.33,1,north
2026-02,0.9122,1,11.99,1,north
2026-02,0.1934,0,10.25,0,west
2026-02,0.7336,1,8.99,4,south
2026-02,0.4889,2,2.71,2,south
2026-02,0.4235,0,1.22,2,south
2026-02,0.7275,0,6.64,2,north
2026-02,0.0837,0,5.37,3,west
2026-02,0.6279,1,5.98,1,south
2026-02,0.7772,0,1.68,0,south
2026-02,0.7178,0,9.36,1,south
2026-02,0.4699,0,7.96,1,west
2026-02,0.1076,0,5.28,1,west
2026-02,0.4435,0,15.08,1,north
2026-02,0.0968,1,8.48,0,east
2026-02,0.2956,1,11.13,2,north
2026-02,0.4916,3,4.18,1,east
2026-02,0.1791,0,8.57,1,west
2026-02,0.5001,0,3.88,1,east
2026-02,0.5974,1,5.53,0,east
2026-02,0.1002,1,3.6,3,west
2026-02,0.1598,1,6.41,1,east
2026-02,0.0677,0,5.04,0,south
2026-02,0.2475,2,6.38,2,east
2026-02,0.5239,4,17.81,0,north
2026-02,0.53,0,7.47,1,west
2026-02,0.1317,1,21.05,3,south
2026-02,0.081,0,24.27,0,west
2026-02,0.3719,2,16.19,3,west
2026-02,0.3122,0,10.5,1,east
2026-02,0.5215,0,13.06,2,south
2026-02,0.3307,1,4.72,3,south
2026-02,0.5742,0,14.74,1,south
2026-02,0.2264,1,10.82,1,south
2026-02,0.4496,0,11.56,1,west
2026-02,0.3958,0,15.6,1,north
2026-02,0.2643,0,4.41,0,east
2026-02,1.0,0,2.64,1,west
2026-02,0.4248,0,12.86,1,south
2026-02,0.486,0,8.98,1,west
2026-02,0.25,0,11.15,0,east
2026-02,0.8446,0,3.01,3,south
2026-02,0.3606,0,8.13,0,west
2026-02,0.3059,1,6.41,2,west
2026-02,0.3001,0,6.87,0,north
2026-02,0.5245,1,11.08,1,east
2026-02,0.1785,1,16.75,3,west
2026-02,0.1623,0,10.25,1,south
2026-02,0.4584,0,3.17,0,west
2026-02,0.3898,1,7.39,3,south
2026-02,0.1439,0,7.65,0,south
2026-02,0.6916,0,4.42,4,east
2026-02,0.6588,0,4.97,3,south
2026-02,0.6247,1,7.95,3,south
2026-02,0.6186,0,13.43,3,east
2026-02,0.3295,0,3.85,1,west
2026-02,0.7716,0,11.69,1,north
2026-02,0.3398,0,5.06,3,west
2026-02,0.4859,0,4.34,4,south
2026-02,0.5006,0,28.87,2,north
2026-02,0.8192,0,3.41,0,north
2026-02,0.7054,0,10.21,0,west
2026-02,0.6652,0,10.4,0,north
2026-02,0.4383,1,9.8,1,east
2026-02,0.3423,2,9.28,0,south
2026-02,0.3542,0,14.32,2,north
2026-02,0.143,1,4.23,1,east
2026-02,0.5351,0,10.4,1,west
2026-02,0.4599,0,7.14,2,east
2026-02,0.3182,0,9.76,1,north
2026-02,0.6527,0,9.65,0,south
2026-02,0.3402,0,3.5,0,south
2026-02,0.3787,0,20.04,1,south
2026-02,0.1815,2,8.45,2,north
2026-02,0.3277,0,4.56,3,east
2026-02,0.661,1,8.32,0,south
2026-02,0.6055,3,9.53,0,north
2026-02,0.1179,1,7.16,4,west
2026-02,0.3611,1,5.27,2,west
2026-02,0.3561,0,12.47,0,west
2026-02,0.4159,0,7.36,0,east
2026-02,0.4672,1,6.32,2,east
2026-02,0.6882,1,16.82,0,west
2026-02,0.3831,0,1.66,2,south
2026-02,0.1511,1,9.17,1,east
2026-02,0.1498,0,7.96,2,west
2026-02,0.2184,1,11.74,3,east
2026-02,0.5145,0,5.69,1,east
2026-02,0.262,0,9.89,2,north
2026-02,0.5217,0,12.55,0,north
2026-02,0.5465,0,1.41,2,west
2026-02,0.425,0,6.97,2,west
2026-02,0.3393,0,26.23,2,north
2026-02,0.2793,0,15.23,3,north
2026-02,0.7278,0,2.28,0,south
2026-02,0.49,0,7.14,1,north
2026-02,0.753,0,6.09,1,north
2026-02,0.6367,1,4.47,0,east
2026-02,0.5999,0,4.54,0,north
2026-02,0.4874,1,8.4,0,east
2026-02,0.2219,0,14.96,0,north
2026-02,0.3519,0,3.19,0,north
2026-02,0.1987,0,2.07,1,north
2026-02,0.2619,1,12.69,2,south
2026-02,0.1414,0,3.97,2,west
2026-02,0.8503,0,16.08,0,east
2026-02,0.2602,0,12.72,2,east
2026-02,0.4649,1,7.67,0,west
2026-02,0.1882,1,9.14,2,east
2026-02,0.2936,0,4.05,1,north
2026-02,0.3406,1,12.83,0,west
2026-02,0.5341,0,11.51,0,south
2026-02,0.2334,0,5.05,1,south
2026-02,0.7522,0,4.84,2,south
2026-02,0.292,0,12.58,0,east
2026-02,0.3472,0,22.16,1,east
2026-02,0.0781,1,5.96,2,west
2026-02,0.7983,1,7.23,0,east
2026-02,0.5671,0,29.21,2,north
2026-02,0.6512,0,5.35,2,west
2026-02,0.371,0,3.63,2,east
2026-02,0.8645,0,2.94,1,north
2026-02,0.6296,0,10.85,2,north
2026-02,0.2713,0,8.62,0,east
2026-02,0.304,2,6.11,1,east
2026-02,0.4919,0,2.14,1,east
2026-02,0.5326,2,13.45,4,north
2026-02,0.4866,1,3.08,3,east
2026-02,0.5888,0,11.89,0,south
2026-02,0.9205,1,6.03,0,south
2026-02,0.3239,0,11.41,2,west
2026-02,0.3955,0,4.22,0,west
2026-02,0.4358,0,8.23,4,north
2026-02,0.6312,0,24.78,2,east
2026-02,0.3837,1,2.74,2,south
2026-02,0.4492,1,3.84,1,north
2026-02,0.2876,0,7.05,2,north
2026-02,0.5531,0,5.83,4,south
2026-02,0.7433,0,11.97,0,west
2026-02,0.5227,1,2.91,1,east
2026-02,0.2878,0,7.57,4,west
2026-02,0.5022,0,3.71,1,west
2026-02,0.084,0,12.63,0,west
2026-02,0.7623,0,2.13,2,south
2026-02,0.5721,0,1.69,0,south
2026-02,0.2271,0,12.4,1,south
2026-02,0.8407,1,2.92,2,north
2026-02,0.3159,0,1.25,2,west
2026-02,0.1799,1,7.53,1,south
2026-02,0.207,0,6.71,1,south
2026-02,0.5431,0,3.37,1,south
2026-02,0.8339,0,2.7,0,south
2026-02,0.6691,1,5.56,0,north
2026-02,0.5435,0,22.31,0,east
2026-02,0.7843,0,6.35,0,east
2026-02,0.5055,0,3.38,3,north
2026-02,0.4383,0,17.6,2,west
2026-02,0.3921,0,8.62,1,north
2026-02,0.364,0,5.25,3,east
2026-02,0.4634,0,2.68,4,north
2026-02,0.5199,0,6.87,1,north
2026-02,0.16,0,6.42,1,west
2026-02,0.1522,1,4.72,1,east
2026-02,0.5176,0,3.22,3,west
2026-02,0.5727,0,16.44,1,north
2026-02,0.1371,0,15.31,2,west
2026-02,0.7456,1,7.56,1,south
2026-02,0.3722,1,27.81,0,south
2026-02,0.366,0,6.1,0,south
2026-02,0.5994,0,4.37,1,north
2026-02,0.2415,0,2.05,1,north
2026-02,0.104,2,21.51,2,north
2026-02,0.3755,1,3.22,2,west
2026-02,0.5547,0,3.9,2,east
2026-02,0.3645,0,7.25,3,east
2026-02,0.2714,0,6.42,3,west
2026-02,0.3703,0,11.06,2,north
2026-02,0.2681,0,6.7,0,south
2026-02,0.5276,1,4.86,1,east
2026-02,0.2598,0,12.22,0,north
2026-02,0.4366,0,14.45,0,north
2026-02,0.6345,2,15.3,1,north
2026-02,0.4849,0,7.42,2,east
2026-02,0.7536,0,2.79,1,west
2026-02,0.1023,0,11.69,3,west
2026-02,0.1653,1,8.65,0,north
2026-02,0.4239,1,25.48,1,east
2026-02,0.4121,0,10.45,1,south
2026-02,0.3554,0,13.24,3,south
2026-02,0.6199,0,9.4,0,north
2026-02,0.9579,1,6.56,1,east
2026-02,0.5571,0,14.67,0,north
2026-02,0.2824,0,2.4,0,south
2026-02,0.7009,0,6.84,2,south
2026-02,0.5785,1,14.71,2,west
2026-02,0.7401,0,25.01,0,west
2026-02,0.7608,0,12.64,1,north
2026-02,0.3837,0,5.3,2,south
2026-02,0.1899,0,8.84,2,west
2026-02,0.3568,0,6.66,1,east
2026-02,0.6861,1,13.61,1,west
2026-02,0.3243,0,4.41,1,south
2026-02,0.2031,0,20.72,1,west
2026-02,0.6657,0,5.99,0,east
2026-02,0.6424,0,9.91,2,north
2026-02,0.4548,0,12.03,2,south
2026-02,0.1097,0,2.65,2,south
2026-02,0.8409,0,7.79,0,south
2026-02,0.9078,0,14.3,2,north
2026-02,0.3158,0,21.89,3,east
2026-02,0.1145,0,13.06,0,west
2026-02,0.1899,2,6.84,0,west
2026-02,0.0921,1,23.13,3,west
2026-02,0.5387,0,9.05,6,south
2026-02,0.8665,1,6.25,3,west
2026-02,0.4445,0,13.03,0,south
2026-02,0.5314,1,9.16,0,south
2026-02,0.3158,0,6.53,0,east
2026-02,0.4285,0,10.1,1,north
2026-02,0.719,1,8.31,0,east
2026-02,0.7046,1,17.51,1,south
2026-02,0.2886,0,13.12,2,west
2026-02,0.4424,0,18.34,1,east
2026-02,0.1646,1,5.24,2,south
2026-02,0.3255,0,11.76,3,east
2026-02,0.7452,0,10.35,3,north
2026-02,0.4785,0,9.44,0,west
2026-02,0.4268,0,7.02,1,south
2026-02,0.2442,1,8.68,1,east
2026-02,0.5767,0,3.34,3,west
2026-02,0.1195,0,11.23,0,west
2026-02,0.3413,0,5.97,4,south
2026-02,0.3657,1,4.59,1,south
2026-02,0.5104,2,10.0,1,south
2026-02,0.6128,0,15.57,0,east
2026-02,0.5002,0,7.6,2,north
2026-02,0.5862,1,7.8,1,west
2026-02,0.3734,0,18.56,1,north
2026-02,0.2202,0,21.5,0,north
2026-02,0.5435,0,11.01,0,east
2026-02,0.3377,2,7.53,3,east
2026-02,0.3287,2,15.83,0,north
2026-02,0.2827,2,10.75,1,east
2026-02,0.4853,0,15.81,0,north
2026-02,0.2222,1,6.11,0,east
2026-02,0.3147,0,23.49,0,west
2026-02,0.3694,1,3.25,0,north
2026-02,0.2523,1,10.04,1,west
2026-02,0.3078,0,4.31,4,west
2026-03,0.8154,1,16.65,1,west
2026-03,0.5353,0,7.18,0,north
2026-03,0.3896,0,7.47,2,west
2026-03,0.4214,1,23.54,2,south
2026-03,0.651,0,7.22,2,north
2026-03,0.6196,0,5.01,1,south
2026-03,0.5628,0,5.6,0,east
2026-03,0.3533,0,10.18,1,west
2026-03,0.4589,0,4.65,3,north
2026-03,0.2542,0,16.05,0,north
2026-03,0.6283,0,6.63,1,west
2026-03,0.5381,0,15.7,0,north
2026-03,0.9447,0,11.94,0,east
2026-03,0.3352,0,20.73,0,west
2026-03,0.6017,3,9.44,1,north
2026-03,0.6859,1,7.69,1,north
2026-03,0.772,1,13.17,0,east
2026-03,0.2942,0,5.09,1,west
2026-03,0.6977,0,2.2,0,north
2026-03,0.202,0,16.3,1,north
2026-03,0.4983,0,12.29,0,north
2026-03,0.6909,0,9.05,2,west
2026-03,0.8168,0,8.83,1,north
2026-03,0.4318,0,11.1,2,south
2026-03,0.6738,0,4.38,1,east
2026-03,0.8704,1,2.81,0,east
2026-03,0.5989,0,10.95,1,north
2026-03,0.2374,1,4.18,1,east
2026-03,0.5194,0,4.43,2,north
2026-03,0.403,1,3.9,2,west
2026-03,0.3,1,9.2,4,south
2026-03,0.8207,0,11.68,2,south
2026-03,0.1525,0,11.19,1,west
2026-03,0.4893,0,14.04,2,west
2026-03,0.5928,0,4.28,1,east
2026-03,0.4188,0,5.68,2,east
2026-03,0.684,0,15.69,1,east
2026-03,0.2775,0,3.42,1,east
2026-03,0.2812,0,4.98,0,north
2026-03,0.7758,1,8.89,1,north
2026-03,0.3034,4,6.9,1,west
2026-03,0.1974,0,8.7,2,north
2026-03,0.1483,0,22.65,0,east
2026-03,0.2272,0,8.43,2,east
2026-03,0.2443,0,8.08,0,west
2026-03,0.6822,0,10.56,1,west
2026-03,0.4936,0,2.96,2,south
2026-03,0.677,1,6.67,2,south
2026-03,0.5993,0,6.95,2,east
2026-03,0.3661,0,12.29,2,east
2026-03,0.3303,1,2.4,1,east
2026-03,0.4714,0,7.1,1,west
2026-03,0.4921,1,6.2,1,east
2026-03,0.5093,0,11.1,1,south
2026-03,0.8714,0,10.44,0,east
2026-03,0.6408,0,1.75,2,east
2026-03,0.8526,0,8.08,0,south
2026-03,0.4561,0,1.52,2,south
2026-03,0.5457,0,13.94,2,west
2026-03,0.7693,0,7.95,1,east
2026-03,0.6131,0,7.02,2,west
2026-03,0.5058,1,7.69,1,south
2026-03,0.3243,0,11.35,3,north
2026-03,0.7253,0,15.87,0,north
2026-03,0.3309,0,8.62,2,north
2026-03,0.3906,0,10.36,0,south
2026-03,0.2375,1,8.25,1,south
2026-03,0.3911,0,12.12,1,west
2026-03,0.8016,2,15.46,1,south
2026-03,0.2314,0,7.48,0,east
2026-03,0.7462,0,6.2,1,east
2026-03,0.6685,0,11.68,1,south
2026-03,0.8965,0,6.5,0,south
2026-03,0.6426,0,10.88,2,south
2026-03,0.6557,0,5.71,2,east
2026-03,0.2429,0,2.65,1,north
2026-03,0.8612,0,8.07,2,west
2026-03,0.6951,0,10.08,2,west
2026-03,0.5995,0,5.18,2,east
2026-03,0.3366,0,4.95,0,south
2026-03,0.389,0,12.47,2,west
2026-03,0.5396,0,21.04,5,east
2026-03,0.6004,0,7.33,0,west
2026-03,0.2279,0,9.24,2,north
2026-03,0.4972,0,8.7,4,west
2026-03,0.325,0,4.3,4,south
2026-03,0.5576,1,11.03,4,south
2026-03,0.48,1,11.86,2,south
2026-03,0.2271,0,10.58,2,east
2026-03,0.1797,1,11.66,2,east
2026-03,0.5305,0,1.82,3,south
2026-03,0.4918,0,3.69,1,west
2026-03,0.6989,0,9.26,2,north
2026-03,0.5153,1,17.34,0,east
2026-03,0.3675,0,3.09,1,north
2026-03,0.6124,0,13.36,1,south
2026-03,0.7663,0,9.59,1,south
2026-03,0.6015,0,5.61,0,south
2026-03,0.5748,0,3.12,2,west
2026-03,0.7459,0,12.08,0,north
2026-03,0.5077,0,3.71,1,west
2026-03,0.2273,0,5.84,3,north
2026-03,0.4786,1,17.29,2,east
2026-03,0.4439,1,3.63,1,east
2026-03,0.2965,1,5.4,0,west
2026-03,0.2097,0,8.44,1,west
2026-03,0.4173,1,6.27,4,south
2026-03,0.2495,2,6.94,2,west
2026-03,0.6579,1,7.1,1,north
2026-03,0.1813,0,4.2,3,south
2026-03,0.5136,1,7.6,1,east
2026-03,0.342,1,34.5,0,north
2026-03,0.4837,0,6.67,1,north
2026-03,0.3897,1,4.45,2,east
2026-03,0.8841,0,6.1,1,west
2026-03,0.4544,2,10.72,1,south
2026-03,0.1859,1,7.39,4,north
2026-03,0.525,1,3.11,1,north
2026-03,0.1702,0,4.06,0,west
2026-03,0.3347,0,7.79,1,north
2026-03,0.7051,2,1.86,1,east
2026-03,0.5997,1,12.72,0,north
2026-03,0.4962,0,4.71,1,east
2026-03,0.7961,1,8.92,0,north
2026-03,0.7138,0,1.46,1,east
2026-03,0.6577,0,4.61,1,north
2026-03,0.6396,1,26.82,2,west
2026-03,0.2722,0,5.88,1,east
2026-03,0.4179,0,6.35,1,south
2026-03,0.4806,1,3.3,2,south
2026-03,0.39,0,3.24,1,east
2026-03,0.4082,0,8.29,2,north
2026-03,0.6715,0,16.61,0,south
2026-03,0.4898,2,2.73,0,east
2026-03,0.3808,2,12.63,0,north
2026-03,0.3017,0,6.19,2,north
2026-03,0.4952,0,8.71,3,south
2026-03,0.5584,3,13.08,1,east
2026-03,0.6618,1,13.7,2,north
2026-03,0.4747,2,7.18,1,south
2026-03,0.5857,1,5.04,1,north
2026-03,0.2184,0,15.53,0,west
2026-03,0.1677,0,10.67,2,west
2026-03,0.4294,0,11.41,1,north
2026-03,0.3019,0,21.78,1,south
2026-03,0.3779,0,9.29,0,south
2026-03,0.5435,1,12.08,1,east
2026-03,0.3019,0,13.99,3,south
2026-03,0.6,1,8.08,2,north
2026-03,0.4872,0,12.32,1,north
2026-03,0.4133,2,7.58,1,north
2026-03,0.5043,1,9.68,1,west
2026-03,0.3827,0,16.34,0,west
2026-03,0.2815,1,7.52,2,east
2026-03,0.5,1,4.13,4,west
2026-03,0.5408,0,8.89,0,east
2026-03,0.8277,1,4.13,1,north
2026-03,0.3088,2,8.45,0,east
2026-03,0.8475,0,6.3,1,south
2026-03,0.3389,1,5.49,0,north
2026-03,0.561,1,7.17,1,east
2026-03,0.3667,0,11.25,0,north
2026-03,0.6443,0,8.73,0,east
2026-03,0.3015,1,8.81,0,east
2026-03,0.5393,0,9.23,2,south
2026-03,0.6082,1,8.25,2,north
2026-03,0.473,1,6.82,1,north
2026-03,0.4252,1,5.34,0,west
2026-03,0.6193,0,15.92,3,north
2026-03,0.7819,0,8.16,2,north
2026-03,0.361,0,10.53,0,east
2026-03,0.5358,2,7.64,0,north
2026-03,0.7727,3,3.69,0,north
2026-03,0.2164,0,2.84,2,north
2026-03,0.9255,1,13.99,1,east
2026-03,0.7341,0,6.28,2,north
2026-03,0.6693,2,4.06,2,north
2026-03,0.5348,2,13.72,0,south
2026-03,0.7685,0,8.25,1,east
2026-03,0.2268,0,13.35,0,west
2026-03,0.4987,1,9.03,2,south
2026-03,0.3702,0,9.04,2,south
2026-03,0.594,0,7.57,1,west
2026-03,0.6374,2,9.85,3,west
2026-03,0.2561,1,9.74,0,west
2026-03,0.2305,1,2.75,3,north
2026-03,0.2208,0,9.53,2,east
2026-03,0.6355,1,10.96,1,east
2026-03,0.4673,2,19.79,1,south
2026-03,0.269,1,10.16,1,north
2026-03,0.4227,0,8.76,1,east
2026-03,0.7667,0,9.38,1,north
2026-03,0.2971,1,1.56,0,north
2026-03,0.6105,2,6.06,1,east
2026-03,0.3408,0,4.77,0,south
2026-03,0.8641,0,13.76,3,west
2026-03,0.3632,1,2.66,0,south
2026-03,0.4758,0,19.18,0,east
2026-03,0.5672,0,15.51,0,west
2026-03,0.695,1,24.42,1,west
2026-03,0.8663,0,16.72,1,west
2026-03,0.351,0,14.67,2,east
2026-03,0.3357,0,7.83,1,west
2026-03,0.1442,0,8.11,1,west
2026-03,0.5381,0,9.4,0,south
2026-03,0.2314,0,20.23,3,west
2026-03,0.4099,0,2.52,0,south
2026-03,0.2449,0,6.47,2,south
2026-03,0.4189,2,4.64,0,north
2026-03,0.1257,1,4.91,2,east
2026-03,0.8308,1,9.97,1,west
2026-03,0.8458,0,2.16,0,east
2026-03,0.521,0,5.05,1,west
2026-03,0.6754,1,8.17,2,east
2026-03,0.17,0,15.62,2,north
2026-03,0.3173,0,4.91,4,south
2026-03,0.3634,0,2.79,2,west
2026-03,0.5205,0,10.93,0,west
2026-03,0.7879,0,25.84,2,east
2026-03,0.5834,5,7.4,1,south
2026-03,0.1719,0,11.49,0,south
2026-03,0.5079,2,15.94,1,south
2026-03,0.3466,0,6.35,0,north
2026-03,0.7764,1,15.32,2,east
2026-03,0.6631,0,4.14,2,west
2026-03,0.6894,1,4.4,2,east
2026-03,0.2926,1,9.02,2,north
2026-03,0.497,1,11.33,1,south
2026-03,0.2152,0,5.09,1,west
2026-03,0.7483,0,14.76,0,south
2026-03,0.6863,0,5.14,1,east
2026-03,0.463,0,10.62,1,north
2026-03,0.6771,0,12.99,2,east
2026-03,0.3491,0,18.95,2,south
2026-03,0.844,1,8.07,2,west
2026-03,0.5101,0,12.32,1,west
2026-03,0.3696,0,0.34,0,west
2026-03,0.3601,0,9.61,0,east
2026-03,0.7277,1,5.88,1,east
2026-03,0.5722,1,19.56,0,east
2026-03,0.7827,0,3.84,1,south
2026-03,0.5087,0,5.58,1,north
2026-03,0.6364,0,6.43,0,north
2026-03,0.409,1,10.83,2,north
2026-03,0.4518,1,12.57,1,west
2026-03,0.846,1,3.49,1,south
2026-03,0.3676,0,3.79,0,west
2026-03,0.4039,2,7.05,2,south
2026-03,0.4804,0,3.98,3,south
2026-03,0.1613,1,11.05,1,west
2026-03,0.4903,1,8.44,0,west
2026-03,0.4725,0,5.13,1,west
2026-03,0.3172,0,4.8,3,north
2026-03,0.314,0,9.84,0,north
2026-03,0.6405,0,9.54,0,north
2026-03,0.269,0,18.73,2,north
2026-03,0.6953,1,13.04,0,north
2026-03,0.7016,1,16.88,0,west
2026-03,0.8915,0,6.88,3,north
2026-03,0.772,0,8.06,0,west
2026-03,0.2727,2,3.85,0,west
2026-03,0.5545,4,13.26,1,north
2026-03,0.9234,0,13.84,0,east
2026-03,0.5003,0,10.49,2,north
2026-03,0.7474,0,4.29,1,south
2026-03,0.5797,0,6.84,3,east
2026-03,0.6802,0,12.5,1,north
2026-03,0.3648,0,3.33,4,east
2026-03,0.5694,0,6.23,2,south
2026-03,0.5969,0,4.42,1,south
2026-03,0.3645,1,2.4,0,south
2026-03,0.4244,0,6.91,0,east
2026-03,0.865,0,8.47,1,east
2026-03,0.5746,1,11.97,1,north
2026-03,0.6504,0,3.83,3,west
2026-03,0.3185,0,11.31,0,east
2026-03,0.9433,1,23.03,1,north
2026-03,0.5684,1,9.14,1,west
2026-03,0.536,0,13.12,0,north
2026-03,0.5568,1,12.92,2,south
2026-03,0.1962,0,5.11,0,north
2026-03,0.2236,0,3.69,0,north
2026-03,0.4944,1,11.44,1,east
2026-03,0.4633,1,7.68,2,east
2026-03,0.4686,2,4.63,1,north
2026-03,0.4138,0,12.73,1,east
2026-03,0.6685,1,17.18,0,south
2026-03,0.2909,1,0.94,5,south
2026-03,0.3866,0,3.94,2,east
2026-03,0.5796,0,7.26,2,north
2026-03,0.8061,0,22.6,0,west
2026-03,0.4983,0,6.72,4,east
2026-03,0.345,0,4.04,1,east
2026-03,0.3074,0,9.32,0,north
2026-03,0.3692,0,6.24,2,north
2026-03,0.3667,1,11.9,1,north
2026-03,0.1803,1,7.9,1,south
2026-03,0.5767,0,5.18,3,east
2026-03,0.5107,0,6.57,0,west
2026-03,0.1656,1,17.28,1,north
2026-03,0.6658,0,4.92,2,west
2026-03,0.3386,1,6.57,1,south
2026-03,0.5523,0,10.91,1,west
2026-03,0.2056,0,7.69,1,east
2026-03,0.7194,1,11.61,3,west
2026-03,0.4723,1,11.35,0,south
2026-03,0.5786,0,3.06,2,west
2026-03,0.8608,1,6.53,0,east
2026-03,0.4513,0,15.46,2,east
2026-03,0.8789,0,9.89,1,east
2026-03,0.2478,0,9.08,2,south
2026-03,0.8426,2,1.52,1,west
2026-03,0.6188,1,5.41,0,south
2026-03,0.3614,0,3.89,0,east
2026-03,0.317,0,11.61,2,south
2026-03,0.4895,0,13.24,2,south
2026-03,0.3724,0,10.08,3,east
2026-03,0.5059,1,4.98,1,south
2026-03,0.291,0,5.66,2,north
2026-03,0.4505,0,7.46,1,west
2026-03,0.3127,0,4.92,0,east
2026-03,0.4999,0,17.67,1,west
2026-03,0.7129,0,8.05,0,north
2026-03,0.3022,0,13.79,1,west
2026-03,0.4259,0,11.11,1,south
2026-03,0.5067,1,15.56,1,north
2026-03,0.9656,1,8.01,1,south
2026-03,0.4851,0,11.31,1,south
2026-03,0.4257,1,2.21,2,east
2026-03,0.448,0,11.67,1,east
2026-03,0.6624,0,8.26,1,west
2026-03,0.2977,0,9.75,1,north
2026-03,0.3238,0,1.67,1,north
2026-03,0.6313,1,10.8,3,west
2026-03,0.8394,1,4.23,1,west
2026-03,0.302,2,2.88,0,south
2026-03,0.4891,0,9.51,0,east
2026-03,0.3509,0,3.98,1,east
2026-03,0.4222,0,5.74,1,south
2026-03,0.7786,1,4.47,2,west
2026-03,0.3938,0,8.42,1,north
2026-03,0.2214,0,14.69,1,west
2026-03,0.3882,0,19.33,1,east
2026-03,0.2688,0,11.57,0,north
2026-03,0.1179,2,2.37,1,south
2026-03,0.4467,0,10.91,3,west
2026-03,0.3752,1,10.22,2,west
2026-03,0.4064,0,15.37,1,west
2026-03,0.6495,0,10.7,0,south
2026-03,0.3017,1,5.75,2,south
2026-03,0.8867,0,13.73,1,north
2026-03,0.2213,0,8.51,4,south
2026-03,0.3317,0,8.15,1,east
2026-03,0.668,1,8.37,0,west
2026-03,0.3145,0,11.67,0,north
2026-03,0.6723,0,4.57,3,east
2026-03,0.5138,0,19.7,2,south
2026-03,0.6038,0,16.92,3,north
2026-03,0.245,0,24.6,3,east
2026-03,0.5162,0,15.6,1,north
2026-03,0.1824,1,2.55,1,north
2026-03,0.7693,0,9.49,2,east
2026-03,0.771,0,43.06,0,south
2026-03,0.2036,0,4.85,1,west
2026-03,0.2107,0,5.38,0,north
2026-03,0.4878,1,14.21,1,east
2026-03,0.682,0,11.74,1,north
2026-03,0.427,1,6.67,1,south
2026-03,0.7637,0,2.6,3,east
2026-03,0.4093,0,23.27,0,east
2026-03,0.5912,0,8.16,1,north
2026-03,0.8718,1,5.45,1,south
2026-03,0.1846,0,3.28,1,north
2026-03,0.585,0,5.07,0,east
2026-03,0.7032,1,1.05,1,west
2026-03,0.3631,1,8.28,1,east
2026-03,0.2793,0,2.87,1,south
2026-03,0.6407,2,6.42,4,south
2026-03,0.2573,0,5.09,0,north
2026-03,0.5444,2,7.18,2,south
2026-03,0.3017,0,4.5,1,west
2026-03,0.4449,0,5.57,1,south
2026-03,0.4504,0,11.44,1,north
2026-03,0.7465,1,3.62,1,north
2026-03,0.3208,0,10.41,0,south
2026-03,0.9173,0,13.0,0,south
2026-03,0.3769,1,3.12,4,west
2026-03,0.8204,0,5.85,2,south
2026-03,0.3028,1,13.86,2,north
2026-03,0.1454,0,9.23,2,north
2026-03,0.9398,1,10.2,1,west
2026-03,0.1961,1,8.12,2,north
2026-03,0.2648,0,16.87,2,east
2026-03,0.5881,0,6.73,1,west
2026-03,0.3711,1,6.77,0,north
2026-03,0.3474,0,10.31,0,south
2026-03,0.6019,0,12.29,2,west
2026-03,0.2595,0,11.12,0,north
2026-03,0.5418,0,9.64,3,south
2026-03,0.5155,1,7.63,1,south
