date,applicant,default_12m,kt
2025-01-28,A010000,1,2026-01-28T00:00:00Z
2025-01-28,A010001,0,2026-01-28T00:00:00Z
2025-01-28,A010002,1,2026-01-28T00:00:00Z
2025-01-28,A010003,0,2026-01-28T00:00:00Z
2025-01-28,A010004,0,2026-01-28T00:00:00Z
2025-01-28,A010005,0,2026-01-28T00:00:00Z
2025-01-28,A010006,0,2026-01-28T00:00:00Z
2025-01-28,A010007,0,2026-01-28T00:00:00Z
2025-01-28,A010008,0,2026-01-28T00:00:00Z
2025-01-28,A010009,0,2026-01-28T00:00:00Z
2025-01-28,A010010,0,2026-01-28T00:00:00Z
2025-01-28,A010011,0,2026-01-28T00:00:00Z
2025-01-28,A010012,1,2026-01-28T00:00:00Z
2025-01-28,A010013,1,2026-01-28T00:00:00Z
2025-01-28,A010014,0,2026-01-28T00:00:00Z
2025-01-28,A010015,0,2026-01-28T00:00:00Z
2025-01-28,A010016,0,2026-01-28T00:00:00Z
2025-01-28,A010017,0,2026-01-28T00:00:00Z
2025-01-28,A010018,0,2026-01-28T00:00:00Z
2025-01-28,A010019,0,2026-01-28T00:00:00Z
2025-01-28,A010020,0,2026-01-28T00:00:00Z
2025-01-28,A010021,0,2026-01-28T00:00:00Z
2025-01-28,A010022,0,2026-01-28T00:00:00Z
2025-01-28,A010023,0,2026-01-28T00:00:00Z
2025-01-28,A010024,1,2026-01-28T00:00:00Z
2025-01-28,A010025,0,2026-01-28T00:00:00Z
2025-01-28,A010026,0,2026-01-28T00:00:00Z
2025-01-28,A010027,0,2026-01-28T00:00:00Z
2025-01-28,A010028,0,2026-01-28T00:00:00Z
2025-01-28,A010029,0,2026-01-28T00:00:00Z
2025-01-28,A010030,0,2026-01-28T00:00:00Z
2025-01-28,A010031,0,2026-01-28T00:00:00Z
2025-01-28,A010032,0,2026-01-28T00:00:00Z
2025-01-28,A010033,1,2026-01-28T00:00:00Z
2025-01-28,A010034,0,2026-01-28T00:00:00Z
2025-01-28,A010035,0,2026-01-28T00:00:00Z
2025-01-28,A010036,0,2026-01-28T00:00:00Z
2025-01-28,A010037,0,2026-01-28T00:00:00Z
2025-01-28,A010038,0,2026-01-28T00:00:00Z
2025-01-28,A010039,0,2026-01-28T00:00:00Z
2025-01-28,A010040,0,2026-01-28T00:00:00Z
2025-01-28,A010041,0,2026-01-28T00:00:00Z
2025-01-28,A010042,1,2026-01-28T00:00:00Z
2025-01-28,A010043,0,2026-01-28T00:00:00Z
2025-01-28,A010044,0,2026-01-28T00:00:00Z
2025-01-28,A010045,0,2026-01-28T00:00:00Z
2025-01-28,A010046,0,2026-01-28T00:00:00Z
2025-01-28,A010047,0,2026-01-28T00:00:00Z
2025-01-28,A010048,0,2026-01-28T00:00:00Z
2025-01-28,A010049,0,2026-01-28T00:00:00Z
2025-01-28,A010050,0,2026-01-28T00:00:00Z
2025-01-28,A010051,0,2026-01-28T00:00:00Z
2025-01-28,A010052,0,2026-01-28T00:00:00Z
2025-01-28,A010053,1,2026-01-28T00:00:00Z
2025-01-28,A010054,0,2026-01-28T00:00:00Z
2025-01-28,A010055,0,2026-01-28T00:00:00Z
2025-01-28,A010056,0,2026-01-28T00:00:00Z
2025-01-28,A010057,0,2026-01-28T00:00:00Z
2025-01-28,A010058,0,2026-01-28T00:00:00Z
2025-01-28,A010059,0,2026-01-28T00:00:00Z
2025-01-28,A010060,0,2026-01-28T00:00:00Z
2025-01-28,A010061,1,2026-01-28T00:00:00Z
2025-01-28,A010062,0,2026-01-28T00:00:00Z
2025-01-28,A010063,1,2026-01-28T00:00:00Z
2025-01-28,A010064,0,2026-01-28T00:00:00Z
2025-01-28,A010065,0,2026-01-28T00:00:00Z
2025-01-28,A010066,0,2026-01-28T00:00:00Z
2025-01-28,A010067,0,2026-01-28T00:00:00Z
2025-01-28,A010068,1,2026-01-28T00:00:00Z
2025-01-28,A010069,0,2026-01-28T00:00:00Z
2025-01-28,A010070,0,2026-01-28T00:00:00Z
2025-01-28,A010071,0,2026-01-28T00:00:00Z
2025-01-28,A010072,0,2026-01-28T00:00:00Z
2025-01-28,A010073,0,2026-01-28T00:00:00Z
2025-01-28,A010074,0,2026-01-28T00:00:00Z
2025-01-28,A010075,1,2026-01-28T00:00:00Z
2025-01-28,A010076,0,2026-01-28T00:00:00Z
2025-01-28,A010077,0,2026-01-28T00:00:00Z
2025-01-28,A010078,0,2026-01-28T00:00:00Z
2025-01-28,A010079,0,2026-01-28T00:00:00Z
2025-01-28,A010080,0,2026-01-28T00:00:00Z
2025-01-28,A010081,1,2026-01-28T00:00:00Z
2025-01-28,A010082,0,2026-01-28T00:00:00Z
2025-01-28,A010083,0,2026-01-28T00:00:00Z
2025-01-28,A010084,0,2026-01-28T00:00:00Z
2025-01-28,A010085,0,2026-01-28T00:00:00Z
2025-01-28,A010086,0,2026-01-28T00:00:00Z
2025-01-28,A010087,0,2026-01-28T00:00:00Z
2025-01-28,A010088,0,2026-01-28T00:00:00Z
2025-01-28,A010089,0,2026-01-28T00:00:00Z
2025-01-28,A010090,0,2026-01-28T00:00:00Z
2025-01-28,A010091,1,2026-01-28T00:00:00Z
2025-01-28,A010092,1,2026-01-28T00:00:00Z
2025-01-28,A010093,0,2026-01-28T00:00:00Z
2025-01-28,A010094,0,2026-01-28T00:00:00Z
2025-01-28,A010095,0,2026-01-28T00:00:00Z
2025-01-28,A010096,0,2026-01-28T00:00:00Z
2025-01-28,A010097,0,2026-01-28T00:00:00Z
2025-01-28,A010098,0,2026-01-28T00:00:00Z
2025-01-28,A010099,1,2026-01-28T00:00:00Z
2025-01-28,A010100,0,2026-01-28T00:00:00Z
2025-01-28,A010101,1,2026-01-28T00:00:00Z
2025-01-28,A010102,0,2026-01-28T00:00:00Z
2025-01-28,A010103,0,2026-01-28T00:00:00Z
2025-01-28,A010104,0,2026-01-28T00:00:00Z
2025-01-28,A010105,0,2026-01-28T00:00:00Z
2025-01-28,A010106,0,2026-01-28T00:00:00Z
2025-01-28,A010107,0,2026-01-28T00:00:00Z
2025-01-28,A010108,0,2026-01-28T00:00:00Z
2025-01-28,A010109,0,2026-01-28T00:00:00Z
2025-01-28,A010110,0,2026-01-28T00:00:00Z
2025-01-28,A010111,0,2026-01-28T00:00:00Z
2025-01-28,A010112,1,2026-01-28T00:00:00Z
2025-01-28,A010113,0,2026-01-28T00:00:00Z
2025-01-28,A010114,0,2026-01-28T00:00:00Z
2025-01-28,A010115,0,2026-01-28T00:00:00Z
2025-01-28,A010116,0,2026-01-28T00:00:00Z
2025-01-28,A010117,0,2026-01-28T00:00:00Z
2025-01-28,A010118,0,2026-01-28T00:00:00Z
2025-01-28,A010119,0,2026-01-28T00:00:00Z
2025-01-28,A010120,0,2026-01-28T00:00:00Z
2025-01-28,A010121,0,2026-01-28T00:00:00Z
2025-01-28,A010122,0,2026-01-28T00:00:00Z
2025-01-28,A010123,0,2026-01-28T00:00:00Z
2025-01-28,A010124,0,2026-01-28T00:00:00Z
2025-01-28,A010125,0,2026-01-28T00:00:00Z
2025-01-28,A010126,0,2026-01-28T00:00:00Z
2025-01-28,A010127,0,2026-01-28T00:00:00Z
2025-01-28,A010128,0,2026-01-28T00:00:00Z
2025-01-28,A010129,1,2026-01-28T00:00:00Z
2025-01-28,A010130,0,2026-01-28T00:00:00Z
2025-01-28,A010131,0,2026-01-28T00:00:00Z
2025-01-28,A010132,0,2026-01-28T00:00:00Z
2025-01-28,A010133,1,2026-01-28T00:00:00Z
2025-01-28,A010134,0,2026-01-28T00:00:00Z
2025-01-28,A010135,0,2026-01-28T00:00:00Z
2025-01-28,A010136,0,2026-01-28T00:00:00Z
2025-01-28,A010137,0,2026-01-28T00:00:00Z
2025-01-28,A010138,0,2026-01-28T00:00:00Z
2025-01-28,A010139,0,2026-01-28T00:00:00Z
2025-01-28,A010140,0,2026-01-28T00:00:00Z
2025-01-28,A010141,0,2026-01-28T00:00:00Z
2025-01-28,A010142,0,2026-01-28T00:00:00Z
2025-01-28,A010143,0,2026-01-28T00:00:00Z
2025-01-28,A010144,0,2026-01-28T00:00:00Z
2025-01-28,A010145,0,2026-01-28T00:00:00Z
2025-01-28,A010146,0,2026-01-28T00:00:00Z
2025-01-28,A010147,0,2026-01-28T00:00:00Z
2025-01-28,A010148,0,2026-01-28T00:00:00Z
2025-01-28,A010149,0,2026-01-28T00:00:00Z
2025-02-28,A020000,0,2026-02-28T00:00:00Z
2025-02-28,A020001,0,2026-02-28T00:00:00Z
2025-02-28,A020002,0,2026-02-28T00:00:00Z
2025-02-28,A020003,0,2026-02-28T00:00:00Z
2025-02-28,A020004,0,2026-02-28T00:00:00Z
2025-02-28,A020005,0,2026-02-28T00:00:00Z
2025-02-28,A020006,0,2026-02-28T00:00:00Z
2025-02-28,A020007,0,2026-02-28T00:00:00Z
2025-02-28,A020008,0,2026-02-28T00:00:00Z
2025-02-28,A020009,0,2026-02-28T00:00:00Z
2025-02-28,A020010,1,2026-02-28T00:00:00Z
2025-02-28,A020011,0,2026-02-28T00:00:00Z
2025-02-28,A020012,0,2026-02-28T00:00:00Z
2025-02-28,A020013,1,2026-02-28T00:00:00Z
2025-02-28,A020014,0,2026-02-28T00:00:00Z
2025-02-28,A020015,0,2026-02-28T00:00:00Z
2025-02-28,A020016,1,2026-02-28T00:00:00Z
2025-02-28,A020017,0,2026-02-28T00:00:00Z
2025-02-28,A020018,0,2026-02-28T00:00:00Z
2025-02-28,A020019,0,2026-02-28T00:00:00Z
2025-02-28,A020020,0,2026-02-28T00:00:00Z
2025-02-28,A020021,1,2026-02-28T00:00:00Z
2025-02-28,A020022,0,2026-02-28T00:00:00Z
2025-02-28,A020023,0,2026-02-28T00:00:00Z
2025-02-28,A020024,1,2026-02-28T00:00:00Z
2025-02-28,A020025,0,2026-02-28T00:00:00Z
2025-02-28,A020026,0,2026-02-28T00:00:00Z
2025-02-28,A020027,0,2026-02-28T00:00:00Z
2025-02-28,A020028,0,2026-02-28T00:00:00Z
2025-02-28,A020029,1,2026-02-28T00:00:00Z
2025-02-28,A020030,0,2026-02-28T00:00:00Z
2025-02-28,A020031,0,2026-02-28T00:00:00Z
2025-02-28,A020032,0,2026-02-28T00:00:00Z
2025-02-28,A020033,0,2026-02-28T00:00:00Z
2025-02-28,A020034,1,2026-02-28T00:00:00Z
2025-02-28,A020035,0,2026-02-28T00:00:00Z
2025-02-28,A020036,0,2026-02-28T00:00:00Z
2025-02-28,A020037,1,2026-02-28T00:00:00Z
2025-02-28,A020038,0,2026-02-28T00:00:00Z
2025-02-28,A020039,0,2026-02-28T00:00:00Z
2025-02-28,A020040,0,2026-02-28T00:00:00Z
2025-02-28,A020041,0,2026-02-28T00:00:00Z
2025-02-28,A020042,0,2026-02-28T00:00:00Z
2025-02-28,A020043,0,2026-02-28T00:00:00Z
2025-02-28,A020044,0,2026-02-28T00:00:00Z
2025-02-28,A020045,0,2026-02-28T00:00:00Z
2025-02-28,A020046,0,2026-02-28T00:00:00Z
2025-02-28,A020047,0,2026-02-28T00:00:00Z
2025-02-28,A020048,0,2026-02-28T00:00:00Z
2025-02-28,A020049,0,2026-02-28T00:00:00Z
2025-02-28,A020050,0,2026-02-28T00:00:00Z
2025-02-28,A020051,0,2026-02-28T00:00:00Z
2025-02-28,A020052,0,2026-02-28T00:00:00Z
2025-02-28,A020053,1,2026-02-28T00:00:00Z
2025-02-28,A020054,0,2026-02-28T00:00:00Z
2025-02-28,A020055,0,2026-02-28T00:00:00Z
2025-02-28,A020056,1,2026-02-28T00:00:00Z
2025-02-28,A020057,0,2026-02-28T00:00:00Z
2025-02-28,A020058,0,2026-02-28T00:00:00Z
2025-02-28,A020059,0,2026-02-28T00:00:00Z
2025-02-28,A020060,0,2026-02-28T00:00:00Z
2025-02-28,A020061,0,2026-02-28T00:00:00Z
2025-02-28,A020062,1,2026-02-28T00:00:00Z
2025-02-28,A020063,0,2026-02-28T00:00:00Z
2025-02-28,A020064,0,2026-02-28T00:00:00Z
2025-02-28,A020065,0,2026-02-28T00:00:00Z
2025-02-28,A020066,0,2026-02-28T00:00:00Z
2025-02-28,A020067,0,2026-02-28T00:00:00Z
2025-02-28,A020068,0,2026-02-28T00:00:00Z
2025-02-28,A020069,0,2026-02-28T00:00:00Z
2025-02-28,A020070,0,2026-02-28T00:00:00Z
2025-02-28,A020071,0,2026-02-28T00:00:00Z
2025-02-28,A020072,0,2026-02-28T00:00:00Z
2025-02-28,A020073,0,2026-02-28T00:00:00Z
2025-02-28,A020074,0,2026-02-28T00:00:00Z
2025-02-28,A020075,0,2026-02-28T00:00:00Z
2025-02-28,A020076,0,2026-02-28T00:00:00Z
2025-02-28,A020077,0,2026-02-28T00:00:00Z
2025-02-28,A020078,0,2026-02-28T00:00:00Z
2025-02-28,A020079,1,2026-02-28T00:00:00Z
2025-02-28,A020080,0,2026-02-28T00:00:00Z
2025-02-28,A020081,0,2026-02-28T00:00:00Z
2025-02-28,A020082,0,2026-02-28T00:00:00Z
2025-02-28,A020083,0,2026-02-28T00:00:00Z
2025-02-28,A020084,0,2026-02-28T00:00:00Z
2025-02-28,A020085,0,2026-02-28T00:00:00Z
2025-02-28,A020086,1,2026-02-28T00:00:00Z
2025-02-28,A020087,0,2026-02-28T00:00:00Z
2025-02-28,A020088,0,2026-02-28T00:00:00Z
2025-02-28,A020089,0,2026-02-28T00:00:00Z
2025-02-28,A020090,0,2026-02-28T00:00:00Z
2025-02-28,A020091,0,2026-02-28T00:00:00Z
2025-02-28,A020092,0,2026-02-28T00:00:00Z
2025-02-28,A020093,0,2026-02-28T00:00:00Z
2025-02-28,A020094,1,2026-02-28T00:00:00Z
2025-02-28,A020095,0,2026-02-28T00:00:00Z
2025-02-28,A020096,0,2026-02-28T00:00:00Z
2025-02-28,A020097,0,2026-02-28T00:00:00Z
2025-02-28,A020098,0,2026-02-28T00:00:00Z
2025-02-28,A020099,0,2026-02-28T00:00:00Z
2025-02-28,A020100,0,2026-02-28T00:00:00Z
2025-02-28,A020101,1,2026-02-28T00:00:00Z
2025-02-28,A020102,0,2026-02-28T00:00:00Z
2025-02-28,A020103,0,2026-02-28T00:00:00Z
2025-02-28,A020104,0,2026-02-28T00:00:00Z
2025-02-28,A020105,0,2026-02-28T00:00:00Z
2025-02-28,A020106,0,2026-02-28T00:00:00Z
2025-02-28,A020107,0,2026-02-28T00:00:00Z
2025-02-28,A020108,0,2026-02-28T00:00:00Z
2025-02-28,A020109,0,2026-02-28T00:00:00Z
2025-02-28,A020110,0,2026-02-28T00:00:00Z
2025-02-28,A020111,1,2026-02-28T00:00:00Z
2025-02-28,A020112,0,2026-02-28T00:00:00Z
2025-02-28,A020113,0,2026-02-28T00:00:00Z
2025-02-28,A020114,0,2026-02-28T00:00:00Z
2025-02-28,A020115,1,2026-02-28T00:00:00Z
2025-02-28,A020116,0,2026-02-28T00:00:00Z
2025-02-28,A020117,0,2026-02-28T00:00:00Z
2025-02-28,A020118,0,2026-02-28T00:00:00Z
2025-02-28,A020119,0,2026-02-28T00:00:00Z
2025-02-28,A020120,0,2026-02-28T00:00:00Z
2025-02-28,A020121,0,2026-02-28T00:00:00Z
2025-02-28,A020122,0,2026-02-28T00:00:00Z
2025-02-28,A020123,0,2026-02-28T00:00:00Z
2025-02-28,A020124,0,2026-02-28T00:00:00Z
2025-02-28,A020125,0,2026-02-28T00:00:00Z
2025-02-28,A020126,0,2026-02-28T00:00:00Z
2025-02-28,A020127,0,2026-02-28T00:00:00Z
2025-02-28,A020128,1,2026-02-28T00:00:00Z
2025-02-28,A020129,0,2026-02-28T00:00:00Z
2025-02-28,A020130,0,2026-02-28T00:00:00Z
2025-02-28,A020131,0,2026-02-28T00:00:00Z
2025-02-28,A020132,0,2026-02-28T00:00:00Z
2025-02-28,A020133,0,2026-02-28T00:00:00Z
2025-02-28,A020134,0,2026-02-28T00:00:00Z
2025-02-28,A020135,0,2026-02-28T00:00:00Z
2025-02-28,A020136,0,2026-02-28T00:00:00Z
2025-02-28,A020137,1,2026-02-28T00:00:00Z
2025-02-28,A020138,0,2026-02-28T00:00:00Z
2025-02-28,A020139,0,2026-02-28T00:00:00Z
2025-02-28,A020140,0,2026-02-28T00:00:00Z
2025-02-28,A020141,0,2026-02-28T00:00:00Z
2025-02-28,A020142,0,2026-02-28T00:00:00Z
2025-02-28,A020143,1,2026-02-28T00:00:00Z
2025-02-28,A020144,0,2026-02-28T00:00:00Z
2025-02-28,A020145,0,2026-02-28T00:00:00Z
2025-02-28,A020146,0,2026-02-28T00:00:00Z
2025-02-28,A020147,0,2026-02-28T00:00:00Z
2025-02-28,A020148,0,2026-02-28T00:00:00Z
2025-02-28,A020149,0,2026-02-28T00:00:00Z
2025-03-28,A030000,0,2026-03-28T00:00:00Z
2025-03-28,A030001,0,2026-03-28T00:00:00Z
2025-03-28,A030002,0,2026-03-28T00:00:00Z
2025-03-28,A030003,0,2026-03-28T00:00:00Z
2025-03-28,A030004,0,2026-03-28T00:00:00Z
2025-03-28,A030005,0,2026-03-28T00:00:00Z
2025-03-28,A030006,0,2026-03-28T00:00:00Z
2025-03-28,A030007,1,2026-03-28T00:00:00Z
2025-03-28,A030008,0,2026-03-28T00:00:00Z
2025-03-28,A030009,0,2026-03-28T00:00:00Z
2025-03-28,A030010,0,2026-03-28T00:00:00Z
2025-03-28,A030011,0,2026-03-28T00:00:00Z
2025-03-28,A030012,0,2026-03-28T00:00:00Z
2025-03-28,A030013,1,2026-03-28T00:00:00Z
2025-03-28,A030014,0,2026-03-28T00:00:00Z
2025-03-28,A030015,0,2026-03-28T00:00:00Z
2025-03-28,A030016,0,2026-03-28T00:00:00Z
2025-03-28,A030017,0,2026-03-28T00:00:00Z
2025-03-28,A030018,0,2026-03-28T00:00:00Z
2025-03-28,A030019,1,2026-03-28T00:00:00Z
2025-03-28,A030020,0,2026-03-28T00:00:00Z
2025-03-28,A030021,0,2026-03-28T00:00:00Z
2025-03-28,A030022,0,2026-03-28T00:00:00Z
2025-03-28,A030023,0,2026-03-28T00:00:00Z
2025-03-28,A030024,0,2026-03-28T00:00:00Z
2025-03-28,A030025,1,2026-03-28T00:00:00Z
2025-03-28,A030026,0,2026-03-28T00:00:00Z
2025-03-28,A030027,0,2026-03-28T00:00:00Z
2025-03-28,A030028,0,2026-03-28T00:00:00Z
2025-03-28,A030029,0,2026-03-28T00:00:00Z
2025-03-28,A030030,0,2026-03-28T00:00:00Z
2025-03-28,A030031,0,2026-03-28T00:00:00Z
2025-03-28,A030032,0,2026-03-28T00:00:00Z
2025-03-28,A030033,0,2026-03-28T00:00:00Z
2025-03-28,A030034,0,2026-03-28T00:00:00Z
2025-03-28,A030035,0,2026-03-28T00:00:00Z
2025-03-28,A030036,0,2026-03-28T00:00:00Z
2025-03-28,A030037,0,2026-03-28T00:00:00Z
2025-03-28,A030038,0,2026-03-28T00:00:00Z
2025-03-28,A030039,0,2026-03-28T00:00:00Z
2025-03-28,A030040,0,2026-03-28T00:00:00Z
2025-03-28,A030041,0,2026-03-28T00:00:00Z
2025-03-28,A030042,1,2026-03-28T00:00:00Z
2025-03-28,A030043,1,2026-03-28T00:00:00Z
2025-03-28,A030044,0,2026-03-28T00:00:00Z
2025-03-28,A030045,0,2026-03-28T00:00:00Z
2025-03-28,A030046,0,2026-03-28T00:00:00Z
2025-03-28,A030047,0,2026-03-28T00:00:00Z
2025-03-28,A030048,1,2026-03-28T00:00:00Z
2025-03-28,A030049,0,2026-03-28T00:00:00Z
2025-03-28,A030050,0,2026-03-28T00:00:00Z
2025-03-28,A030051,0,2026-03-28T00:00:00Z
2025-03-28,A030052,0,2026-03-28T00:00:00Z
2025-03-28,A030053,0,2026-03-28T00:00:00Z
2025-03-28,A030054,0,2026-03-28T00:00:00Z
2025-03-28,A030055,0,2026-03-28T00:00:00Z
2025-03-28,A030056,0,2026-03-28T00:00:00Z
2025-03-28,A030057,1,2026-03-28T00:00:00Z
2025-03-28,A030058,0,2026-03-28T00:00:00Z
2025-03-28,A030059,1,2026-03-28T00:00:00Z
2025-03-28,A030060,0,2026-03-28T00:00:00Z
2025-03-28,A030061,0,2026-03-28T00:00:00Z
2025-03-28,A030062,0,2026-03-28T00:00:00Z
2025-03-28,A030063,0,2026-03-28T00:00:00Z
2025-03-28,A030064,0,2026-03-28T00:00:00Z
2025-03-28,A030065,0,2026-03-28T00:00:00Z
2025-03-28,A030066,0,2026-03-28T00:00:00Z
2025-03-28,A030067,0,2026-03-28T00:00:00Z
2025-03-28,A030068,0,2026-03-28T00:00:00Z
2025-03-28,A030069,0,2026-03-28T00:00:00Z
2025-03-28,A030070,0,2026-03-28T00:00:00Z
2025-03-28,A030071,0,2026-03-28T00:00:00Z
2025-03-28,A030072,1,2026-03-28T00:00:00Z
2025-03-28,A030073,1,2026-03-28T00:00:00Z
2025-03-28,A030074,0,2026-03-28T00:00:00Z
2025-03-28,A030075,1,2026-03-28T00:00:00Z
2025-03-28,A030076,0,2026-03-28T00:00:00Z
2025-03-28,A030077,0,2026-03-28T00:00:00Z
2025-03-28,A030078,0,2026-03-28T00:00:00Z
2025-03-28,A030079,0,2026-03-28T00:00:00Z
2025-03-28,A030080,0,2026-03-28T00:00:00Z
2025-03-28,A030081,0,2026-03-28T00:00:00Z
2025-03-28,A030082,0,2026-03-28T00:00:00Z
2025-03-28,A030083,0,2026-03-28T00:00:00Z
2025-03-28,A030084,0,2026-03-28T00:00:00Z
2025-03-28,A030085,0,2026-03-28T00:00:00Z
2025-03-28,A030086,0,2026-03-28T00:00:00Z
2025-03-28,A030087,0,2026-03-28T00:00:00Z
2025-03-28,A030088,0,2026-03-28T00:00:00Z
2025-03-28,A030089,0,2026-03-28T00:00:00Z
2025-03-28,A030090,0,2026-03-28T00:00:00Z
2025-03-28,A030091,0,2026-03-28T00:00:00Z
2025-03-28,A030092,0,2026-03-28T00:00:00Z
2025-03-28,A030093,0,2026-03-28T00:00:00Z
2025-03-28,A030094,0,2026-03-28T00:00:00Z
2025-03-28,A030095,0,2026-03-28T00:00:00Z
2025-03-28,A030096,0,2026-03-28T00:00:00Z
2025-03-28,A030097,0,2026-03-28T00:00:00Z
2025-03-28,A030098,0,2026-03-28T00:00:00Z
2025-03-28,A030099,0,2026-03-28T00:00:00Z
2025-03-28,A030100,0,2026-03-28T00:00:00Z
2025-03-28,A030101,0,2026-03-28T00:00:00Z
2025-03-28,A030102,0,2026-03-28T00:00:00Z
2025-03-28,A030103,0,2026-03-28T00:00:00Z
2025-03-28,A030104,0,2026-03-28T00:00:00Z
2025-03-28,A030105,0,2026-03-28T00:00:00Z
2025-03-28,A030106,0,2026-03-28T00:00:00Z
2025-03-28,A030107,0,2026-03-28T00:00:00Z
2025-03-28,A030108,0,2026-03-28T00:00:00Z
2025-03-28,A030109,0,2026-03-28T00:00:00Z
2025-03-28,A030110,0,2026-03-28T00:00:00Z
2025-03-28,A030111,0,2026-03-28T00:00:00Z
2025-03-28,A030112,0,2026-03-28T00:00:00Z
2025-03-28,A030113,1,2026-03-28T00:00:00Z
2025-03-28,A030114,0,2026-03-28T00:00:00Z
2025-03-28,A030115,0,2026-03-28T00:00:00Z
2025-03-28,A030116,0,2026-03-28T00:00:00Z
2025-03-28,A030117,0,2026-03-28T00:00:00Z
2025-03-28,A030118,0,2026-03-28T00:00:00Z
2025-03-28,A030119,0,2026-03-28T00:00:00Z
2025-03-28,A030120,0,2026-03-28T00:00:00Z
2025-03-28,A030121,0,2026-03-28T00:00:00Z
2025-03-28,A030122,0,2026-03-28T00:00:00Z
2025-03-28,A030123,0,2026-03-28T00:00:00Z
2025-03-28,A030124,0,2026-03-28T00:00:00Z
2025-03-28,A030125,0,2026-03-28T00:00:00Z
2025-03-28,A030126,0,2026-03-28T00:00:00Z
2025-03-28,A030127,1,2026-03-28T00:00:00Z
2025-03-28,A030128,0,2026-03-28T00:00:00Z
2025-03-28,A030129,0,2026-03-28T00:00:00Z
2025-03-28,A030130,0,2026-03-28T00:00:00Z
2025-03-28,A030131,0,2026-03-28T00:00:00Z
2025-03-28,A030132,0,2026-03-28T00:00:00Z
2025-03-28,A030133,0,2026-03-28T00:00:00Z
2025-03-28,A030134,0,2026-03-28T00:00:00Z
2025-03-28,A030135,0,2026-03-28T00:00:00Z
2025-03-28,A030136,0,2026-03-28T00:00:00Z
2025-03-28,A030137,0,2026-03-28T00:00:00Z
2025-03-28,A030138,1,2026-03-28T00:00:00Z
2025-03-28,A030139,0,2026-03-28T00:00:00Z
2025-03-28,A030140,0,2026-03-28T00:00:00Z
2025-03-28,A030141,0,2026-03-28T00:00:00Z
2025-03-28,A030142,0,2026-03-28T00:00:00Z
2025-03-28,A030143,1,2026-03-28T00:00:00Z
2025-03-28,A030144,0,2026-03-28T00:00:00Z
2025-03-28,A030145,1,2026-03-28T00:00:00Z
2025-03-28,A030146,0,2026-03-28T00:00:00Z
2025-03-28,A030147,0,2026-03-28T00:00:00Z
2025-03-28,A030148,0,2026-03-28T00:00:00Z
2025-03-28,A030149,0,2026-03-28T00:00:00Z
2025-04-28,A040000,0,2026-04-28T00:00:00Z
2025-04-28,A040001,0,2026-04-28T00:00:00Z
2025-04-28,A040002,0,2026-04-28T00:00:00Z
2025-04-28,A040003,1,2026-04-28T00:00:00Z
2025-04-28,A040004,0,2026-04-28T00:00:00Z
2025-04-28,A040005,0,2026-04-28T00:00:00Z
2025-04-28,A040006,0,2026-04-28T00:00:00Z
2025-04-28,A040007,0,2026-04-28T00:00:00Z
2025-04-28,A040008,0,2026-04-28T00:00:00Z
2025-04-28,A040009,1,2026-04-28T00:00:00Z
2025-04-28,A040010,0,2026-04-28T00:00:00Z
2025-04-28,A040011,0,2026-04-28T00:00:00Z
2025-04-28,A040012,0,2026-04-28T00:00:00Z
2025-04-28,A040013,1,2026-04-28T00:00:00Z
2025-04-28,A040014,0,2026-04-28T00:00:00Z
2025-04-28,A040015,0,2026-04-28T00:00:00Z
2025-04-28,A040016,0,2026-04-28T00:00:00Z
2025-04-28,A040017,0,2026-04-28T00:00:00Z
2025-04-28,A040018,0,2026-04-28T00:00:00Z
2025-04-28,A040019,0,2026-04-28T00:00:00Z
2025-04-28,A040020,0,2026-04-28T00:00:00Z
2025-04-28,A040021,0,2026-04-28T00:00:00Z
2025-04-28,A040022,1,2026-04-28T00:00:00Z
2025-04-28,A040023,0,2026-04-28T00:00:00Z
2025-04-28,A040024,1,2026-04-28T00:00:00Z
2025-04-28,A040025,1,2026-04-28T00:00:00Z
2025-04-28,A040026,0,2026-04-28T00:00:00Z
2025-04-28,A040027,0,2026-04-28T00:00:00Z
2025-04-28,A040028,1,2026-04-28T00:00:00Z
2025-04-28,A040029,0,2026-04-28T00:00:00Z
2025-04-28,A040030,0,2026-04-28T00:00:00Z
2025-04-28,A040031,0,2026-04-28T00:00:00Z
2025-04-28,A040032,0,2026-04-28T00:00:00Z
2025-04-28,A040033,0,2026-04-28T00:00:00Z
2025-04-28,A040034,1,2026-04-28T00:00:00Z
2025-04-28,A040035,0,2026-04-28T00:00:00Z
2025-04-28,A040036,0,2026-04-28T00:00:00Z
2025-04-28,A040037,0,2026-04-28T00:00:00Z
2025-04-28,A040038,0,2026-04-28T00:00:00Z
2025-04-28,A040039,0,2026-04-28T00:00:00Z
2025-04-28,A040040,0,2026-04-28T00:00:00Z
2025-04-28,A040041,0,2026-04-28T00:00:00Z
2025-04-28,A040042,0,2026-04-28T00:00:00Z
2025-04-28,A040043,0,2026-04-28T00:00:00Z
2025-04-28,A040044,0,2026-04-28T00:00:00Z
2025-04-28,A040045,0,2026-04-28T00:00:00Z
2025-04-28,A040046,0,2026-04-28T00:00:00Z
2025-04-28,A040047,0,2026-04-28T00:00:00Z
2025-04-28,A040048,0,2026-04-28T00:00:00Z
2025-04-28,A040049,0,2026-04-28T00:00:00Z
2025-04-28,A040050,0,2026-04-28T00:00:00Z
2025-04-28,A040051,0,2026-04-28T00:00:00Z
2025-04-28,A040052,0,2026-04-28T00:00:00Z
2025-04-28,A040053,0,2026-04-28T00:00:00Z
2025-04-28,A040054,0,2026-04-28T00:00:00Z
2025-04-28,A040055,0,2026-04-28T00:00:00Z
2025-04-28,A040056,0,2026-04-28T00:00:00Z
2025-04-28,A040057,0,2026-04-28T00:00:00Z
2025-04-28,A040058,0,2026-04-28T00:00:00Z
2025-04-28,A040059,0,2026-04-28T00:00:00Z
2025-04-28,A040060,1,2026-04-28T00:00:00Z
2025-04-28,A040061,0,2026-04-28T00:00:00Z
2025-04-28,A040062,1,2026-04-28T00:00:00Z
2025-04-28,A040063,0,2026-04-28T00:00:00Z
2025-04-28,A040064,0,2026-04-28T00:00:00Z
2025-04-28,A040065,0,2026-04-28T00:00:00Z
2025-04-28,A040066,0,2026-04-28T00:00:00Z
2025-04-28,A040067,0,2026-04-28T00:00:00Z
2025-04-28,A040068,0,2026-04-28T00:00:00Z
2025-04-28,A040069,0,2026-04-28T00:00:00Z
2025-04-28,A040070,0,2026-04-28T00:00:00Z
2025-04-28,A040071,1,2026-04-28T00:00:00Z
2025-04-28,A040072,0,2026-04-28T00:00:00Z
2025-04-28,A040073,0,2026-04-28T00:00:00Z
2025-04-28,A040074,0,2026-04-28T00:00:00Z
2025-04-28,A040075,0,2026-04-28T00:00:00Z
2025-04-28,A040076,0,2026-04-28T00:00:00Z
2025-04-28,A040077,0,2026-04-28T00:00:00Z
2025-04-28,A040078,0,2026-04-28T00:00:00Z
2025-04-28,A040079,0,2026-04-28T00:00:00Z
2025-04-28,A040080,0,2026-04-28T00:00:00Z
2025-04-28,A040081,0,2026-04-28T00:00:00Z
2025-04-28,A040082,0,2026-04-28T00:00:00Z
2025-04-28,A040083,0,2026-04-28T00:00:00Z
2025-04-28,A040084,0,2026-04-28T00:00:00Z
2025-04-28,A040085,0,2026-04-28T00:00:00Z
2025-04-28,A040086,0,2026-04-28T00:00:00Z
2025-04-28,A040087,0,2026-04-28T00:00:00Z
2025-04-28,A040088,0,2026-04-28T00:00:00Z
2025-04-28,A040089,0,2026-04-28T00:00:00Z
2025-04-28,A040090,0,2026-04-28T00:00:00Z
2025-04-28,A040091,0,2026-04-28T00:00:00Z
2025-04-28,A040092,0,2026-04-28T00:00:00Z
2025-04-28,A040093,0,2026-04-28T00:00:00Z
2025-04-28,A040094,1,2026-04-28T00:00:00Z
2025-04-28,A040095,0,2026-04-28T00:00:00Z
2025-04-28,A040096,0,2026-04-28T00:00:00Z
2025-04-28,A040097,0,2026-04-28T00:00:00Z
2025-04-28,A040098,0,2026-04-28T00:00:00Z
2025-04-28,A040099,1,2026-04-28T00:00:00Z
2025-04-28,A040100,1,2026-04-28T00:00:00Z
2025-04-28,A040101,0,2026-04-28T00:00:00Z
2025-04-28,A040102,0,2026-04-28T00:00:00Z
2025-04-28,A040103,0,2026-04-28T00:00:00Z
2025-04-28,A040104,0,2026-04-28T00:00:00Z
2025-04-28,A040105,1,2026-04-28T00:00:00Z
2025-04-28,A040106,1,2026-04-28T00:00:00Z
2025-04-28,A040107,0,2026-04-28T00:00:00Z
2025-04-28,A040108,1,2026-04-28T00:00:00Z
2025-04-28,A040109,0,2026-04-28T00:00:00Z
2025-04-28,A040110,1,2026-04-28T00:00:00Z
2025-04-28,A040111,0,2026-04-28T00:00:00Z
2025-04-28,A040112,0,2026-04-28T00:00:00Z
2025-04-28,A040113,1,2026-04-28T00:00:00Z
2025-04-28,A040114,1,2026-04-28T00:00:00Z
2025-04-28,A040115,0,2026-04-28T00:00:00Z
2025-04-28,A040116,0,2026-04-28T00:00:00Z
2025-04-28,A040117,0,2026-04-28T00:00:00Z
2025-04-28,A040118,0,2026-04-28T00:00:00Z
2025-04-28,A040119,0,2026-04-28T00:00:00Z
2025-04-28,A040120,0,2026-04-28T00:00:00Z
2025-04-28,A040121,0,2026-04-28T00:00:00Z
2025-04-28,A040122,0,2026-04-28T00:00:00Z
2025-04-28,A040123,0,2026-04-28T00:00:00Z
2025-04-28,A040124,0,2026-04-28T00:00:00Z
2025-04-28,A040125,0,2026-04-28T00:00:00Z
2025-04-28,A040126,0,2026-04-28T00:00:00Z
2025-04-28,A040127,0,2026-04-28T00:00:00Z
2025-04-28,A040128,0,2026-04-28T00:00:00Z
2025-04-28,A040129,0,2026-04-28T00:00:00Z
2025-04-28,A040130,0,2026-04-28T00:00:00Z
2025-04-28,A040131,0,2026-04-28T00:00:00Z
2025-04-28,A040132,0,2026-04-28T00:00:00Z
2025-04-28,A040133,0,2026-04-28T00:00:00Z
2025-04-28,A040134,0,2026-04-28T00:00:00Z
2025-04-28,A040135,0,2026-04-28T00:00:00Z
2025-04-28,A040136,0,2026-04-28T00:00:00Z
2025-04-28,A040137,0,2026-04-28T00:00:00Z
2025-04-28,A040138,0,2026-04-28T00:00:00Z
2025-04-28,A040139,0,2026-04-28T00:00:00Z
2025-04-28,A040140,0,2026-04-28T00:00:00Z
2025-04-28,A040141,0,2026-04-28T00:00:00Z
2025-04-28,A040142,0,2026-04-28T00:00:00Z
2025-04-28,A040143,1,2026-04-28T00:00:00Z
2025-04-28,A040144,0,2026-04-28T00:00:00Z
2025-04-28,A040145,0,2026-04-28T00:00:00Z
2025-04-28,A040146,0,2026-04-28T00:00:00Z
2025-04-28,A040147,1,2026-04-28T00:00:00Z
2025-04-28,A040148,0,2026-04-28T00:00:00Z
2025-04-28,A040149,0,2026-04-28T00:00:00Z
2025-05-28,A050000,0,2026-05-28T00:00:00Z
2025-05-28,A050001,0,2026-05-28T00:00:00Z
2025-05-28,A050002,1,2026-05-28T00:00:00Z
2025-05-28,A050003,0,2026-05-28T00:00:00Z
2025-05-28,A050004,0,2026-05-28T00:00:00Z
2025-05-28,A050005,0,2026-05-28T00:00:00Z
2025-05-28,A050006,0,2026-05-28T00:00:00Z
2025-05-28,A050007,0,2026-05-28T00:00:00Z
2025-05-28,A050008,0,2026-05-28T00:00:00Z
2025-05-28,A050009,0,2026-05-28T00:00:00Z
2025-05-28,A050010,0,2026-05-28T00:00:00Z
2025-05-28,A050011,0,2026-05-28T00:00:00Z
2025-05-28,A050012,0,2026-05-28T00:00:00Z
2025-05-28,A050013,0,2026-05-28T00:00:00Z
2025-05-28,A050014,0,2026-05-28T00:00:00Z
2025-05-28,A050015,0,2026-05-28T00:00:00Z
2025-05-28,A050016,1,2026-05-28T00:00:00Z
2025-05-28,A050017,0,2026-05-28T00:00:00Z
2025-05-28,A050018,1,2026-05-28T00:00:00Z
2025-05-28,A050019,0,2026-05-28T00:00:00Z
2025-05-28,A050020,1,2026-05-28T00:00:00Z
2025-05-28,A050021,0,2026-05-28T00:00:00Z
2025-05-28,A050022,0,2026-05-28T00:00:00Z
2025-05-28,A050023,0,2026-05-28T00:00:00Z
2025-05-28,A050024,0,2026-05-28T00:00:00Z
2025-05-28,A050025,0,2026-05-28T00:00:00Z
2025-05-28,A050026,0,2026-05-28T00:00:00Z
2025-05-28,A050027,0,2026-05-28T00:00:00Z
2025-05-28,A050028,0,2026-05-28T00:00:00Z
2025-05-28,A050029,0,2026-05-28T00:00:00Z
2025-05-28,A050030,0,2026-05-28T00:00:00Z
2025-05-28,A050031,0,2026-05-28T00:00:00Z
2025-05-28,A050032,1,2026-05-28T00:00:00Z
2025-05-28,A050033,0,2026-05-28T00:00:00Z
2025-05-28,A050034,0,2026-05-28T00:00:00Z
2025-05-28,A050035,0,2026-05-28T00:00:00Z
2025-05-28,A050036,0,2026-05-28T00:00:00Z
2025-05-28,A050037,0,2026-05-28T00:00:00Z
2025-05-28,A050038,0,2026-05-28T00:00:00Z
2025-05-28,A050039,0,2026-05-28T00:00:00Z
2025-05-28,A050040,0,2026-05-28T00:00:00Z
2025-05-28,A050041,0,2026-05-28T00:00:00Z
2025-05-28,A050042,0,2026-05-28T00:00:00Z
2025-05-28,A050043,0,2026-05-28T00:00:00Z
2025-05-28,A050044,0,2026-05-28T00:00:00Z
2025-05-28,A050045,0,2026-05-28T00:00:00Z
2025-05-28,A050046,0,2026-05-28T00:00:00Z
2025-05-28,A050047,0,2026-05-28T00:00:00Z
2025-05-28,A050048,1,2026-05-28T00:00:00Z
2025-05-28,A050049,0,2026-05-28T00:00:00Z
2025-05-28,A050050,0,2026-05-28T00:00:00Z
2025-05-28,A050051,0,2026-05-28T00:00:00Z
2025-05-28,A050052,0,2026-05-28T00:00:00Z
2025-05-28,A050053,0,2026-05-28T00:00:00Z
2025-05-28,A050054,0,2026-05-28T00:00:00Z
2025-05-28,A050055,0,2026-05-28T00:00:00Z
2025-05-28,A050056,1,2026-05-28T00:00:00Z
2025-05-28,A050057,0,2026-05-28T00:00:00Z
2025-05-28,A050058,0,2026-05-28T00:00:00Z
2025-05-28,A050059,0,2026-05-28T00:00:00Z
2025-05-28,A050060,1,2026-05-28T00:00:00Z
2025-05-28,A050061,0,2026-05-28T00:00:00Z
2025-05-28,A050062,0,2026-05-28T00:00:00Z
2025-05-28,A050063,0,2026-05-28T00:00:00Z
2025-05-28,A050064,0,2026-05-28T00:00:00Z
2025-05-28,A050065,0,2026-05-28T00:00:00Z
2025-05-28,A050066,0,2026-05-28T00:00:00Z
2025-05-28,A050067,1,2026-05-28T00:00:00Z
2025-05-28,A050068,1,2026-05-28T00:00:00Z
2025-05-28,A050069,0,2026-05-28T00:00:00Z
2025-05-28,A050070,0,2026-05-28T00:00:00Z
2025-05-28,A050071,0,2026-05-28T00:00:00Z
2025-05-28,A050072,0,2026-05-28T00:00:00Z
2025-05-28,A050073,0,2026-05-28T00:00:00Z
2025-05-28,A050074,0,2026-05-28T00:00:00Z
2025-05-28,A050075,1,2026-05-28T00:00:00Z
2025-05-28,A050076,0,2026-05-28T00:00:00Z
2025-05-28,A050077,0,2026-05-28T00:00:00Z
2025-05-28,A050078,0,2026-05-28T00:00:00Z
2025-05-28,A050079,0,2026-05-28T00:00:00Z
2025-05-28,A050080,0,2026-05-28T00:00:00Z
2025-05-28,A050081,0,2026-05-28T00:00:00Z
2025-05-28,A050082,0,2026-05-28T00:00:00Z
2025-05-28,A050083,0,2026-05-28T00:00:00Z
2025-05-28,A050084,0,2026-05-28T00:00:00Z
2025-05-28,A050085,0,2026-05-28T00:00:00Z
2025-05-28,A050086,0,2026-05-28T00:00:00Z
2025-05-28,A050087,0,2026-05-28T00:00:00Z
2025-05-28,A050088,0,2026-05-28T00:00:00Z
2025-05-28,A050089,0,2026-05-28T00:00:00Z
2025-05-28,A050090,0,2026-05-28T00:00:00Z
2025-05-28,A050091,0,2026-05-28T00:00:00Z
2025-05-28,A050092,0,2026-05-28T00:00:00Z
2025-05-28,A050093,0,2026-05-28T00:00:00Z
2025-05-28,A050094,0,2026-05-28T00:00:00Z
2025-05-28,A050095,1,2026-05-28T00:00:00Z
2025-05-28,A050096,0,2026-05-28T00:00:00Z
2025-05-28,A050097,0,2026-05-28T00:00:00Z
2025-05-28,A050098,0,2026-05-28T00:00:00Z
2025-05-28,A050099,0,2026-05-28T00:00:00Z
2025-05-28,A050100,0,2026-05-28T00:00:00Z
2025-05-28,A050101,0,2026-05-28T00:00:00Z
2025-05-28,A050102,0,2026-05-28T00:00:00Z
2025-05-28,A050103,0,2026-05-28T00:00:00Z
2025-05-28,A050104,0,2026-05-28T00:00:00Z
2025-05-28,A050105,0,2026-05-28T00:00:00Z
2025-05-28,A050106,0,2026-05-28T00:00:00Z
2025-05-28,A050107,0,2026-05-28T00:00:00Z
2025-05-28,A050108,1,2026-05-28T00:00:00Z
2025-05-28,A050109,0,2026-05-28T00:00:00Z
2025-05-28,A050110,0,2026-05-28T00:00:00Z
2025-05-28,A050111,0,2026-05-28T00:00:00Z
2025-05-28,A050112,0,2026-05-28T00:00:00Z
2025-05-28,A050113,0,2026-05-28T00:00:00Z
2025-05-28,A050114,1,2026-05-28T00:00:00Z
2025-05-28,A050115,0,2026-05-28T00:00:00Z
2025-05-28,A050116,1,2026-05-28T00:00:00Z
2025-05-28,A050117,0,2026-05-28T00:00:00Z
2025-05-28,A050118,0,2026-05-28T00:00:00Z
2025-05-28,A050119,0,2026-05-28T00:00:00Z
2025-05-28,A050120,1,2026-05-28T00:00:00Z
2025-05-28,A050121,0,2026-05-28T00:00:00Z
2025-05-28,A050122,0,2026-05-28T00:00:00Z
2025-05-28,A050123,0,2026-05-28T00:00:00Z
2025-05-28,A050124,0,2026-05-28T00:00:00Z
2025-05-28,A050125,0,2026-05-28T00:00:00Z
2025-05-28,A050126,0,2026-05-28T00:00:00Z
2025-05-28,A050127,0,2026-05-28T00:00:00Z
2025-05-28,A050128,1,2026-05-28T00:00:00Z
2025-05-28,A050129,0,2026-05-28T00:00:00Z
2025-05-28,A050130,1,2026-05-28T00:00:00Z
2025-05-28,A050131,0,2026-05-28T00:00:00Z
2025-05-28,A050132,0,2026-05-28T00:00:00Z
2025-05-28,A050133,0,2026-05-28T00:00:00Z
2025-05-28,A050134,0,2026-05-28T00:00:00Z
2025-05-28,A050135,1,2026-05-28T00:00:00Z
2025-05-28,A050136,0,2026-05-28T00:00:00Z
2025-05-28,A050137,0,2026-05-28T00:00:00Z
2025-05-28,A050138,0,2026-05-28T00:00:00Z
2025-05-28,A050139,0,2026-05-28T00:00:00Z
2025-05-28,A050140,0,2026-05-28T00:00:00Z
2025-05-28,A050141,0,2026-05-28T00:00:00Z
2025-05-28,A050142,0,2026-05-28T00:00:00Z
2025-05-28,A050143,0,2026-05-28T00:00:00Z
2025-05-28,A050144,0,2026-05-28T00:00:00Z
2025-05-28,A050145,0,2026-05-28T00:00:00Z
2025-05-28,A050146,0,2026-05-28T00:00:00Z
2025-05-28,A050147,1,2026-05-28T00:00:00Z
2025-05-28,A050148,0,2026-05-28T00:00:00Z
2025-05-28,A050149,0,2026-05-28T00:00:00Z
2025-06-28,A060000,0,2026-06-28T00:00:00Z
2025-06-28,A060001,0,2026-06-28T00:00:00Z
2025-06-28,A060002,0,2026-06-28T00:00:00Z
2025-06-28,A060003,0,2026-06-28T00:00:00Z
2025-06-28,A060004,0,2026-06-28T00:00:00Z
2025-06-28,A060005,0,2026-06-28T00:00:00Z
2025-06-28,A060006,0,2026-06-28T00:00:00Z
2025-06-28,A060007,0,2026-06-28T00:00:00Z
2025-06-28,A060008,0,2026-06-28T00:00:00Z
2025-06-28,A060009,0,2026-06-28T00:00:00Z
2025-06-28,A060010,0,2026-06-28T00:00:00Z
2025-06-28,A060011,0,2026-06-28T00:00:00Z
2025-06-28,A060012,1,2026-06-28T00:00:00Z
2025-06-28,A060013,0,2026-06-28T00:00:00Z
2025-06-28,A060014,0,2026-06-28T00:00:00Z
2025-06-28,A060015,0,2026-06-28T00:00:00Z
2025-06-28,A060016,0,2026-06-28T00:00:00Z
2025-06-28,A060017,1,2026-06-28T00:00:00Z
2025-06-28,A060018,0,2026-06-28T00:00:00Z
2025-06-28,A060019,0,2026-06-28T00:00:00Z
2025-06-28,A060020,1,2026-06-28T00:00:00Z
2025-06-28,A060021,0,2026-06-28T00:00:00Z
2025-06-28,A060022,0,2026-06-28T00:00:00Z
2025-06-28,A060023,0,2026-06-28T00:00:00Z
2025-06-28,A060024,0,2026-06-28T00:00:00Z
2025-06-28,A060025,0,2026-06-28T00:00:00Z
2025-06-28,A060026,0,2026-06-28T00:00:00Z
2025-06-28,A060027,0,2026-06-28T00:00:00Z
2025-06-28,A060028,1,2026-06-28T00:00:00Z
2025-06-28,A060029,0,2026-06-28T00:00:00Z
2025-06-28,A060030,1,2026-06-28T00:00:00Z
2025-06-28,A060031,0,2026-06-28T00:00:00Z
2025-06-28,A060032,0,2026-06-28T00:00:00Z
2025-06-28,A060033,0,2026-06-28T00:00:00Z
2025-06-28,A060034,0,2026-06-28T00:00:00Z
2025-06-28,A060035,0,2026-06-28T00:00:00Z
2025-06-28,A060036,0,2026-06-28T00:00:00Z
2025-06-28,A060037,0,2026-06-28T00:00:00Z
2025-06-28,A060038,0,2026-06-28T00:00:00Z
2025-06-28,A060039,0,2026-06-28T00:00:00Z
2025-06-28,A060040,0,2026-06-28T00:00:00Z
2025-06-28,A060041,0,2026-06-28T00:00:00Z
2025-06-28,A060042,0,2026-06-28T00:00:00Z
2025-06-28,A060043,0,2026-06-28T00:00:00Z
2025-06-28,A060044,0,2026-06-28T00:00:00Z
2025-06-28,A060045,1,2026-06-28T00:00:00Z
2025-06-28,A060046,0,2026-06-28T00:00:00Z
2025-06-28,A060047,0,2026-06-28T00:00:00Z
2025-06-28,A060048,0,2026-06-28T00:00:00Z
2025-06-28,A060049,0,2026-06-28T00:00:00Z
2025-06-28,A060050,0,2026-06-28T00:00:00Z
2025-06-28,A060051,0,2026-06-28T00:00:00Z
2025-06-28,A060052,0,2026-06-28T00:00:00Z
2025-06-28,A060053,0,2026-06-28T00:00:00Z
2025-06-28,A060054,0,2026-06-28T00:00:00Z
2025-06-28,A060055,0,2026-06-28T00:00:00Z
2025-06-28,A060056,0,2026-06-28T00:00:00Z
2025-06-28,A060057,0,2026-06-28T00:00:00Z
2025-06-28,A060058,1,2026-06-28T00:00:00Z
2025-06-28,A060059,0,2026-06-28T00:00:00Z
2025-06-28,A060060,0,2026-06-28T00:00:00Z
2025-06-28,A060061,0,2026-06-28T00:00:00Z
2025-06-28,A060062,0,2026-06-28T00:00:00Z
2025-06-28,A060063,0,2026-06-28T00:00:00Z
2025-06-28,A060064,0,2026-06-28T00:00:00Z
2025-06-28,A060065,0,2026-06-28T00:00:00Z
2025-06-28,A060066,0,2026-06-28T00:00:00Z
2025-06-28,A060067,0,2026-06-28T00:00:00Z
2025-06-28,A060068,0,2026-06-28T00:00:00Z
2025-06-28,A060069,0,2026-06-28T00:00:00Z
2025-06-28,A060070,0,2026-06-28T00:00:00Z
2025-06-28,A060071,0,2026-06-28T00:00:00Z
2025-06-28,A060072,0,2026-06-28T00:00:00Z
2025-06-28,A060073,0,2026-06-28T00:00:00Z
2025-06-28,A060074,0,2026-06-28T00:00:00Z
2025-06-28,A060075,1,2026-06-28T00:00:00Z
2025-06-28,A060076,1,2026-06-28T00:00:00Z
2025-06-28,A060077,0,2026-06-28T00:00:00Z
2025-06-28,A060078,0,2026-06-28T00:00:00Z
2025-06-28,A060079,0,2026-06-28T00:00:00Z
2025-06-28,A060080,0,2026-06-28T00:00:00Z
2025-06-28,A060081,0,2026-06-28T00:00:00Z
2025-06-28,A060082,0,2026-06-28T00:00:00Z
2025-06-28,A060083,0,2026-06-28T00:00:00Z
2025-06-28,A060084,0,2026-06-28T00:00:00Z
2025-06-28,A060085,0,2026-06-28T00:00:00Z
2025-06-28,A060086,0,2026-06-28T00:00:00Z
2025-06-28,A060087,0,2026-06-28T00:00:00Z
2025-06-28,A060088,0,2026-06-28T00:00:00Z
2025-06-28,A060089,0,2026-06-28T00:00:00Z
2025-06-28,A060090,0,2026-06-28T00:00:00Z
2025-06-28,A060091,0,2026-06-28T00:00:00Z
2025-06-28,A060092,0,2026-06-28T00:00:00Z
2025-06-28,A060093,0,2026-06-28T00:00:00Z
2025-06-28,A060094,0,2026-06-28T00:00:00Z
2025-06-28,A060095,0,2026-06-28T00:00:00Z
2025-06-28,A060096,1,2026-06-28T00:00:00Z
2025-06-28,A060097,0,2026-06-28T00:00:00Z
2025-06-28,A060098,0,2026-06-28T00:00:00Z
2025-06-28,A060099,0,2026-06-28T00:00:00Z
2025-06-28,A060100,0,2026-06-28T00:00:00Z
2025-06-28,A060101,1,2026-06-28T00:00:00Z
2025-06-28,A060102,0,2026-06-28T00:00:00Z
2025-06-28,A060103,0,2026-06-28T00:00:00Z
2025-06-28,A060104,0,2026-06-28T00:00:00Z
2025-06-28,A060105,1,2026-06-28T00:00:00Z
2025-06-28,A060106,0,2026-06-28T00:00:00Z
2025-06-28,A060107,0,2026-06-28T00:00:00Z
2025-06-28,A060108,0,2026-06-28T00:00:00Z
2025-06-28,A060109,0,2026-06-28T00:00:00Z
2025-06-28,A060110,0,2026-06-28T00:00:00Z
2025-06-28,A060111,0,2026-06-28T00:00:00Z
2025-06-28,A060112,0,2026-06-28T00:00:00Z
2025-06-28,A060113,0,2026-06-28T00:00:00Z
2025-06-28,A060114,0,2026-06-28T00:00:00Z
2025-06-28,A060115,0,2026-06-28T00:00:00Z
2025-06-28,A060116,0,2026-06-28T00:00:00Z
2025-06-28,A060117,0,2026-06-28T00:00:00Z
2025-06-28,A060118,0,2026-06-28T00:00:00Z
2025-06-28,A060119,0,2026-06-28T00:00:00Z
2025-06-28,A060120,0,2026-06-28T00:00:00Z
2025-06-28,A060121,1,2026-06-28T00:00:00Z
2025-06-28,A060122,0,2026-06-28T00:00:00Z
2025-06-28,A060123,0,2026-06-28T00:00:00Z
2025-06-28,A060124,0,2026-06-28T00:00:00Z
2025-06-28,A060125,0,2026-06-28T00:00:00Z
2025-06-28,A060126,0,2026-06-28T00:00:00Z
2025-06-28,A060127,0,2026-06-28T00:00:00Z
2025-06-28,A060128,0,2026-06-28T00:00:00Z
2025-06-28,A060129,0,2026-06-28T00:00:00Z
2025-06-28,A060130,0,2026-06-28T00:00:00Z
2025-06-28,A060131,0,2026-06-28T00:00:00Z
2025-06-28,A060132,0,2026-06-28T00:00:00Z
2025-06-28,A060133,0,2026-06-28T00:00:00Z
2025-06-28,A060134,0,2026-06-28T00:00:00Z
2025-06-28,A060135,0,2026-06-28T00:00:00Z
2025-06-28,A060136,0,2026-06-28T00:00:00Z
2025-06-28,A060137,0,2026-06-28T00:00:00Z
2025-06-28,A060138,0,2026-06-28T00:00:00Z
2025-06-28,A060139,0,2026-06-28T00:00:00Z
2025-06-28,A060140,0,2026-06-28T00:00:00Z
2025-06-28,A060141,0,2026-06-28T00:00:00Z
2025-06-28,A060142,0,2026-06-28T00:00:00Z
2025-06-28,A060143,0,2026-06-28T00:00:00Z
2025-06-28,A060144,0,2026-06-28T00:00:00Z
2025-06-28,A060145,1,2026-06-28T00:00:00Z
2025-06-28,A060146,0,2026-06-28T00:00:00Z
2025-06-28,A060147,0,2026-06-28T00:00:00Z
2025-06-28,A060148,0,2026-06-28T00:00:00Z
2025-06-28,A060149,0,2026-06-28T00:00:00Z
2025-07-28,A070000,0,2026-07-28T00:00:00Z
2025-07-28,A070001,0,2026-07-28T00:00:00Z
2025-07-28,A070002,0,2026-07-28T00:00:00Z
2025-07-28,A070003,0,2026-07-28T00:00:00Z
2025-07-28,A070004,1,2026-07-28T00:00:00Z
2025-07-28,A070005,0,2026-07-28T00:00:00Z
2025-07-28,A070006,0,2026-07-28T00:00:00Z
2025-07-28,A070007,0,2026-07-28T00:00:00Z
2025-07-28,A070008,0,2026-07-28T00:00:00Z
2025-07-28,A070009,0,2026-07-28T00:00:00Z
2025-07-28,A070010,0,2026-07-28T00:00:00Z
2025-07-28,A070011,0,2026-07-28T00:00:00Z
2025-07-28,A070012,0,2026-07-28T00:00:00Z
2025-07-28,A070013,0,2026-07-28T00:00:00Z
2025-07-28,A070014,0,2026-07-28T00:00:00Z
2025-07-28,A070015,0,2026-07-28T00:00:00Z
2025-07-28,A070016,0,2026-07-28T00:00:00Z
2025-07-28,A070017,0,2026-07-28T00:00:00Z
2025-07-28,A070018,1,2026-07-28T00:00:00Z
2025-07-28,A070019,1,2026-07-28T00:00:00Z
2025-07-28,A070020,0,2026-07-28T00:00:00Z
2025-07-28,A070021,0,2026-07-28T00:00:00Z
2025-07-28,A070022,0,2026-07-28T00:00:00Z
2025-07-28,A070023,0,2026-07-28T00:00:00Z
2025-07-28,A070024,0,2026-07-28T00:00:00Z
2025-07-28,A070025,0,2026-07-28T00:00:00Z
2025-07-28,A070026,0,2026-07-28T00:00:00Z
2025-07-28,A070027,0,2026-07-28T00:00:00Z
2025-07-28,A070028,0,2026-07-28T00:00:00Z
2025-07-28,A070029,0,2026-07-28T00:00:00Z
2025-07-28,A070030,0,2026-07-28T00:00:00Z
2025-07-28,A070031,1,2026-07-28T00:00:00Z
2025-07-28,A070032,0,2026-07-28T00:00:00Z
2025-07-28,A070033,0,2026-07-28T00:00:00Z
2025-07-28,A070034,0,2026-07-28T00:00:00Z
2025-07-28,A070035,0,2026-07-28T00:00:00Z
2025-07-28,A070036,0,2026-07-28T00:00:00Z
2025-07-28,A070037,0,2026-07-28T00:00:00Z
2025-07-28,A070038,0,2026-07-28T00:00:00Z
2025-07-28,A070039,0,2026-07-28T00:00:00Z
2025-07-28,A070040,0,2026-07-28T00:00:00Z
2025-07-28,A070041,1,2026-07-28T00:00:00Z
2025-07-28,A070042,0,2026-07-28T00:00:00Z
2025-07-28,A070043,0,2026-07-28T00:00:00Z
2025-07-28,A070044,0,2026-07-28T00:00:00Z
2025-07-28,A070045,1,2026-07-28T00:00:00Z
2025-07-28,A070046,1,2026-07-28T00:00:00Z
2025-07-28,A070047,0,2026-07-28T00:00:00Z
2025-07-28,A070048,0,2026-07-28T00:00:00Z
2025-07-28,A070049,0,2026-07-28T00:00:00Z
2025-07-28,A070050,0,2026-07-28T00:00:00Z
2025-07-28,A070051,0,2026-07-28T00:00:00Z
2025-07-28,A070052,0,2026-07-28T00:00:00Z
2025-07-28,A070053,0,2026-07-28T00:00:00Z
2025-07-28,A070054,0,2026-07-28T00:00:00Z
2025-07-28,A070055,0,2026-07-28T00:00:00Z
2025-07-28,A070056,1,2026-07-28T00:00:00Z
2025-07-28,A070057,0,2026-07-28T00:00:00Z
2025-07-28,A070058,0,2026-07-28T00:00:00Z
2025-07-28,A070059,0,2026-07-28T00:00:00Z
2025-07-28,A070060,0,2026-07-28T00:00:00Z
2025-07-28,A070061,0,2026-07-28T00:00:00Z
2025-07-28,A070062,0,2026-07-28T00:00:00Z
2025-07-28,A070063,1,2026-07-28T00:00:00Z
2025-07-28,A070064,0,2026-07-28T00:00:00Z
2025-07-28,A070065,0,2026-07-28T00:00:00Z
2025-07-28,A070066,0,2026-07-28T00:00:00Z
2025-07-28,A070067,1,2026-07-28T00:00:00Z
2025-07-28,A070068,1,2026-07-28T00:00:00Z
2025-07-28,A070069,0,2026-07-28T00:00:00Z
2025-07-28,A070070,0,2026-07-28T00:00:00Z
2025-07-28,A070071,1,2026-07-28T00:00:00Z
2025-07-28,A070072,0,2026-07-28T00:00:00Z
2025-07-28,A070073,0,2026-07-28T00:00:00Z
2025-07-28,A070074,0,2026-07-28T00:00:00Z
2025-07-28,A070075,0,2026-07-28T00:00:00Z
2025-07-28,A070076,0,2026-07-28T00:00:00Z
2025-07-28,A070077,0,2026-07-28T00:00:00Z
2025-07-28,A070078,1,2026-07-28T00:00:00Z
2025-07-28,A070079,1,2026-07-28T00:00:00Z
2025-07-28,A070080,1,2026-07-28T00:00:00Z
2025-07-28,A070081,0,2026-07-28T00:00:00Z
2025-07-28,A070082,0,2026-07-28T00:00:00Z
2025-07-28,A070083,0,2026-07-28T00:00:00Z
2025-07-28,A070084,0,2026-07-28T00:00:00Z
2025-07-28,A070085,0,2026-07-28T00:00:00Z
2025-07-28,A070086,0,2026-07-28T00:00:00Z
2025-07-28,A070087,0,2026-07-28T00:00:00Z
2025-07-28,A070088,1,2026-07-28T00:00:00Z
2025-07-28,A070089,0,2026-07-28T00:00:00Z
2025-07-28,A070090,0,2026-07-28T00:00:00Z
2025-07-28,A070091,1,2026-07-28T00:00:00Z
2025-07-28,A070092,1,2026-07-28T00:00:00Z
2025-07-28,A070093,0,2026-07-28T00:00:00Z
2025-07-28,A070094,0,2026-07-28T00:00:00Z
2025-07-28,A070095,1,2026-07-28T00:00:00Z
2025-07-28,A070096,0,2026-07-28T00:00:00Z
2025-07-28,A070097,0,2026-07-28T00:00:00Z
2025-07-28,A070098,0,2026-07-28T00:00:00Z
2025-07-28,A070099,0,2026-07-28T00:00:00Z
2025-07-28,A070100,0,2026-07-28T00:00:00Z
2025-07-28,A070101,0,2026-07-28T00:00:00Z
2025-07-28,A070102,1,2026-07-28T00:00:00Z
2025-07-28,A070103,0,2026-07-28T00:00:00Z
2025-07-28,A070104,0,2026-07-28T00:00:00Z
2025-07-28,A070105,0,2026-07-28T00:00:00Z
2025-07-28,A070106,0,2026-07-28T00:00:00Z
2025-07-28,A070107,0,2026-07-28T00:00:00Z
2025-07-28,A070108,0,2026-07-28T00:00:00Z
2025-07-28,A070109,0,2026-07-28T00:00:00Z
2025-07-28,A070110,1,2026-07-28T00:00:00Z
2025-07-28,A070111,0,2026-07-28T00:00:00Z
2025-07-28,A070112,0,2026-07-28T00:00:00Z
2025-07-28,A070113,0,2026-07-28T00:00:00Z
2025-07-28,A070114,0,2026-07-28T00:00:00Z
2025-07-28,A070115,0,2026-07-28T00:00:00Z
2025-07-28,A070116,0,2026-07-28T00:00:00Z
2025-07-28,A070117,0,2026-07-28T00:00:00Z
2025-07-28,A070118,0,2026-07-28T00:00:00Z
2025-07-28,A070119,0,2026-07-28T00:00:00Z
2025-07-28,A070120,0,2026-07-28T00:00:00Z
2025-07-28,A070121,0,2026-07-28T00:00:00Z
2025-07-28,A070122,0,2026-07-28T00:00:00Z
2025-07-28,A070123,0,2026-07-28T00:00:00Z
2025-07-28,A070124,0,2026-07-28T00:00:00Z
2025-07-28,A070125,0,2026-07-28T00:00:00Z
2025-07-28,A070126,0,2026-07-28T00:00:00Z
2025-07-28,A070127,0,2026-07-28T00:00:00Z
2025-07-28,A070128,0,2026-07-28T00:00:00Z
2025-07-28,A070129,0,2026-07-28T00:00:00Z
2025-07-28,A070130,0,2026-07-28T00:00:00Z
2025-07-28,A070131,1,2026-07-28T00:00:00Z
2025-07-28,A070132,0,2026-07-28T00:00:00Z
2025-07-28,A070133,0,2026-07-28T00:00:00Z
2025-07-28,A070134,0,2026-07-28T00:00:00Z
2025-07-28,A070135,0,2026-07-28T00:00:00Z
2025-07-28,A070136,0,2026-07-28T00:00:00Z
2025-07-28,A070137,0,2026-07-28T00:00:00Z
2025-07-28,A070138,0,2026-07-28T00:00:00Z
2025-07-28,A070139,0,2026-07-28T00:00:00Z
2025-07-28,A070140,0,2026-07-28T00:00:00Z
2025-07-28,A070141,0,2026-07-28T00:00:00Z
2025-07-28,A070142,0,2026-07-28T00:00:00Z
2025-07-28,A070143,0,2026-07-28T00:00:00Z
2025-07-28,A070144,1,2026-07-28T00:00:00Z
2025-07-28,A070145,0,2026-07-28T00:00:00Z
2025-07-28,A070146,0,2026-07-28T00:00:00Z
2025-07-28,A070147,0,2026-07-28T00:00:00Z
2025-07-28,A070148,1,2026-07-28T00:00:00Z
2025-07-28,A070149,0,2026-07-28T00:00:00Z
2025-08-28,A080000,0,2026-08-28T00:00:00Z
2025-08-28,A080001,0,2026-08-28T00:00:00Z
2025-08-28,A080002,0,2026-08-28T00:00:00Z
2025-08-28,A080003,0,2026-08-28T00:00:00Z
2025-08-28,A080004,0,2026-08-28T00:00:00Z
2025-08-28,A080005,1,2026-08-28T00:00:00Z
2025-08-28,A080006,0,2026-08-28T00:00:00Z
2025-08-28,A080007,0,2026-08-28T00:00:00Z
2025-08-28,A080008,0,2026-08-28T00:00:00Z
2025-08-28,A080009,0,2026-08-28T00:00:00Z
2025-08-28,A080010,0,2026-08-28T00:00:00Z
2025-08-28,A080011,0,2026-08-28T00:00:00Z
2025-08-28,A080012,0,2026-08-28T00:00:00Z
2025-08-28,A080013,0,2026-08-28T00:00:00Z
2025-08-28,A080014,1,2026-08-28T00:00:00Z
2025-08-28,A080015,0,2026-08-28T00:00:00Z
2025-08-28,A080016,0,2026-08-28T00:00:00Z
2025-08-28,A080017,0,2026-08-28T00:00:00Z
2025-08-28,A080018,0,2026-08-28T00:00:00Z
2025-08-28,A080019,0,2026-08-28T00:00:00Z
2025-08-28,A080020,0,2026-08-28T00:00:00Z
2025-08-28,A080021,0,2026-08-28T00:00:00Z
2025-08-28,A080022,0,2026-08-28T00:00:00Z
2025-08-28,A080023,0,2026-08-28T00:00:00Z
2025-08-28,A080024,1,2026-08-28T00:00:00Z
2025-08-28,A080025,0,2026-08-28T00:00:00Z
2025-08-28,A080026,0,2026-08-28T00:00:00Z
2025-08-28,A080027,1,2026-08-28T00:00:00Z
2025-08-28,A080028,0,2026-08-28T00:00:00Z
2025-08-28,A080029,0,2026-08-28T00:00:00Z
2025-08-28,A080030,0,2026-08-28T00:00:00Z
2025-08-28,A080031,0,2026-08-28T00:00:00Z
2025-08-28,A080032,0,2026-08-28T00:00:00Z
2025-08-28,A080033,0,2026-08-28T00:00:00Z
2025-08-28,A080034,0,2026-08-28T00:00:00Z
2025-08-28,A080035,0,2026-08-28T00:00:00Z
2025-08-28,A080036,0,2026-08-28T00:00:00Z
2025-08-28,A080037,0,2026-08-28T00:00:00Z
2025-08-28,A080038,0,2026-08-28T00:00:00Z
2025-08-28,A080039,0,2026-08-28T00:00:00Z
2025-08-28,A080040,0,2026-08-28T00:00:00Z
2025-08-28,A080041,0,2026-08-28T00:00:00Z
2025-08-28,A080042,0,2026-08-28T00:00:00Z
2025-08-28,A080043,0,2026-08-28T00:00:00Z
2025-08-28,A080044,0,2026-08-28T00:00:00Z
2025-08-28,A080045,0,2026-08-28T00:00:00Z
2025-08-28,A080046,0,2026-08-28T00:00:00Z
2025-08-28,A080047,1,2026-08-28T00:00:00Z
2025-08-28,A080048,0,2026-08-28T00:00:00Z
2025-08-28,A080049,0,2026-08-28T00:00:00Z
2025-08-28,A080050,0,2026-08-28T00:00:00Z
2025-08-28,A080051,0,2026-08-28T00:00:00Z
2025-08-28,A080052,0,2026-08-28T00:00:00Z
2025-08-28,A080053,0,2026-08-28T00:00:00Z
2025-08-28,A080054,0,2026-08-28T00:00:00Z
2025-08-28,A080055,0,2026-08-28T00:00:00Z
2025-08-28,A080056,0,2026-08-28T00:00:00Z
2025-08-28,A080057,0,2026-08-28T00:00:00Z
2025-08-28,A080058,1,2026-08-28T00:00:00Z
2025-08-28,A080059,0,2026-08-28T00:00:00Z
2025-08-28,A080060,0,2026-08-28T00:00:00Z
2025-08-28,A080061,0,2026-08-28T00:00:00Z
2025-08-28,A080062,0,2026-08-28T00:00:00Z
2025-08-28,A080063,0,2026-08-28T00:00:00Z
2025-08-28,A080064,1,2026-08-28T00:00:00Z
2025-08-28,A080065,0,2026-08-28T00:00:00Z
2025-08-28,A080066,1,2026-08-28T00:00:00Z
2025-08-28,A080067,0,2026-08-28T00:00:00Z
2025-08-28,A080068,0,2026-08-28T00:00:00Z
2025-08-28,A080069,0,2026-08-28T00:00:00Z
2025-08-28,A080070,0,2026-08-28T00:00:00Z
2025-08-28,A080071,0,2026-08-28T00:00:00Z
2025-08-28,A080072,0,2026-08-28T00:00:00Z
2025-08-28,A080073,0,2026-08-28T00:00:00Z
2025-08-28,A080074,0,2026-08-28T00:00:00Z
2025-08-28,A080075,0,2026-08-28T00:00:00Z
2025-08-28,A080076,0,2026-08-28T00:00:00Z
2025-08-28,A080077,0,2026-08-28T00:00:00Z
2025-08-28,A080078,0,2026-08-28T00:00:00Z
2025-08-28,A080079,0,2026-08-28T00:00:00Z
2025-08-28,A080080,0,2026-08-28T00:00:00Z
2025-08-28,A080081,0,2026-08-28T00:00:00Z
2025-08-28,A080082,0,2026-08-28T00:00:00Z
2025-08-28,A080083,0,2026-08-28T00:00:00Z
2025-08-28,A080084,0,2026-08-28T00:00:00Z
2025-08-28,A080085,0,2026-08-28T00:00:00Z
2025-08-28,A080086,0,2026-08-28T00:00:00Z
2025-08-28,A080087,0,2026-08-28T00:00:00Z
2025-08-28,A080088,0,2026-08-28T00:00:00Z
2025-08-28,A080089,0,2026-08-28T00:00:00Z
2025-08-28,A080090,0,2026-08-28T00:00:00Z
2025-08-28,A080091,0,2026-08-28T00:00:00Z
2025-08-28,A080092,0,2026-08-28T00:00:00Z
2025-08-28,A080093,0,2026-08-28T00:00:00Z
2025-08-28,A080094,0,2026-08-28T00:00:00Z
2025-08-28,A080095,0,2026-08-28T00:00:00Z
2025-08-28,A080096,0,2026-08-28T00:00:00Z
2025-08-28,A080097,0,2026-08-28T00:00:00Z
2025-08-28,A080098,1,2026-08-28T00:00:00Z
2025-08-28,A080099,0,2026-08-28T00:00:00Z
2025-08-28,A080100,0,2026-08-28T00:00:00Z
2025-08-28,A080101,0,2026-08-28T00:00:00Z
2025-08-28,A080102,0,2026-08-28T00:00:00Z
2025-08-28,A080103,0,2026-08-28T00:00:00Z
2025-08-28,A080104,0,2026-08-28T00:00:00Z
2025-08-28,A080105,0,2026-08-28T00:00:00Z
2025-08-28,A080106,1,2026-08-28T00:00:00Z
2025-08-28,A080107,1,2026-08-28T00:00:00Z
2025-08-28,A080108,0,2026-08-28T00:00:00Z
2025-08-28,A080109,0,2026-08-28T00:00:00Z
2025-08-28,A080110,1,2026-08-28T00:00:00Z
2025-08-28,A080111,0,2026-08-28T00:00:00Z
2025-08-28,A080112,0,2026-08-28T00:00:00Z
2025-08-28,A080113,0,2026-08-28T00:00:00Z
2025-08-28,A080114,0,2026-08-28T00:00:00Z
2025-08-28,A080115,0,2026-08-28T00:00:00Z
2025-08-28,A080116,0,2026-08-28T00:00:00Z
2025-08-28,A080117,0,2026-08-28T00:00:00Z
2025-08-28,A080118,0,2026-08-28T00:00:00Z
2025-08-28,A080119,0,2026-08-28T00:00:00Z
2025-08-28,A080120,0,2026-08-28T00:00:00Z
2025-08-28,A080121,0,2026-08-28T00:00:00Z
2025-08-28,A080122,0,2026-08-28T00:00:00Z
2025-08-28,A080123,0,2026-08-28T00:00:00Z
2025-08-28,A080124,1,2026-08-28T00:00:00Z
2025-08-28,A080125,0,2026-08-28T00:00:00Z
2025-08-28,A080126,0,2026-08-28T00:00:00Z
2025-08-28,A080127,0,2026-08-28T00:00:00Z
2025-08-28,A080128,1,2026-08-28T00:00:00Z
2025-08-28,A080129,0,2026-08-28T00:00:00Z
2025-08-28,A080130,0,2026-08-28T00:00:00Z
2025-08-28,A080131,0,2026-08-28T00:00:00Z
2025-08-28,A080132,0,2026-08-28T00:00:00Z
2025-08-28,A080133,1,2026-08-28T00:00:00Z
2025-08-28,A080134,0,2026-08-28T00:00:00Z
2025-08-28,A080135,1,2026-08-28T00:00:00Z
2025-08-28,A080136,0,2026-08-28T00:00:00Z
2025-08-28,A080137,0,2026-08-28T00:00:00Z
2025-08-28,A080138,0,2026-08-28T00:00:00Z
2025-08-28,A080139,0,2026-08-28T00:00:00Z
2025-08-28,A080140,0,2026-08-28T00:00:00Z
2025-08-28,A080141,0,2026-08-28T00:00:00Z
2025-08-28,A080142,0,2026-08-28T00:00:00Z
2025-08-28,A080143,0,2026-08-28T00:00:00Z
2025-08-28,A080144,0,2026-08-28T00:00:00Z
2025-08-28,A080145,0,2026-08-28T00:00:00Z
2025-08-28,A080146,0,2026-08-28T00:00:00Z
2025-08-28,A080147,0,2026-08-28T00:00:00Z
2025-08-28,A080148,0,2026-08-28T00:00:00Z
2025-08-28,A080149,0,2026-08-28T00:00:00Z
2025-09-28,A090000,0,2026-09-28T00:00:00Z
2025-09-28,A090001,1,2026-09-28T00:00:00Z
2025-09-28,A090002,0,2026-09-28T00:00:00Z
2025-09-28,A090003,0,2026-09-28T00:00:00Z
2025-09-28,A090004,0,2026-09-28T00:00:00Z
2025-09-28,A090005,0,2026-09-28T00:00:00Z
2025-09-28,A090006,0,2026-09-28T00:00:00Z
2025-09-28,A090007,0,2026-09-28T00:00:00Z
2025-09-28,A090008,0,2026-09-28T00:00:00Z
2025-09-28,A090009,0,2026-09-28T00:00:00Z
2025-09-28,A090010,0,2026-09-28T00:00:00Z
2025-09-28,A090011,0,2026-09-28T00:00:00Z
2025-09-28,A090012,0,2026-09-28T00:00:00Z
2025-09-28,A090013,0,2026-09-28T00:00:00Z
2025-09-28,A090014,0,2026-09-28T00:00:00Z
2025-09-28,A090015,0,2026-09-28T00:00:00Z
2025-09-28,A090016,0,2026-09-28T00:00:00Z
2025-09-28,A090017,0,2026-09-28T00:00:00Z
2025-09-28,A090018,0,2026-09-28T00:00:00Z
2025-09-28,A090019,0,2026-09-28T00:00:00Z
2025-09-28,A090020,0,2026-09-28T00:00:00Z
2025-09-28,A090021,0,2026-09-28T00:00:00Z
2025-09-28,A090022,0,2026-09-28T00:00:00Z
2025-09-28,A090023,0,2026-09-28T00:00:00Z
2025-09-28,A090024,0,2026-09-28T00:00:00Z
2025-09-28,A090025,0,2026-09-28T00:00:00Z
2025-09-28,A090026,0,2026-09-28T00:00:00Z
2025-09-28,A090027,0,2026-09-28T00:00:00Z
2025-09-28,A090028,0,2026-09-28T00:00:00Z
2025-09-28,A090029,0,2026-09-28T00:00:00Z
2025-09-28,A090030,0,2026-09-28T00:00:00Z
2025-09-28,A090031,0,2026-09-28T00:00:00Z
2025-09-28,A090032,0,2026-09-28T00:00:00Z
2025-09-28,A090033,0,2026-09-28T00:00:00Z
2025-09-28,A090034,0,2026-09-28T00:00:00Z
2025-09-28,A090035,0,2026-09-28T00:00:00Z
2025-09-28,A090036,0,2026-09-28T00:00:00Z
2025-09-28,A090037,0,2026-09-28T00:00:00Z
2025-09-28,A090038,0,2026-09-28T00:00:00Z
2025-09-28,A090039,0,2026-09-28T00:00:00Z
2025-09-28,A090040,1,2026-09-28T00:00:00Z
2025-09-28,A090041,0,2026-09-28T00:00:00Z
2025-09-28,A090042,0,2026-09-28T00:00:00Z
2025-09-28,A090043,0,2026-09-28T00:00:00Z
2025-09-28,A090044,0,2026-09-28T00:00:00Z
2025-09-28,A090045,0,2026-09-28T00:00:00Z
2025-09-28,A090046,1,2026-09-28T00:00:00Z
2025-09-28,A090047,1,2026-09-28T00:00:00Z
2025-09-28,A090048,0,2026-09-28T00:00:00Z
2025-09-28,A090049,0,2026-09-28T00:00:00Z
2025-09-28,A090050,0,2026-09-28T00:00:00Z
2025-09-28,A090051,0,2026-09-28T00:00:00Z
2025-09-28,A090052,0,2026-09-28T00:00:00Z
2025-09-28,A090053,0,2026-09-28T00:00:00Z
2025-09-28,A090054,0,2026-09-28T00:00:00Z
2025-09-28,A090055,0,2026-09-28T00:00:00Z
2025-09-28,A090056,0,2026-09-28T00:00:00Z
2025-09-28,A090057,0,2026-09-28T00:00:00Z
2025-09-28,A090058,0,2026-09-28T00:00:00Z
2025-09-28,A090059,0,2026-09-28T00:00:00Z
2025-09-28,A090060,0,2026-09-28T00:00:00Z
2025-09-28,A090061,0,2026-09-28T00:00:00Z
2025-09-28,A090062,0,2026-09-28T00:00:00Z
2025-09-28,A090063,0,2026-09-28T00:00:00Z
2025-09-28,A090064,0,2026-09-28T00:00:00Z
2025-09-28,A090065,0,2026-09-28T00:00:00Z
2025-09-28,A090066,0,2026-09-28T00:00:00Z
2025-09-28,A090067,0,2026-09-28T00:00:00Z
2025-09-28,A090068,0,2026-09-28T00:00:00Z
2025-09-28,A090069,1,2026-09-28T00:00:00Z
2025-09-28,A090070,0,2026-09-28T00:00:00Z
2025-09-28,A090071,1,2026-09-28T00:00:00Z
2025-09-28,A090072,0,2026-09-28T00:00:00Z
2025-09-28,A090073,0,2026-09-28T00:00:00Z
2025-09-28,A090074,0,2026-09-28T00:00:00Z
2025-09-28,A090075,0,2026-09-28T00:00:00Z
2025-09-28,A090076,1,2026-09-28T00:00:00Z
2025-09-28,A090077,0,2026-09-28T00:00:00Z
2025-09-28,A090078,0,2026-09-28T00:00:00Z
2025-09-28,A090079,0,2026-09-28T00:00:00Z
2025-09-28,A090080,0,2026-09-28T00:00:00Z
2025-09-28,A090081,0,2026-09-28T00:00:00Z
2025-09-28,A090082,0,2026-09-28T00:00:00Z
2025-09-28,A090083,0,2026-09-28T00:00:00Z
2025-09-28,A090084,0,2026-09-28T00:00:00Z
2025-09-28,A090085,0,2026-09-28T00:00:00Z
2025-09-28,A090086,0,2026-09-28T00:00:00Z
2025-09-28,A090087,0,2026-09-28T00:00:00Z
2025-09-28,A090088,0,2026-09-28T00:00:00Z
2025-09-28,A090089,0,2026-09-28T00:00:00Z
2025-09-28,A090090,0,2026-09-28T00:00:00Z
2025-09-28,A090091,0,2026-09-28T00:00:00Z
2025-09-28,A090092,1,2026-09-28T00:00:00Z
2025-09-28,A090093,1,2026-09-28T00:00:00Z
2025-09-28,A090094,0,2026-09-28T00:00:00Z
2025-09-28,A090095,0,2026-09-28T00:00:00Z
2025-09-28,A090096,0,2026-09-28T00:00:00Z
2025-09-28,A090097,0,2026-09-28T00:00:00Z
2025-09-28,A090098,0,2026-09-28T00:00:00Z
2025-09-28,A090099,0,2026-09-28T00:00:00Z
2025-09-28,A090100,0,2026-09-28T00:00:00Z
2025-09-28,A090101,0,2026-09-28T00:00:00Z
2025-09-28,A090102,0,2026-09-28T00:00:00Z
2025-09-28,A090103,0,2026-09-28T00:00:00Z
2025-09-28,A090104,0,2026-09-28T00:00:00Z
2025-09-28,A090105,0,2026-09-28T00:00:00Z
2025-09-28,A090106,0,2026-09-28T00:00:00Z
2025-09-28,A090107,0,2026-09-28T00:00:00Z
2025-09-28,A090108,0,2026-09-28T00:00:00Z
2025-09-28,A090109,0,2026-09-28T00:00:00Z
2025-09-28,A090110,0,2026-09-28T00:00:00Z
2025-09-28,A090111,0,2026-09-28T00:00:00Z
2025-09-28,A090112,0,2026-09-28T00:00:00Z
2025-09-28,A090113,0,2026-09-28T00:00:00Z
2025-09-28,A090114,0,2026-09-28T00:00:00Z
2025-09-28,A090115,0,2026-09-28T00:00:00Z
2025-09-28,A090116,0,2026-09-28T00:00:00Z
2025-09-28,A090117,1,2026-09-28T00:00:00Z
2025-09-28,A090118,0,2026-09-28T00:00:00Z
2025-09-28,A090119,0,2026-09-28T00:00:00Z
2025-09-28,A090120,0,2026-09-28T00:00:00Z
2025-09-28,A090121,0,2026-09-28T00:00:00Z
2025-09-28,A090122,0,2026-09-28T00:00:00Z
2025-09-28,A090123,0,2026-09-28T00:00:00Z
2025-09-28,A090124,0,2026-09-28T00:00:00Z
2025-09-28,A090125,0,2026-09-28T00:00:00Z
2025-09-28,A090126,0,2026-09-28T00:00:00Z
2025-09-28,A090127,0,2026-09-28T00:00:00Z
2025-09-28,A090128,0,2026-09-28T00:00:00Z
2025-09-28,A090129,0,2026-09-28T00:00:00Z
2025-09-28,A090130,0,2026-09-28T00:00:00Z
2025-09-28,A090131,0,2026-09-28T00:00:00Z
2025-09-28,A090132,0,2026-09-28T00:00:00Z
2025-09-28,A090133,0,2026-09-28T00:00:00Z
2025-09-28,A090134,0,2026-09-28T00:00:00Z
2025-09-28,A090135,0,2026-09-28T00:00:00Z
2025-09-28,A090136,0,2026-09-28T00:00:00Z
2025-09-28,A090137,0,2026-09-28T00:00:00Z
2025-09-28,A090138,0,2026-09-28T00:00:00Z
2025-09-28,A090139,0,2026-09-28T00:00:00Z
2025-09-28,A090140,0,2026-09-28T00:00:00Z
2025-09-28,A090141,0,2026-09-28T00:00:00Z
2025-09-28,A090142,0,2026-09-28T00:00:00Z
2025-09-28,A090143,0,2026-09-28T00:00:00Z
2025-09-28,A090144,0,2026-09-28T00:00:00Z
2025-09-28,A090145,0,2026-09-28T00:00:00Z
2025-09-28,A090146,0,2026-09-28T00:00:00Z
2025-09-28,A090147,0,2026-09-28T00:00:00Z
2025-09-28,A090148,1,2026-09-28T00:00:00Z
2025-09-28,A090149,0,2026-09-28T00:00:00Z
2025-10-28,A100000,0,2026-10-28T00:00:00Z
2025-10-28,A100001,0,2026-10-28T00:00:00Z
2025-10-28,A100002,0,2026-10-28T00:00:00Z
2025-10-28,A100003,0,2026-10-28T00:00:00Z
2025-10-28,A100004,0,2026-10-28T00:00:00Z
2025-10-28,A100005,0,2026-10-28T00:00:00Z
2025-10-28,A100006,0,2026-10-28T00:00:00Z
2025-10-28,A100007,1,2026-10-28T00:00:00Z
2025-10-28,A100008,0,2026-10-28T00:00:00Z
2025-10-28,A100009,0,2026-10-28T00:00:00Z
2025-10-28,A100010,0,2026-10-28T00:00:00Z
2025-10-28,A100011,1,2026-10-28T00:00:00Z
2025-10-28,A100012,0,2026-10-28T00:00:00Z
2025-10-28,A100013,0,2026-10-28T00:00:00Z
2025-10-28,A100014,0,2026-10-28T00:00:00Z
2025-10-28,A100015,1,2026-10-28T00:00:00Z
2025-10-28,A100016,0,2026-10-28T00:00:00Z
2025-10-28,A100017,0,2026-10-28T00:00:00Z
2025-10-28,A100018,0,2026-10-28T00:00:00Z
2025-10-28,A100019,0,2026-10-28T00:00:00Z
2025-10-28,A100020,0,2026-10-28T00:00:00Z
2025-10-28,A100021,0,2026-10-28T00:00:00Z
2025-10-28,A100022,0,2026-10-28T00:00:00Z
2025-10-28,A100023,0,2026-10-28T00:00:00Z
2025-10-28,A100024,0,2026-10-28T00:00:00Z
2025-10-28,A100025,0,2026-10-28T00:00:00Z
2025-10-28,A100026,0,2026-10-28T00:00:00Z
2025-10-28,A100027,0,2026-10-28T00:00:00Z
2025-10-28,A100028,0,2026-10-28T00:00:00Z
2025-10-28,A100029,0,2026-10-28T00:00:00Z
2025-10-28,A100030,0,2026-10-28T00:00:00Z
2025-10-28,A100031,0,2026-10-28T00:00:00Z
2025-10-28,A100032,0,2026-10-28T00:00:00Z
2025-10-28,A100033,0,2026-10-28T00:00:00Z
2025-10-28,A100034,0,2026-10-28T00:00:00Z
2025-10-28,A100035,1,2026-10-28T00:00:00Z
2025-10-28,A100036,0,2026-10-28T00:00:00Z
2025-10-28,A100037,0,2026-10-28T00:00:00Z
2025-10-28,A100038,1,2026-10-28T00:00:00Z
2025-10-28,A100039,0,2026-10-28T00:00:00Z
2025-10-28,A100040,0,2026-10-28T00:00:00Z
2025-10-28,A100041,0,2026-10-28T00:00:00Z
2025-10-28,A100042,1,2026-10-28T00:00:00Z
2025-10-28,A100043,0,2026-10-28T00:00:00Z
2025-10-28,A100044,0,2026-10-28T00:00:00Z
2025-10-28,A100045,0,2026-10-28T00:00:00Z
2025-10-28,A100046,0,2026-10-28T00:00:00Z
2025-10-28,A100047,0,2026-10-28T00:00:00Z
2025-10-28,A100048,0,2026-10-28T00:00:00Z
2025-10-28,A100049,0,2026-10-28T00:00:00Z
2025-10-28,A100050,1,2026-10-28T00:00:00Z
2025-10-28,A100051,0,2026-10-28T00:00:00Z
2025-10-28,A100052,0,2026-10-28T00:00:00Z
2025-10-28,A100053,0,2026-10-28T00:00:00Z
2025-10-28,A100054,0,2026-10-28T00:00:00Z
2025-10-28,A100055,0,2026-10-28T00:00:00Z
2025-10-28,A100056,0,2026-10-28T00:00:00Z
2025-10-28,A100057,0,2026-10-28T00:00:00Z
2025-10-28,A100058,0,2026-10-28T00:00:00Z
2025-10-28,A100059,0,2026-10-28T00:00:00Z
2025-10-28,A100060,1,2026-10-28T00:00:00Z
2025-10-28,A100061,0,2026-10-28T00:00:00Z
2025-10-28,A100062,0,2026-10-28T00:00:00Z
2025-10-28,A100063,0,2026-10-28T00:00:00Z
2025-10-28,A100064,1,2026-10-28T00:00:00Z
2025-10-28,A100065,0,2026-10-28T00:00:00Z
2025-10-28,A100066,0,2026-10-28T00:00:00Z
2025-10-28,A100067,0,2026-10-28T00:00:00Z
2025-10-28,A100068,0,2026-10-28T00:00:00Z
2025-10-28,A100069,0,2026-10-28T00:00:00Z
2025-10-28,A100070,0,2026-10-28T00:00:00Z
2025-10-28,A100071,0,2026-10-28T00:00:00Z
2025-10-28,A100072,0,2026-10-28T00:00:00Z
2025-10-28,A100073,0,2026-10-28T00:00:00Z
2025-10-28,A100074,0,2026-10-28T00:00:00Z
2025-10-28,A100075,0,2026-10-28T00:00:00Z
2025-10-28,A100076,0,2026-10-28T00:00:00Z
2025-10-28,A100077,0,2026-10-28T00:00:00Z
2025-10-28,A100078,0,2026-10-28T00:00:00Z
2025-10-28,A100079,0,2026-10-28T00:00:00Z
2025-10-28,A100080,0,2026-10-28T00:00:00Z
2025-10-28,A100081,0,2026-10-28T00:00:00Z
2025-10-28,A100082,0,2026-10-28T00:00:00Z
2025-10-28,A100083,0,2026-10-28T00:00:00Z
2025-10-28,A100084,0,2026-10-28T00:00:00Z
2025-10-28,A100085,0,2026-10-28T00:00:00Z
2025-10-28,A100086,0,2026-10-28T00:00:00Z
2025-10-28,A100087,0,2026-10-28T00:00:00Z
2025-10-28,A100088,0,2026-10-28T00:00:00Z
2025-10-28,A100089,0,2026-10-28T00:00:00Z
2025-10-28,A100090,1,2026-10-28T00:00:00Z
2025-10-28,A100091,0,2026-10-28T00:00:00Z
2025-10-28,A100092,0,2026-10-28T00:00:00Z
2025-10-28,A100093,0,2026-10-28T00:00:00Z
2025-10-28,A100094,0,2026-10-28T00:00:00Z
2025-10-28,A100095,0,2026-10-28T00:00:00Z
2025-10-28,A100096,0,2026-10-28T00:00:00Z
2025-10-28,A100097,1,2026-10-28T00:00:00Z
2025-10-28,A100098,0,2026-10-28T00:00:00Z
2025-10-28,A100099,0,2026-10-28T00:00:00Z
2025-10-28,A100100,0,2026-10-28T00:00:00Z
2025-10-28,A100101,0,2026-10-28T00:00:00Z
2025-10-28,A100102,0,2026-10-28T00:00:00Z
2025-10-28,A100103,0,2026-10-28T00:00:00Z
2025-10-28,A100104,0,2026-10-28T00:00:00Z
2025-10-28,A100105,0,2026-10-28T00:00:00Z
2025-10-28,A100106,0,2026-10-28T00:00:00Z
2025-10-28,A100107,1,2026-10-28T00:00:00Z
2025-10-28,A100108,1,2026-10-28T00:00:00Z
2025-10-28,A100109,0,2026-10-28T00:00:00Z
2025-10-28,A100110,0,2026-10-28T00:00:00Z
2025-10-28,A100111,0,2026-10-28T00:00:00Z
2025-10-28,A100112,1,2026-10-28T00:00:00Z
2025-10-28,A100113,0,2026-10-28T00:00:00Z
2025-10-28,A100114,0,2026-10-28T00:00:00Z
2025-10-28,A100115,0,2026-10-28T00:00:00Z
2025-10-28,A100116,0,2026-10-28T00:00:00Z
2025-10-28,A100117,0,2026-10-28T00:00:00Z
2025-10-28,A100118,0,2026-10-28T00:00:00Z
2025-10-28,A100119,0,2026-10-28T00:00:00Z
2025-10-28,A100120,0,2026-10-28T00:00:00Z
2025-10-28,A100121,0,2026-10-28T00:00:00Z
2025-10-28,A100122,0,2026-10-28T00:00:00Z
2025-10-28,A100123,0,2026-10-28T00:00:00Z
2025-10-28,A100124,0,2026-10-28T00:00:00Z
2025-10-28,A100125,0,2026-10-28T00:00:00Z
2025-10-28,A100126,0,2026-10-28T00:00:00Z
2025-10-28,A100127,0,2026-10-28T00:00:00Z
2025-10-28,A100128,0,2026-10-28T00:00:00Z
2025-10-28,A100129,0,2026-10-28T00:00:00Z
2025-10-28,A100130,0,2026-10-28T00:00:00Z
2025-10-28,A100131,0,2026-10-28T00:00:00Z
2025-10-28,A100132,0,2026-10-28T00:00:00Z
2025-10-28,A100133,0,2026-10-28T00:00:00Z
2025-10-28,A100134,0,2026-10-28T00:00:00Z
2025-10-28,A100135,1,2026-10-28T00:00:00Z
2025-10-28,A100136,0,2026-10-28T00:00:00Z
2025-10-28,A100137,0,2026-10-28T00:00:00Z
2025-10-28,A100138,0,2026-10-28T00:00:00Z
2025-10-28,A100139,0,2026-10-28T00:00:00Z
2025-10-28,A100140,0,2026-10-28T00:00:00Z
2025-10-28,A100141,0,2026-10-28T00:00:00Z
2025-10-28,A100142,0,2026-10-28T00:00:00Z
2025-10-28,A100143,0,2026-10-28T00:00:00Z
2025-10-28,A100144,1,2026-10-28T00:00:00Z
2025-10-28,A100145,0,2026-10-28T00:00:00Z
2025-10-28,A100146,0,2026-10-28T00:00:00Z
2025-10-28,A100147,0,2026-10-28T00:00:00Z
2025-10-28,A100148,0,2026-10-28T00:00:00Z
2025-10-28,A100149,0,2026-10-28T00:00:00Z
2025-11-28,A110000,0,2026-11-28T00:00:00Z
2025-11-28,A110001,1,2026-11-28T00:00:00Z
2025-11-28,A110002,0,2026-11-28T00:00:00Z
2025-11-28,A110003,0,2026-11-28T00:00:00Z
2025-11-28,A110004,0,2026-11-28T00:00:00Z
2025-11-28,A110005,0,2026-11-28T00:00:00Z
2025-11-28,A110006,0,2026-11-28T00:00:00Z
2025-11-28,A110007,0,2026-11-28T00:00:00Z
2025-11-28,A110008,0,2026-11-28T00:00:00Z
2025-11-28,A110009,0,2026-11-28T00:00:00Z
2025-11-28,A110010,0,2026-11-28T00:00:00Z
2025-11-28,A110011,0,2026-11-28T00:00:00Z
2025-11-28,A110012,0,2026-11-28T00:00:00Z
2025-11-28,A110013,0,2026-11-28T00:00:00Z
2025-11-28,A110014,0,2026-11-28T00:00:00Z
2025-11-28,A110015,0,2026-11-28T00:00:00Z
2025-11-28,A110016,0,2026-11-28T00:00:00Z
2025-11-28,A110017,0,2026-11-28T00:00:00Z
2025-11-28,A110018,0,2026-11-28T00:00:00Z
2025-11-28,A110019,0,2026-11-28T00:00:00Z
2025-11-28,A110020,0,2026-11-28T00:00:00Z
2025-11-28,A110021,0,2026-11-28T00:00:00Z
2025-11-28,A110022,0,2026-11-28T00:00:00Z
2025-11-28,A110023,0,2026-11-28T00:00:00Z
2025-11-28,A110024,0,2026-11-28T00:00:00Z
2025-11-28,A110025,1,2026-11-28T00:00:00Z
2025-11-28,A110026,0,2026-11-28T00:00:00Z
2025-11-28,A110027,0,2026-11-28T00:00:00Z
2025-11-28,A110028,0,2026-11-28T00:00:00Z
2025-11-28,A110029,0,2026-11-28T00:00:00Z
2025-11-28,A110030,0,2026-11-28T00:00:00Z
2025-11-28,A110031,0,2026-11-28T00:00:00Z
2025-11-28,A110032,0,2026-11-28T00:00:00Z
2025-11-28,A110033,0,2026-11-28T00:00:00Z
2025-11-28,A110034,0,2026-11-28T00:00:00Z
2025-11-28,A110035,0,2026-11-28T00:00:00Z
2025-11-28,A110036,0,2026-11-28T00:00:00Z
2025-11-28,A110037,1,2026-11-28T00:00:00Z
2025-11-28,A110038,0,2026-11-28T00:00:00Z
2025-11-28,A110039,0,2026-11-28T00:00:00Z
2025-11-28,A110040,0,2026-11-28T00:00:00Z
2025-11-28,A110041,0,2026-11-28T00:00:00Z
2025-11-28,A110042,0,2026-11-28T00:00:00Z
2025-11-28,A110043,0,2026-11-28T00:00:00Z
2025-11-28,A110044,0,2026-11-28T00:00:00Z
2025-11-28,A110045,0,2026-11-28T00:00:00Z
2025-11-28,A110046,0,2026-11-28T00:00:00Z
2025-11-28,A110047,0,2026-11-28T00:00:00Z
2025-11-28,A110048,0,2026-11-28T00:00:00Z
2025-11-28,A110049,0,2026-11-28T00:00:00Z
2025-11-28,A110050,0,2026-11-28T00:00:00Z
2025-11-28,A110051,1,2026-11-28T00:00:00Z
2025-11-28,A110052,0,2026-11-28T00:00:00Z
2025-11-28,A110053,0,2026-11-28T00:00:00Z
2025-11-28,A110054,0,2026-11-28T00:00:00Z
2025-11-28,A110055,0,2026-11-28T00:00:00Z
2025-11-28,A110056,1,2026-11-28T00:00:00Z
2025-11-28,A110057,0,2026-11-28T00:00:00Z
2025-11-28,A110058,0,2026-11-28T00:00:00Z
2025-11-28,A110059,0,2026-11-28T00:00:00Z
2025-11-28,A110060,0,2026-11-28T00:00:00Z
2025-11-28,A110061,0,2026-11-28T00:00:00Z
2025-11-28,A110062,0,2026-11-28T00:00:00Z
2025-11-28,A110063,0,2026-11-28T00:00:00Z
2025-11-28,A110064,0,2026-11-28T00:00:00Z
2025-11-28,A110065,0,2026-11-28T00:00:00Z
2025-11-28,A110066,0,2026-11-28T00:00:00Z
2025-11-28,A110067,0,2026-11-28T00:00:00Z
2025-11-28,A110068,0,2026-11-28T00:00:00Z
2025-11-28,A110069,0,2026-11-28T00:00:00Z
2025-11-28,A110070,0,2026-11-28T00:00:00Z
2025-11-28,A110071,0,2026-11-28T00:00:00Z
2025-11-28,A110072,0,2026-11-28T00:00:00Z
2025-11-28,A110073,0,2026-11-28T00:00:00Z
2025-11-28,A110074,0,2026-11-28T00:00:00Z
2025-11-28,A110075,1,2026-11-28T00:00:00Z
2025-11-28,A110076,0,2026-11-28T00:00:00Z
2025-11-28,A110077,0,2026-11-28T00:00:00Z
2025-11-28,A110078,0,2026-11-28T00:00:00Z
2025-11-28,A110079,0,2026-11-28T00:00:00Z
2025-11-28,A110080,0,2026-11-28T00:00:00Z
2025-11-28,A110081,0,2026-11-28T00:00:00Z
2025-11-28,A110082,0,2026-11-28T00:00:00Z
2025-11-28,A110083,0,2026-11-28T00:00:00Z
2025-11-28,A110084,0,2026-11-28T00:00:00Z
2025-11-28,A110085,0,2026-11-28T00:00:00Z
2025-11-28,A110086,1,2026-11-28T00:00:00Z
2025-11-28,A110087,0,2026-11-28T00:00:00Z
2025-11-28,A110088,1,2026-11-28T00:00:00Z
2025-11-28,A110089,1,2026-11-28T00:00:00Z
2025-11-28,A110090,0,2026-11-28T00:00:00Z
2025-11-28,A110091,0,2026-11-28T00:00:00Z
2025-11-28,A110092,0,2026-11-28T00:00:00Z
2025-11-28,A110093,0,2026-11-28T00:00:00Z
2025-11-28,A110094,0,2026-11-28T00:00:00Z
2025-11-28,A110095,0,2026-11-28T00:00:00Z
2025-11-28,A110096,0,2026-11-28T00:00:00Z
2025-11-28,A110097,0,2026-11-28T00:00:00Z
2025-11-28,A110098,0,2026-11-28T00:00:00Z
2025-11-28,A110099,0,2026-11-28T00:00:00Z
2025-11-28,A110100,0,2026-11-28T00:00:00Z
2025-11-28,A110101,0,2026-11-28T00:00:00Z
2025-11-28,A110102,0,2026-11-28T00:00:00Z
2025-11-28,A110103,0,2026-11-28T00:00:00Z
2025-11-28,A110104,1,2026-11-28T00:00:00Z
2025-11-28,A110105,0,2026-11-28T00:00:00Z
2025-11-28,A110106,0,2026-11-28T00:00:00Z
2025-11-28,A110107,0,2026-11-28T00:00:00Z
2025-11-28,A110108,0,2026-11-28T00:00:00Z
2025-11-28,A110109,0,2026-11-28T00:00:00Z
2025-11-28,A110110,0,2026-11-28T00:00:00Z
2025-11-28,A110111,0,2026-11-28T00:00:00Z
2025-11-28,A110112,0,2026-11-28T00:00:00Z
2025-11-28,A110113,0,2026-11-28T00:00:00Z
2025-11-28,A110114,0,2026-11-28T00:00:00Z
2025-11-28,A110115,0,2026-11-28T00:00:00Z
2025-11-28,A110116,0,2026-11-28T00:00:00Z
2025-11-28,A110117,1,2026-11-28T00:00:00Z
2025-11-28,A110118,1,2026-11-28T00:00:00Z
2025-11-28,A110119,0,2026-11-28T00:00:00Z
2025-11-28,A110120,1,2026-11-28T00:00:00Z
2025-11-28,A110121,0,2026-11-28T00:00:00Z
2025-11-28,A110122,0,2026-11-28T00:00:00Z
2025-11-28,A110123,0,2026-11-28T00:00:00Z
2025-11-28,A110124,0,2026-11-28T00:00:00Z
2025-11-28,A110125,0,2026-11-28T00:00:00Z
2025-11-28,A110126,0,2026-11-28T00:00:00Z
2025-11-28,A110127,0,2026-11-28T00:00:00Z
2025-11-28,A110128,0,2026-11-28T00:00:00Z
2025-11-28,A110129,0,2026-11-28T00:00:00Z
2025-11-28,A110130,0,2026-11-28T00:00:00Z
2025-11-28,A110131,0,2026-11-28T00:00:00Z
2025-11-28,A110132,0,2026-11-28T00:00:00Z
2025-11-28,A110133,0,2026-11-28T00:00:00Z
2025-11-28,A110134,1,2026-11-28T00:00:00Z
2025-11-28,A110135,0,2026-11-28T00:00:00Z
2025-11-28,A110136,0,2026-11-28T00:00:00Z
2025-11-28,A110137,0,2026-11-28T00:00:00Z
2025-11-28,A110138,0,2026-11-28T00:00:00Z
2025-11-28,A110139,0,2026-11-28T00:00:00Z
2025-11-28,A110140,0,2026-11-28T00:00:00Z
2025-11-28,A110141,0,2026-11-28T00:00:00Z
2025-11-28,A110142,0,2026-11-28T00:00:00Z
2025-11-28,A110143,0,2026-11-28T00:00:00Z
2025-11-28,A110144,0,2026-11-28T00:00:00Z
2025-11-28,A110145,0,2026-11-28T00:00:00Z
2025-11-28,A110146,0,2026-11-28T00:00:00Z
2025-11-28,A110147,0,2026-11-28T00:00:00Z
2025-11-28,A110148,0,2026-11-28T00:00:00Z
2025-11-28,A110149,0,2026-11-28T00:00:00Z
2025-12-28,A120000,1,2026-12-28T00:00:00Z
2025-12-28,A120001,0,2026-12-28T00:00:00Z
2025-12-28,A120002,0,2026-12-28T00:00:00Z
2025-12-28,A120003,0,2026-12-28T00:00:00Z
2025-12-28,A120004,0,2026-12-28T00:00:00Z
2025-12-28,A120005,0,2026-12-28T00:00:00Z
2025-12-28,A120006,1,2026-12-28T00:00:00Z
2025-12-28,A120007,0,2026-12-28T00:00:00Z
2025-12-28,A120008,0,2026-12-28T00:00:00Z
2025-12-28,A120009,0,2026-12-28T00:00:00Z
2025-12-28,A120010,0,2026-12-28T00:00:00Z
2025-12-28,A120011,0,2026-12-28T00:00:00Z
2025-12-28,A120012,0,2026-12-28T00:00:00Z
2025-12-28,A120013,1,2026-12-28T00:00:00Z
2025-12-28,A120014,0,2026-12-28T00:00:00Z
2025-12-28,A120015,0,2026-12-28T00:00:00Z
2025-12-28,A120016,0,2026-12-28T00:00:00Z
2025-12-28,A120017,0,2026-12-28T00:00:00Z
2025-12-28,A120018,0,2026-12-28T00:00:00Z
2025-12-28,A120019,0,2026-12-28T00:00:00Z
2025-12-28,A120020,0,2026-12-28T00:00:00Z
2025-12-28,A120021,0,2026-12-28T00:00:00Z
2025-12-28,A120022,0,2026-12-28T00:00:00Z
2025-12-28,A120023,0,2026-12-28T00:00:00Z
2025-12-28,A120024,0,2026-12-28T00:00:00Z
2025-12-28,A120025,1,2026-12-28T00:00:00Z
2025-12-28,A120026,0,2026-12-28T00:00:00Z
2025-12-28,A120027,0,2026-12-28T00:00:00Z
2025-12-28,A120028,0,2026-12-28T00:00:00Z
2025-12-28,A120029,0,2026-12-28T00:00:00Z
2025-12-28,A120030,0,2026-12-28T00:00:00Z
2025-12-28,A120031,0,2026-12-28T00:00:00Z
2025-12-28,A120032,0,2026-12-28T00:00:00Z
2025-12-28,A120033,0,2026-12-28T00:00:00Z
2025-12-28,A120034,0,2026-12-28T00:00:00Z
2025-12-28,A120035,0,2026-12-28T00:00:00Z
2025-12-28,A120036,0,2026-12-28T00:00:00Z
2025-12-28,A120037,0,2026-12-28T00:00:00Z
2025-12-28,A120038,0,2026-12-28T00:00:00Z
2025-12-28,A120039,0,2026-12-28T00:00:00Z
2025-12-28,A120040,0,2026-12-28T00:00:00Z
2025-12-28,A120041,0,2026-12-28T00:00:00Z
2025-12-28,A120042,0,2026-12-28T00:00:00Z
2025-12-28,A120043,0,2026-12-28T00:00:00Z
2025-12-28,A120044,0,2026-12-28T00:00:00Z
2025-12-28,A120045,0,2026-12-28T00:00:00Z
2025-12-28,A120046,0,2026-12-28T00:00:00Z
2025-12-28,A120047,0,2026-12-28T00:00:00Z
2025-12-28,A120048,0,2026-12-28T00:00:00Z
2025-12-28,A120049,0,2026-12-28T00:00:00Z
2025-12-28,A120050,0,2026-12-28T00:00:00Z
2025-12-28,A120051,0,2026-12-28T00:00:00Z
2025-12-28,A120052,0,2026-12-28T00:00:00Z
2025-12-28,A120053,0,2026-12-28T00:00:00Z
2025-12-28,A120054,0,2026-12-28T00:00:00Z
2025-12-28,A120055,0,2026-12-28T00:00:00Z
2025-12-28,A120056,0,2026-12-28T00:00:00Z
2025-12-28,A120057,0,2026-12-28T00:00:00Z
2025-12-28,A120058,0,2026-12-28T00:00:00Z
2025-12-28,A120059,0,2026-12-28T00:00:00Z
2025-12-28,A120060,0,2026-12-28T00:00:00Z
2025-12-28,A120061,0,2026-12-28T00:00:00Z
2025-12-28,A120062,0,2026-12-28T00:00:00Z
2025-12-28,A120063,0,2026-12-28T00:00:00Z
2025-12-28,A120064,0,2026-12-28T00:00:00Z
2025-12-28,A120065,1,2026-12-28T00:00:00Z
2025-12-28,A120066,0,2026-12-28T00:00:00Z
2025-12-28,A120067,0,2026-12-28T00:00:00Z
2025-12-28,A120068,0,2026-12-28T00:00:00Z
2025-12-28,A120069,0,2026-12-28T00:00:00Z
2025-12-28,A120070,0,2026-12-28T00:00:00Z
2025-12-28,A120071,0,2026-12-28T00:00:00Z
2025-12-28,A120072,0,2026-12-28T00:00:00Z
2025-12-28,A120073,0,2026-12-28T00:00:00Z
2025-12-28,A120074,0,2026-12-28T00:00:00Z
2025-12-28,A120075,0,2026-12-28T00:00:00Z
2025-12-28,A120076,0,2026-12-28T00:00:00Z
2025-12-28,A120077,0,2026-12-28T00:00:00Z
2025-12-28,A120078,0,2026-12-28T00:00:00Z
2025-12-28,A120079,0,2026-12-28T00:00:00Z
2025-12-28,A120080,0,2026-12-28T00:00:00Z
2025-12-28,A120081,1,2026-12-28T00:00:00Z
2025-12-28,A120082,1,2026-12-28T00:00:00Z
2025-12-28,A120083,0,2026-12-28T00:00:00Z
2025-12-28,A120084,0,2026-12-28T00:00:00Z
2025-12-28,A120085,0,2026-12-28T00:00:00Z
2025-12-28,A120086,1,2026-12-28T00:00:00Z
2025-12-28,A120087,0,2026-12-28T00:00:00Z
2025-12-28,A120088,0,2026-12-28T00:00:00Z
2025-12-28,A120089,1,2026-12-28T00:00:00Z
2025-12-28,A120090,1,2026-12-28T00:00:00Z
2025-12-28,A120091,0,2026-12-28T00:00:00Z
2025-12-28,A120092,0,2026-12-28T00:00:00Z
2025-12-28,A120093,0,2026-12-28T00:00:00Z
2025-12-28,A120094,0,2026-12-28T00:00:00Z
2025-12-28,A120095,0,2026-12-28T00:00:00Z
2025-12-28,A120096,0,2026-12-28T00:00:00Z
2025-12-28,A120097,1,2026-12-28T00:00:00Z
2025-12-28,A120098,0,2026-12-28T00:00:00Z
2025-12-28,A120099,0,2026-12-28T00:00:00Z
2025-12-28,A120100,0,2026-12-28T00:00:00Z
2025-12-28,A120101,0,2026-12-28T00:00:00Z
2025-12-28,A120102,0,2026-12-28T00:00:00Z
2025-12-28,A120103,0,2026-12-28T00:00:00Z
2025-12-28,A120104,0,2026-12-28T00:00:00Z
2025-12-28,A120105,0,2026-12-28T00:00:00Z
2025-12-28,A120106,0,2026-12-28T00:00:00Z
2025-12-28,A120107,1,2026-12-28T00:00:00Z
2025-12-28,A120108,0,2026-12-28T00:00:00Z
2025-12-28,A120109,0,2026-12-28T00:00:00Z
2025-12-28,A120110,0,2026-12-28T00:00:00Z
2025-12-28,A120111,0,2026-12-28T00:00:00Z
2025-12-28,A120112,0,2026-12-28T00:00:00Z
2025-12-28,A120113,1,2026-12-28T00:00:00Z
2025-12-28,A120114,0,2026-12-28T00:00:00Z
2025-12-28,A120115,0,2026-12-28T00:00:00Z
2025-12-28,A120116,0,2026-12-28T00:00:00Z
2025-12-28,A120117,0,2026-12-28T00:00:00Z
2025-12-28,A120118,0,2026-12-28T00:00:00Z
2025-12-28,A120119,0,2026-12-28T00:00:00Z
2025-12-28,A120120,0,2026-12-28T00:00:00Z
2025-12-28,A120121,0,2026-12-28T00:00:00Z
2025-12-28,A120122,1,2026-12-28T00:00:00Z
2025-12-28,A120123,0,2026-12-28T00:00:00Z
2025-12-28,A120124,1,2026-12-28T00:00:00Z
2025-12-28,A120125,0,2026-12-28T00:00:00Z
2025-12-28,A120126,1,2026-12-28T00:00:00Z
2025-12-28,A120127,0,2026-12-28T00:00:00Z
2025-12-28,A120128,0,2026-12-28T00:00:00Z
2025-12-28,A120129,0,2026-12-28T00:00:00Z
2025-12-28,A120130,0,2026-12-28T00:00:00Z
2025-12-28,A120131,0,2026-12-28T00:00:00Z
2025-12-28,A120132,0,2026-12-28T00:00:00Z
2025-12-28,A120133,0,2026-12-28T00:00:00Z
2025-12-28,A120134,0,2026-12-28T00:00:00Z
2025-12-28,A120135,0,2026-12-28T00:00:00Z
2025-12-28,A120136,0,2026-12-28T00:00:00Z
2025-12-28,A120137,0,2026-12-28T00:00:00Z
2025-12-28,A120138,1,2026-12-28T00:00:00Z
2025-12-28,A120139,0,2026-12-28T00:00:00Z
2025-12-28,A120140,1,2026-12-28T00:00:00Z
2025-12-28,A120141,0,2026-12-28T00:00:00Z
2025-12-28,A120142,0,2026-12-28T00:00:00Z
2025-12-28,A120143,1,2026-12-28T00:00:00Z
2025-12-28,A120144,0,2026-12-28T00:00:00Z
2025-12-28,A120145,0,2026-12-28T00:00:00Z
2025-12-28,A120146,0,2026-12-28T00:00:00Z
2025-12-28,A120147,0,2026-12-28T00:00:00Z
2025-12-28,A120148,0,2026-12-28T00:00:00Z
2025-12-28,A120149,0,2026-12-28T00:00:00Z
