date,tenor,rate,kt
2025-06-02,1M,0.042514,2025-06-02T18:30:00Z
2025-06-02,3M,0.043514,2025-06-02T18:30:00Z
2025-06-02,6M,0.045014,2025-06-02T18:30:00Z
2025-06-02,1Y,0.048014,2025-06-02T18:30:00Z
2025-06-03,1M,0.042402,2025-06-03T18:30:00Z
2025-06-03,3M,0.043402,2025-06-03T18:30:00Z
2025-06-03,6M,0.044902,2025-06-03T18:30:00Z
2025-06-03,1Y,0.047902,2025-06-03T18:30:00Z
2025-06-04,1M,0.042767,2025-06-04T18:30:00Z
2025-06-04,3M,0.043767,2025-06-04T18:30:00Z
2025-06-04,6M,0.045267,2025-06-04T18:30:00Z
2025-06-04,1Y,0.048267,2025-06-04T18:30:00Z
2025-06-05,1M,0.042494,2025-06-05T18:30:00Z
2025-06-05,3M,0.043494,2025-06-05T18:30:00Z
2025-06-05,6M,0.044994,2025-06-05T18:30:00Z
2025-06-05,1Y,0.047994,2025-06-05T18:30:00Z
2025-06-06,1M,0.042505,2025-06-06T18:30:00Z
2025-06-06,3M,0.043505,2025-06-06T18:30:00Z
2025-06-06,6M,0.045005,2025-06-06T18:30:00Z
2025-06-06,1Y,0.048005,2025-06-06T18:30:00Z
2025-06-09,1M,0.042492,2025-06-09T18:30:00Z
2025-06-09,3M,0.043492,2025-06-09T18:30:00Z
2025-06-09,6M,0.044992,2025-06-09T18:30:00Z
2025-06-09,1Y,0.047992,2025-06-09T18:30:00Z
2025-06-10,1M,0.0429,2025-06-10T18:30:00Z
2025-06-10,3M,0.0439,2025-06-10T18:30:00Z
2025-06-10,6M,0.0454,2025-06-10T18:30:00Z
2025-06-10,1Y,0.0484,2025-06-10T18:30:00Z
2025-06-11,1M,0.043586,2025-06-11T18:30:00Z
2025-06-11,3M,0.044586,2025-06-11T18:30:00Z
2025-06-11,6M,0.046086,2025-06-11T18:30:00Z
2025-06-11,1Y,0.049086,2025-06-11T18:30:00Z
2025-06-12,1M,0.04339,2025-06-12T18:30:00Z
2025-06-12,3M,0.04439,2025-06-12T18:30:00Z
2025-06-12,6M,0.04589,2025-06-12T18:30:00Z
2025-06-12,1Y,0.04889,2025-06-12T18:30:00Z
2025-06-13,1M,0.043285,2025-06-13T18:30:00Z
2025-06-13,3M,0.044285,2025-06-13T18:30:00Z
2025-06-13,6M,0.045785,2025-06-13T18:30:00Z
2025-06-13,1Y,0.048785,2025-06-13T18:30:00Z
2025-06-16,1M,0.043593,2025-06-16T18:30:00Z
2025-06-16,3M,0.044593,2025-06-16T18:30:00Z
2025-06-16,6M,0.046093,2025-06-16T18:30:00Z
2025-06-16,1Y,0.049093,2025-06-16T18:30:00Z
2025-06-17,1M,0.043566,2025-06-17T18:30:00Z
2025-06-17,3M,0.044566,2025-06-17T18:30:00Z
2025-06-17,6M,0.046066,2025-06-17T18:30:00Z
2025-06-17,1Y,0.049066,2025-06-17T18:30:00Z
2025-06-18,1M,0.043298,2025-06-18T18:30:00Z
2025-06-18,3M,0.044298,2025-06-18T18:30:00Z
2025-06-18,6M,0.045798,2025-06-18T18:30:00Z
2025-06-18,1Y,0.048798,2025-06-18T18:30:00Z
2025-06-19,1M,0.043498,2025-06-19T18:30:00Z
2025-06-19,3M,0.044498,2025-06-19T18:30:00Z
2025-06-19,6M,0.045998,2025-06-19T18:30:00Z
2025-06-19,1Y,0.048998,2025-06-19T18:30:00Z
2025-06-20,1M,0.043609,2025-06-20T18:30:00Z
2025-06-20,3M,0.044609,2025-06-20T18:30:00Z
2025-06-20,6M,0.046109,2025-06-20T18:30:00Z
2025-06-20,1Y,0.049109,2025-06-20T18:30:00Z
2025-06-23,1M,0.043818,2025-06-23T18:30:00Z
2025-06-23,3M,0.044818,2025-06-23T18:30:00Z
2025-06-23,6M,0.046318,2025-06-23T18:30:00Z
2025-06-23,1Y,0.049318,2025-06-23T18:30:00Z
2025-06-24,1M,0.044264,2025-06-24T18:30:00Z
2025-06-24,3M,0.045264,2025-06-24T18:30:00Z
2025-06-24,6M,0.046764,2025-06-24T18:30:00Z
2025-06-24,1Y,0.049764,2025-06-24T18:30:00Z
2025-06-25,1M,0.04392,2025-06-25T18:30:00Z
2025-06-25,3M,0.04492,2025-06-25T18:30:00Z
2025-06-25,6M,0.04642,2025-06-25T18:30:00Z
2025-06-25,1Y,0.04942,2025-06-25T18:30:00Z
2025-06-26,1M,0.044123,2025-06-26T18:30:00Z
2025-06-26,3M,0.045123,2025-06-26T18:30:00Z
2025-06-26,6M,0.046623,2025-06-26T18:30:00Z
2025-06-26,1Y,0.049623,2025-06-26T18:30:00Z
2025-06-27,1M,0.044109,2025-06-27T18:30:00Z
2025-06-27,3M,0.045109,2025-06-27T18:30:00Z
2025-06-27,6M,0.046609,2025-06-27T18:30:00Z
2025-06-27,1Y,0.049609,2025-06-27T18:30:00Z
2025-06-30,1M,0.044397,2025-06-30T18:30:00Z
2025-06-30,3M,0.045397,2025-06-30T18:30:00Z
2025-06-30,6M,0.046897,2025-06-30T18:30:00Z
2025-06-30,1Y,0.049897,2025-06-30T18:30:00Z
2025-07-01,1M,0.04467,2025-07-01T18:30:00Z
2025-07-01,3M,0.04567,2025-07-01T18:30:00Z
2025-07-01,6M,0.04717,2025-07-01T18:30:00Z
2025-07-01,1Y,0.05017,2025-07-01T18:30:00Z
2025-07-02,1M,0.044625,2025-07-02T18:30:00Z
2025-07-02,3M,0.045625,2025-07-02T18:30:00Z
2025-07-02,6M,0.047125,2025-07-02T18:30:00Z
2025-07-02,1Y,0.050125,2025-07-02T18:30:00Z
2025-07-03,1M,0.043911,2025-07-03T18:30:00Z
2025-07-03,3M,0.044911,2025-07-03T18:30:00Z
2025-07-03,6M,0.046411,2025-07-03T18:30:00Z
2025-07-03,1Y,0.049411,2025-07-03T18:30:00Z
2025-07-04,1M,0.043585,2025-07-04T18:30:00Z
2025-07-04,3M,0.044585,2025-07-04T18:30:00Z
2025-07-04,6M,0.046085,2025-07-04T18:30:00Z
2025-07-04,1Y,0.049085,2025-07-04T18:30:00Z
2025-07-07,1M,0.043872,2025-07-07T18:30:00Z
2025-07-07,3M,0.044872,2025-07-07T18:30:00Z
2025-07-07,6M,0.046372,2025-07-07T18:30:00Z
2025-07-07,1Y,0.049372,2025-07-07T18:30:00Z
2025-07-08,1M,0.04388,2025-07-08T18:30:00Z
2025-07-08,3M,0.04488,2025-07-08T18:30:00Z
2025-07-08,6M,0.04638,2025-07-08T18:30:00Z
2025-07-08,1Y,0.04938,2025-07-08T18:30:00Z
2025-07-09,1M,0.043803,2025-07-09T18:30:00Z
2025-07-09,3M,0.044803,2025-07-09T18:30:00Z
2025-07-09,6M,0.046303,2025-07-09T18:30:00Z
2025-07-09,1Y,0.049303,2025-07-09T18:30:00Z
2025-07-10,1M,0.043467,2025-07-10T18:30:00Z
2025-07-10,3M,0.044467,2025-07-10T18:30:00Z
2025-07-10,6M,0.045967,2025-07-10T18:30:00Z
2025-07-10,1Y,0.048967,2025-07-10T18:30:00Z
2025-07-11,1M,0.043182,2025-07-11T18:30:00Z
2025-07-11,3M,0.044182,2025-07-11T18:30:00Z
2025-07-11,6M,0.045682,2025-07-11T18:30:00Z
2025-07-11,1Y,0.048682,2025-07-11T18:30:00Z
2025-07-14,1M,0.042631,2025-07-14T18:30:00Z
2025-07-14,3M,0.043631,2025-07-14T18:30:00Z
2025-07-14,6M,0.045131,2025-07-14T18:30:00Z
2025-07-14,1Y,0.048131,2025-07-14T18:30:00Z
2025-07-15,1M,0.042242,2025-07-15T18:30:00Z
2025-07-15,3M,0.043242,2025-07-15T18:30:00Z
2025-07-15,6M,0.044742,2025-07-15T18:30:00Z
2025-07-15,1Y,0.047742,2025-07-15T18:30:00Z
2025-07-16,1M,0.04206,2025-07-16T18:30:00Z
2025-07-16,3M,0.04306,2025-07-16T18:30:00Z
2025-07-16,6M,0.04456,2025-07-16T18:30:00Z
2025-07-16,1Y,0.04756,2025-07-16T18:30:00Z
2025-07-17,1M,0.041815,2025-07-17T18:30:00Z
2025-07-17,3M,0.042815,2025-07-17T18:30:00Z
2025-07-17,6M,0.044315,2025-07-17T18:30:00Z
2025-07-17,1Y,0.047315,2025-07-17T18:30:00Z
2025-07-18,1M,0.04227,2025-07-18T18:30:00Z
2025-07-18,3M,0.04327,2025-07-18T18:30:00Z
2025-07-18,6M,0.04477,2025-07-18T18:30:00Z
2025-07-18,1Y,0.04777,2025-07-18T18:30:00Z
2025-07-21,1M,0.04236,2025-07-21T18:30:00Z
2025-07-21,3M,0.04336,2025-07-21T18:30:00Z
2025-07-21,6M,0.04486,2025-07-21T18:30:00Z
2025-07-21,1Y,0.04786,2025-07-21T18:30:00Z
2025-07-22,1M,0.042332,2025-07-22T18:30:00Z
2025-07-22,3M,0.043332,2025-07-22T18:30:00Z
2025-07-22,6M,0.044832,2025-07-22T18:30:00Z
2025-07-22,1Y,0.047832,2025-07-22T18:30:00Z
2025-07-23,1M,0.042085,2025-07-23T18:30:00Z
2025-07-23,3M,0.043085,2025-07-23T18:30:00Z
2025-07-23,6M,0.044585,2025-07-23T18:30:00Z
2025-07-23,1Y,0.047585,2025-07-23T18:30:00Z
2025-07-24,1M,0.042302,2025-07-24T18:30:00Z
2025-07-24,3M,0.043302,2025-07-24T18:30:00Z
2025-07-24,6M,0.044802,2025-07-24T18:30:00Z
2025-07-24,1Y,0.047802,2025-07-24T18:30:00Z
2025-07-25,1M,0.042347,2025-07-25T18:30:00Z
2025-07-25,3M,0.043347,2025-07-25T18:30:00Z
2025-07-25,6M,0.044847,2025-07-25T18:30:00Z
2025-07-25,1Y,0.047847,2025-07-25T18:30:00Z
2025-07-28,1M,0.042285,2025-07-28T18:30:00Z
2025-07-28,3M,0.043285,2025-07-28T18:30:00Z
2025-07-28,6M,0.044785,2025-07-28T18:30:00Z
2025-07-28,1Y,0.047785,2025-07-28T18:30:00Z
2025-07-29,1M,0.042476,2025-07-29T18:30:00Z
2025-07-29,3M,0.043476,2025-07-29T18:30:00Z
2025-07-29,6M,0.044976,2025-07-29T18:30:00Z
2025-07-29,1Y,0.047976,2025-07-29T18:30:00Z
2025-07-30,1M,0.042249,2025-07-30T18:30:00Z
2025-07-30,3M,0.043249,2025-07-30T18:30:00Z
2025-07-30,6M,0.044749,2025-07-30T18:30:00Z
2025-07-30,1Y,0.047749,2025-07-30T18:30:00Z
2025-07-31,1M,0.04225,2025-07-31T18:30:00Z
2025-07-31,3M,0.04325,2025-07-31T18:30:00Z
2025-07-31,6M,0.04475,2025-07-31T18:30:00Z
2025-07-31,1Y,0.04775,2025-07-31T18:30:00Z
2025-08-01,1M,0.04273,2025-08-01T18:30:00Z
2025-08-01,3M,0.04373,2025-08-01T18:30:00Z
2025-08-01,6M,0.04523,2025-08-01T18:30:00Z
2025-08-01,1Y,0.04823,2025-08-01T18:30:00Z
2025-08-04,1M,0.042465,2025-08-04T18:30:00Z
2025-08-04,3M,0.043465,2025-08-04T18:30:00Z
2025-08-04,6M,0.044965,2025-08-04T18:30:00Z
2025-08-04,1Y,0.047965,2025-08-04T18:30:00Z
2025-08-05,1M,0.042455,2025-08-05T18:30:00Z
2025-08-05,3M,0.043455,2025-08-05T18:30:00Z
2025-08-05,6M,0.044955,2025-08-05T18:30:00Z
2025-08-05,1Y,0.047955,2025-08-05T18:30:00Z
2025-08-06,1M,0.043182,2025-08-06T18:30:00Z
2025-08-06,3M,0.044182,2025-08-06T18:30:00Z
2025-08-06,6M,0.045682,2025-08-06T18:30:00Z
2025-08-06,1Y,0.048682,2025-08-06T18:30:00Z
2025-08-07,1M,0.043467,2025-08-07T18:30:00Z
2025-08-07,3M,0.044467,2025-08-07T18:30:00Z
2025-08-07,6M,0.045967,2025-08-07T18:30:00Z
2025-08-07,1Y,0.048967,2025-08-07T18:30:00Z
2025-08-08,1M,0.0436,2025-08-08T18:30:00Z
2025-08-08,3M,0.0446,2025-08-08T18:30:00Z
2025-08-08,6M,0.0461,2025-08-08T18:30:00Z
2025-08-08,1Y,0.0491,2025-08-08T18:30:00Z
2025-08-11,1M,0.043295,2025-08-11T18:30:00Z
2025-08-11,3M,0.044295,2025-08-11T18:30:00Z
2025-08-11,6M,0.045795,2025-08-11T18:30:00Z
2025-08-11,1Y,0.048795,2025-08-11T18:30:00Z
2025-08-12,1M,0.043457,2025-08-12T18:30:00Z
2025-08-12,3M,0.044457,2025-08-12T18:30:00Z
2025-08-12,6M,0.045957,2025-08-12T18:30:00Z
2025-08-12,1Y,0.048957,2025-08-12T18:30:00Z
2025-08-13,1M,0.043603,2025-08-13T18:30:00Z
2025-08-13,3M,0.044603,2025-08-13T18:30:00Z
2025-08-13,6M,0.046103,2025-08-13T18:30:00Z
2025-08-13,1Y,0.049103,2025-08-13T18:30:00Z
2025-08-14,1M,0.042915,2025-08-14T18:30:00Z
2025-08-14,3M,0.043915,2025-08-14T18:30:00Z
2025-08-14,6M,0.045415,2025-08-14T18:30:00Z
2025-08-14,1Y,0.048415,2025-08-14T18:30:00Z
2025-08-15,1M,0.042344,2025-08-15T18:30:00Z
2025-08-15,3M,0.043344,2025-08-15T18:30:00Z
2025-08-15,6M,0.044844,2025-08-15T18:30:00Z
2025-08-15,1Y,0.047844,2025-08-15T18:30:00Z
2025-08-18,1M,0.042485,2025-08-18T18:30:00Z
2025-08-18,3M,0.043485,2025-08-18T18:30:00Z
2025-08-18,6M,0.044985,2025-08-18T18:30:00Z
2025-08-18,1Y,0.047985,2025-08-18T18:30:00Z
2025-08-19,1M,0.042274,2025-08-19T18:30:00Z
2025-08-19,3M,0.043274,2025-08-19T18:30:00Z
2025-08-19,6M,0.044774,2025-08-19T18:30:00Z
2025-08-19,1Y,0.047774,2025-08-19T18:30:00Z
2025-08-20,1M,0.042233,2025-08-20T18:30:00Z
2025-08-20,3M,0.043233,2025-08-20T18:30:00Z
2025-08-20,6M,0.044733,2025-08-20T18:30:00Z
2025-08-20,1Y,0.047733,2025-08-20T18:30:00Z
2025-08-21,1M,0.041931,2025-08-21T18:30:00Z
2025-08-21,3M,0.042931,2025-08-21T18:30:00Z
2025-08-21,6M,0.044431,2025-08-21T18:30:00Z
2025-08-21,1Y,0.047431,2025-08-21T18:30:00Z
2025-08-22,1M,0.042058,2025-08-22T18:30:00Z
2025-08-22,3M,0.043058,2025-08-22T18:30:00Z
2025-08-22,6M,0.044558,2025-08-22T18:30:00Z
2025-08-22,1Y,0.047558,2025-08-22T18:30:00Z
2025-08-25,1M,0.04166,2025-08-25T18:30:00Z
2025-08-25,3M,0.04266,2025-08-25T18:30:00Z
2025-08-25,6M,0.04416,2025-08-25T18:30:00Z
2025-08-25,1Y,0.04716,2025-08-25T18:30:00Z
2025-08-26,1M,0.041699,2025-08-26T18:30:00Z
2025-08-26,3M,0.042699,2025-08-26T18:30:00Z
2025-08-26,6M,0.044199,2025-08-26T18:30:00Z
2025-08-26,1Y,0.047199,2025-08-26T18:30:00Z
2025-08-27,1M,0.041618,2025-08-27T18:30:00Z
2025-08-27,3M,0.042618,2025-08-27T18:30:00Z
2025-08-27,6M,0.044118,2025-08-27T18:30:00Z
2025-08-27,1Y,0.047118,2025-08-27T18:30:00Z
2025-08-28,1M,0.042074,2025-08-28T18:30:00Z
2025-08-28,3M,0.043074,2025-08-28T18:30:00Z
2025-08-28,6M,0.044574,2025-08-28T18:30:00Z
2025-08-28,1Y,0.047574,2025-08-28T18:30:00Z
2025-08-29,1M,0.04203,2025-08-29T18:30:00Z
2025-08-29,3M,0.04303,2025-08-29T18:30:00Z
2025-08-29,6M,0.04453,2025-08-29T18:30:00Z
2025-08-29,1Y,0.04753,2025-08-29T18:30:00Z
2025-09-01,1M,0.042061,2025-09-01T18:30:00Z
2025-09-01,3M,0.043061,2025-09-01T18:30:00Z
2025-09-01,6M,0.044561,2025-09-01T18:30:00Z
2025-09-01,1Y,0.047561,2025-09-01T18:30:00Z
2025-09-02,1M,0.042493,2025-09-02T18:30:00Z
2025-09-02,3M,0.043493,2025-09-02T18:30:00Z
2025-09-02,6M,0.044993,2025-09-02T18:30:00Z
2025-09-02,1Y,0.047993,2025-09-02T18:30:00Z
2025-09-03,1M,0.042559,2025-09-03T18:30:00Z
2025-09-03,3M,0.043559,2025-09-03T18:30:00Z
2025-09-03,6M,0.045059,2025-09-03T18:30:00Z
2025-09-03,1Y,0.048059,2025-09-03T18:30:00Z
2025-09-04,1M,0.042467,2025-09-04T18:30:00Z
2025-09-04,3M,0.043467,2025-09-04T18:30:00Z
2025-09-04,6M,0.044967,2025-09-04T18:30:00Z
2025-09-04,1Y,0.047967,2025-09-04T18:30:00Z
2025-09-05,1M,0.042169,2025-09-05T18:30:00Z
2025-09-05,3M,0.043169,2025-09-05T18:30:00Z
2025-09-05,6M,0.044669,2025-09-05T18:30:00Z
2025-09-05,1Y,0.047669,2025-09-05T18:30:00Z
2025-09-08,1M,0.042264,2025-09-08T18:30:00Z
2025-09-08,3M,0.043264,2025-09-08T18:30:00Z
2025-09-08,6M,0.044764,2025-09-08T18:30:00Z
2025-09-08,1Y,0.047764,2025-09-08T18:30:00Z
2025-09-09,1M,0.041454,2025-09-09T18:30:00Z
2025-09-09,3M,0.042454,2025-09-09T18:30:00Z
2025-09-09,6M,0.043954,2025-09-09T18:30:00Z
2025-09-09,1Y,0.046954,2025-09-09T18:30:00Z
2025-09-10,1M,0.041767,2025-09-10T18:30:00Z
2025-09-10,3M,0.042767,2025-09-10T18:30:00Z
2025-09-10,6M,0.044267,2025-09-10T18:30:00Z
2025-09-10,1Y,0.047267,2025-09-10T18:30:00Z
2025-09-11,1M,0.042095,2025-09-11T18:30:00Z
2025-09-11,3M,0.043095,2025-09-11T18:30:00Z
2025-09-11,6M,0.044595,2025-09-11T18:30:00Z
2025-09-11,1Y,0.047595,2025-09-11T18:30:00Z
2025-09-12,1M,0.041998,2025-09-12T18:30:00Z
2025-09-12,3M,0.042998,2025-09-12T18:30:00Z
2025-09-12,6M,0.044498,2025-09-12T18:30:00Z
2025-09-12,1Y,0.047498,2025-09-12T18:30:00Z
2025-09-15,1M,0.041828,2025-09-15T18:30:00Z
2025-09-15,3M,0.042828,2025-09-15T18:30:00Z
2025-09-15,6M,0.044328,2025-09-15T18:30:00Z
2025-09-15,1Y,0.047328,2025-09-15T18:30:00Z
2025-09-16,1M,0.041953,2025-09-16T18:30:00Z
2025-09-16,3M,0.042953,2025-09-16T18:30:00Z
2025-09-16,6M,0.044453,2025-09-16T18:30:00Z
2025-09-16,1Y,0.047453,2025-09-16T18:30:00Z
2025-09-17,1M,0.041829,2025-09-17T18:30:00Z
2025-09-17,3M,0.042829,2025-09-17T18:30:00Z
2025-09-17,6M,0.044329,2025-09-17T18:30:00Z
2025-09-17,1Y,0.047329,2025-09-17T18:30:00Z
2025-09-18,1M,0.041545,2025-09-18T18:30:00Z
2025-09-18,3M,0.042545,2025-09-18T18:30:00Z
2025-09-18,6M,0.044045,2025-09-18T18:30:00Z
2025-09-18,1Y,0.047045,2025-09-18T18:30:00Z
2025-09-19,1M,0.041762,2025-09-19T18:30:00Z
2025-09-19,3M,0.042762,2025-09-19T18:30:00Z
2025-09-19,6M,0.044262,2025-09-19T18:30:00Z
2025-09-19,1Y,0.047262,2025-09-19T18:30:00Z
2025-09-22,1M,0.041872,2025-09-22T18:30:00Z
2025-09-22,3M,0.042872,2025-09-22T18:30:00Z
2025-09-22,6M,0.044372,2025-09-22T18:30:00Z
2025-09-22,1Y,0.047372,2025-09-22T18:30:00Z
2025-09-23,1M,0.041127,2025-09-23T18:30:00Z
2025-09-23,3M,0.042127,2025-09-23T18:30:00Z
2025-09-23,6M,0.043627,2025-09-23T18:30:00Z
2025-09-23,1Y,0.046627,2025-09-23T18:30:00Z
2025-09-24,1M,0.041372,2025-09-24T18:30:00Z
2025-09-24,3M,0.042372,2025-09-24T18:30:00Z
2025-09-24,6M,0.043872,2025-09-24T18:30:00Z
2025-09-24,1Y,0.046872,2025-09-24T18:30:00Z
2025-09-25,1M,0.040847,2025-09-25T18:30:00Z
2025-09-25,3M,0.041847,2025-09-25T18:30:00Z
2025-09-25,6M,0.043347,2025-09-25T18:30:00Z
2025-09-25,1Y,0.046347,2025-09-25T18:30:00Z
2025-09-26,1M,0.040424,2025-09-26T18:30:00Z
2025-09-26,3M,0.041424,2025-09-26T18:30:00Z
2025-09-26,6M,0.042924,2025-09-26T18:30:00Z
2025-09-26,1Y,0.045924,2025-09-26T18:30:00Z
2025-09-29,1M,0.040409,2025-09-29T18:30:00Z
2025-09-29,3M,0.041409,2025-09-29T18:30:00Z
2025-09-29,6M,0.042909,2025-09-29T18:30:00Z
2025-09-29,1Y,0.045909,2025-09-29T18:30:00Z
2025-09-30,1M,0.040643,2025-09-30T18:30:00Z
2025-09-30,3M,0.041643,2025-09-30T18:30:00Z
2025-09-30,6M,0.043143,2025-09-30T18:30:00Z
2025-09-30,1Y,0.046143,2025-09-30T18:30:00Z
