date,underlying,divYield,kt
2025-06-02,ACME,0.02133,2025-06-02T07:00:00Z
2025-06-02,BOREAL,0.00776,2025-06-02T07:00:00Z
2025-06-02,CYGNET,0.03235,2025-06-02T07:00:00Z
2025-06-03,ACME,0.02133,2025-06-03T07:00:00Z
2025-06-03,BOREAL,0.00776,2025-06-03T07:00:00Z
2025-06-03,CYGNET,0.03235,2025-06-03T07:00:00Z
2025-06-04,ACME,0.02133,2025-06-04T07:00:00Z
2025-06-04,BOREAL,0.00776,2025-06-04T07:00:00Z
2025-06-04,CYGNET,0.03235,2025-06-04T07:00:00Z
2025-06-05,ACME,0.02133,2025-06-05T07:00:00Z
2025-06-05,BOREAL,0.00776,2025-06-05T07:00:00Z
2025-06-05,CYGNET,0.03235,2025-06-05T07:00:00Z
2025-06-06,ACME,0.02133,2025-06-06T07:00:00Z
2025-06-06,BOREAL,0.00776,2025-06-06T07:00:00Z
2025-06-06,CYGNET,0.03235,2025-06-06T07:00:00Z
2025-06-09,ACME,0.02133,2025-06-09T07:00:00Z
2025-06-09,BOREAL,0.00776,2025-06-09T07:00:00Z
2025-06-09,CYGNET,0.03235,2025-06-09T07:00:00Z
2025-06-10,ACME,0.02133,2025-06-10T07:00:00Z
2025-06-10,BOREAL,0.00776,2025-06-10T07:00:00Z
2025-06-10,CYGNET,0.03235,2025-06-10T07:00:00Z
2025-06-11,ACME,0.02133,2025-06-11T07:00:00Z
2025-06-11,BOREAL,0.00776,2025-06-11T07:00:00Z
2025-06-11,CYGNET,0.03235,2025-06-11T07:00:00Z
2025-06-12,ACME,0.02133,2025-06-12T07:00:00Z
2025-06-12,BOREAL,0.00776,2025-06-12T07:00:00Z
2025-06-12,CYGNET,0.03235,2025-06-12T07:00:00Z
2025-06-13,ACME,0.02133,2025-06-13T07:00:00Z
2025-06-13,BOREAL,0.00776,2025-06-13T07:00:00Z
2025-06-13,CYGNET,0.03235,2025-06-13T07:00:00Z
2025-06-16,ACME,0.02133,2025-06-16T07:00:00Z
2025-06-16,BOREAL,0.00776,2025-06-16T07:00:00Z
2025-06-16,CYGNET,0.03235,2025-06-16T07:00:00Z
2025-06-17,ACME,0.02133,2025-06-17T07:00:00Z
2025-06-17,BOREAL,0.00776,2025-06-17T07:00:00Z
2025-06-17,CYGNET,0.03235,2025-06-17T07:00:00Z
2025-06-18,ACME,0.02133,2025-06-18T07:00:00Z
2025-06-18,BOREAL,0.00776,2025-06-18T07:00:00Z
2025-06-18,CYGNET,0.03235,2025-06-18T07:00:00Z
2025-06-19,ACME,0.02133,2025-06-19T07:00:00Z
2025-06-19,BOREAL,0.00776,2025-06-19T07:00:00Z
2025-06-19,CYGNET,0.03235,2025-06-19T07:00:00Z
2025-06-20,ACME,0.02133,2025-06-20T07:00:00Z
2025-06-20,BOREAL,0.00776,2025-06-20T07:00:00Z
2025-06-20,CYGNET,0.03235,2025-06-20T07:00:00Z
2025-06-23,ACME,0.02133,2025-06-23T07:00:00Z
2025-06-23,BOREAL,0.00776,2025-06-23T07:00:00Z
2025-06-23,CYGNET,0.03235,2025-06-23T07:00:00Z
2025-06-24,ACME,0.02133,2025-06-24T07:00:00Z
2025-06-24,BOREAL,0.00776,2025-06-24T07:00:00Z
2025-06-24,CYGNET,0.03235,2025-06-24T07:00:00Z
2025-06-25,ACME,0.02133,2025-06-25T07:00:00Z
2025-06-25,BOREAL,0.00776,2025-06-25T07:00:00Z
2025-06-25,CYGNET,0.03235,2025-06-25T07:00:00Z
2025-06-26,ACME,0.02133,2025-06-26T07:00:00Z
2025-06-26,BOREAL,0.00776,2025-06-26T07:00:00Z
2025-06-26,CYGNET,0.03235,2025-06-26T07:00:00Z
2025-06-27,ACME,0.02133,2025-06-27T07:00:00Z
2025-06-27,BOREAL,0.00776,2025-06-27T07:00:00Z
2025-06-27,CYGNET,0.03235,2025-06-27T07:00:00Z
2025-06-30,ACME,0.02133,2025-06-30T07:00:00Z
2025-06-30,BOREAL,0.00776,2025-06-30T07:00:00Z
2025-06-30,CYGNET,0.03235,2025-06-30T07:00:00Z
2025-07-01,ACME,0.02048,2025-07-01T07:00:00Z
2025-07-01,BOREAL,0.00747,2025-07-01T07:00:00Z
2025-07-01,CYGNET,0.03421,2025-07-01T07:00:00Z
2025-07-02,ACME,0.02048,2025-07-02T07:00:00Z
2025-07-02,BOREAL,0.00747,2025-07-02T07:00:00Z
2025-07-02,CYGNET,0.03421,2025-07-02T07:00:00Z
2025-07-03,ACME,0.02048,2025-07-03T07:00:00Z
2025-07-03,BOREAL,0.00747,2025-07-03T07:00:00Z
2025-07-03,CYGNET,0.03421,2025-07-03T07:00:00Z
2025-07-04,ACME,0.02048,2025-07-04T07:00:00Z
2025-07-04,BOREAL,0.00747,2025-07-04T07:00:00Z
2025-07-04,CYGNET,0.03421,2025-07-04T07:00:00Z
2025-07-07,ACME,0.02048,2025-07-07T07:00:00Z
2025-07-07,BOREAL,0.00747,2025-07-07T07:00:00Z
2025-07-07,CYGNET,0.03421,2025-07-07T07:00:00Z
2025-07-08,ACME,0.02048,2025-07-08T07:00:00Z
2025-07-08,BOREAL,0.00747,2025-07-08T07:00:00Z
2025-07-08,CYGNET,0.03421,2025-07-08T07:00:00Z
2025-07-09,ACME,0.02048,2025-07-09T07:00:00Z
2025-07-09,BOREAL,0.00747,2025-07-09T07:00:00Z
2025-07-09,CYGNET,0.03421,2025-07-09T07:00:00Z
2025-07-10,ACME,0.02048,2025-07-10T07:00:00Z
2025-07-10,BOREAL,0.00747,2025-07-10T07:00:00Z
2025-07-10,CYGNET,0.03421,2025-07-10T07:00:00Z
2025-07-11,ACME,0.02048,2025-07-11T07:00:00Z
2025-07-11,BOREAL,0.00747,2025-07-11T07:00:00Z
2025-07-11,CYGNET,0.03421,2025-07-11T07:00:00Z
2025-07-14,ACME,0.02048,2025-07-14T07:00:00Z
2025-07-14,BOREAL,0.00747,2025-07-14T07:00:00Z
2025-07-14,CYGNET,0.03421,2025-07-14T07:00:00Z
2025-07-15,ACME,0.02048,2025-07-15T07:00:00Z
2025-07-15,BOREAL,0.00747,2025-07-15T07:00:00Z
2025-07-15,CYGNET,0.03421,2025-07-15T07:00:00Z
2025-07-16,ACME,0.02048,2025-07-16T07:00:00Z
2025-07-16,BOREAL,0.00747,2025-07-16T07:00:00Z
2025-07-16,CYGNET,0.03421,2025-07-16T07:00:00Z
2025-07-17,ACME,0.02048,2025-07-17T07:00:00Z
2025-07-17,BOREAL,0.00747,2025-07-17T07:00:00Z
2025-07-17,CYGNET,0.03421,2025-07-17T07:00:00Z
2025-07-18,ACME,0.02048,2025-07-18T07:00:00Z
2025-07-18,BOREAL,0.00747,2025-07-18T07:00:00Z
2025-07-18,CYGNET,0.03421,2025-07-18T07:00:00Z
2025-07-21,ACME,0.02048,2025-07-21T07:00:00Z
2025-07-21,BOREAL,0.00747,2025-07-21T07:00:00Z
2025-07-21,CYGNET,0.03421,2025-07-21T07:00:00Z
2025-07-22,ACME,0.02048,2025-07-22T07:00:00Z
2025-07-22,BOREAL,0.00747,2025-07-22T07:00:00Z
2025-07-22,CYGNET,0.03421,2025-07-22T07:00:00Z
2025-07-23,ACME,0.02048,2025-07-23T07:00:00Z
2025-07-23,BOREAL,0.00747,2025-07-23T07:00:00Z
2025-07-23,CYGNET,0.03421,2025-07-23T07:00:00Z
2025-07-24,ACME,0.02048,2025-07-24T07:00:00Z
2025-07-24,BOREAL,0.00747,2025-07-24T07:00:00Z
2025-07-24,CYGNET,0.03421,2025-07-24T07:00:00Z
2025-07-25,ACME,0.02048,2025-07-25T07:00:00Z
2025-07-25,BOREAL,0.00747,2025-07-25T07:00:00Z
2025-07-25,CYGNET,0.03421,2025-07-25T07:00:00Z
2025-07-28,ACME,0.02048,2025-07-28T07:00:00Z
2025-07-28,BOREAL,0.00747,2025-07-28T07:00:00Z
2025-07-28,CYGNET,0.03421,2025-07-28T07:00:00Z
2025-07-29,ACME,0.02048,2025-07-29T07:00:00Z
2025-07-29,BOREAL,0.00747,2025-07-29T07:00:00Z
2025-07-29,CYGNET,0.03421,2025-07-29T07:00:00Z
2025-07-30,ACME,0.02048,2025-07-30T07:00:00Z
2025-07-30,BOREAL,0.00747,2025-07-30T07:00:00Z
2025-07-30,CYGNET,0.03421,2025-07-30T07:00:00Z
2025-07-31,ACME,0.02048,2025-07-31T07:00:00Z
2025-07-31,BOREAL,0.00747,2025-07-31T07:00:00Z
2025-07-31,CYGNET,0.03421,2025-07-31T07:00:00Z
2025-08-01,ACME,0.02004,2025-08-01T07:00:00Z
2025-08-01,BOREAL,0.00709,2025-08-01T07:00:00Z
2025-08-01,CYGNET,0.03391,2025-08-01T07:00:00Z
2025-08-04,ACME,0.02004,2025-08-04T07:00:00Z
2025-08-04,BOREAL,0.00709,2025-08-04T07:00:00Z
2025-08-04,CYGNET,0.03391,2025-08-04T07:00:00Z
2025-08-05,ACME,0.02004,2025-08-05T07:00:00Z
2025-08-05,BOREAL,0.00709,2025-08-05T07:00:00Z
2025-08-05,CYGNET,0.03391,2025-08-05T07:00:00Z
2025-08-06,ACME,0.02004,2025-08-06T07:00:00Z
2025-08-06,BOREAL,0.00709,2025-08-06T07:00:00Z
2025-08-06,CYGNET,0.03391,2025-08-06T07:00:00Z
2025-08-07,ACME,0.02004,2025-08-07T07:00:00Z
2025-08-07,BOREAL,0.00709,2025-08-07T07:00:00Z
2025-08-07,CYGNET,0.03391,2025-08-07T07:00:00Z
2025-08-08,ACME,0.02004,2025-08-08T07:00:00Z
2025-08-08,BOREAL,0.00709,2025-08-08T07:00:00Z
2025-08-08,CYGNET,0.03391,2025-08-08T07:00:00Z
2025-08-11,ACME,0.02004,2025-08-11T07:00:00Z
2025-08-11,BOREAL,0.00709,2025-08-11T07:00:00Z
2025-08-11,CYGNET,0.03391,2025-08-11T07:00:00Z
2025-08-12,ACME,0.02004,2025-08-12T07:00:00Z
2025-08-12,BOREAL,0.00709,2025-08-12T07:00:00Z
2025-08-12,CYGNET,0.03391,2025-08-12T07:00:00Z
2025-08-13,ACME,0.02004,2025-08-13T07:00:00Z
2025-08-13,BOREAL,0.00709,2025-08-13T07:00:00Z
2025-08-13,CYGNET,0.03391,2025-08-13T07:00:00Z
2025-08-14,ACME,0.02004,2025-08-14T07:00:00Z
2025-08-14,BOREAL,0.00709,2025-08-14T07:00:00Z
2025-08-14,CYGNET,0.03391,2025-08-14T07:00:00Z
2025-08-15,ACME,0.02004,2025-08-15T07:00:00Z
2025-08-15,BOREAL,0.00709,2025-08-15T07:00:00Z
2025-08-15,CYGNET,0.03391,2025-08-15T07:00:00Z
2025-08-18,ACME,0.02004,2025-08-18T07:00:00Z
2025-08-18,BOREAL,0.00709,2025-08-18T07:00:00Z
2025-08-18,CYGNET,0.03391,2025-08-18T07:00:00Z
2025-08-19,ACME,0.02004,2025-08-19T07:00:00Z
2025-08-19,BOREAL,0.00709,2025-08-19T07:00:00Z
2025-08-19,CYGNET,0.03391,2025-08-19T07:00:00Z
2025-08-20,ACME,0.02004,2025-08-20T07:00:00Z
2025-08-20,BOREAL,0.00709,2025-08-20T07:00:00Z
2025-08-20,CYGNET,0.03391,2025-08-20T07:00:00Z
2025-08-21,ACME,0.02004,2025-08-21T07:00:00Z
2025-08-21,BOREAL,0.00709,2025-08-21T07:00:00Z
2025-08-21,CYGNET,0.03391,2025-08-21T07:00:00Z
2025-08-22,ACME,0.02004,2025-08-22T07:00:00Z
2025-08-22,BOREAL,0.00709,2025-08-22T07:00:00Z
2025-08-22,CYGNET,0.03391,2025-08-22T07:00:00Z
2025-08-25,ACME,0.02004,2025-08-25T07:00:00Z
2025-08-25,BOREAL,0.00709,2025-08-25T07:00:00Z
2025-08-25,CYGNET,0.03391,2025-08-25T07:00:00Z
2025-08-26,ACME,0.02004,2025-08-26T07:00:00Z
2025-08-26,BOREAL,0.00709,2025-08-26T07:00:00Z
2025-08-26,CYGNET,0.03391,2025-08-26T07:00:00Z
2025-08-27,ACME,0.02004,2025-08-27T07:00:00Z
2025-08-27,BOREAL,0.00709,2025-08-27T07:00:00Z
2025-08-27,CYGNET,0.03391,2025-08-27T07:00:00Z
2025-08-28,ACME,0.02004,2025-08-28T07:00:00Z
2025-08-28,BOREAL,0.00709,2025-08-28T07:00:00Z
2025-08-28,CYGNET,0.03391,2025-08-28T07:00:00Z
2025-08-29,ACME,0.02004,2025-08-29T07:00:00Z
2025-08-29,BOREAL,0.00709,2025-08-29T07:00:00Z
2025-08-29,CYGNET,0.03391,2025-08-29T07:00:00Z
2025-09-01,ACME,0.01944,2025-09-01T07:00:00Z
2025-09-01,BOREAL,0.00756,2025-09-01T07:00:00Z
2025-09-01,CYGNET,0.03429,2025-09-01T07:00:00Z
2025-09-02,ACME,0.01944,2025-09-02T07:00:00Z
2025-09-02,BOREAL,0.00756,2025-09-02T07:00:00Z
2025-09-02,CYGNET,0.03429,2025-09-02T07:00:00Z
2025-09-03,ACME,0.01944,2025-09-03T07:00:00Z
2025-09-03,BOREAL,0.00756,2025-09-03T07:00:00Z
2025-09-03,CYGNET,0.03429,2025-09-03T07:00:00Z
2025-09-04,ACME,0.01944,2025-09-04T07:00:00Z
2025-09-04,BOREAL,0.00756,2025-09-04T07:00:00Z
2025-09-04,CYGNET,0.03429,2025-09-04T07:00:00Z
2025-09-05,ACME,0.01944,2025-09-05T07:00:00Z
2025-09-05,BOREAL,0.00756,2025-09-05T07:00:00Z
2025-09-05,CYGNET,0.03429,2025-09-05T07:00:00Z
2025-09-08,ACME,0.01944,2025-09-08T07:00:00Z
2025-09-08,BOREAL,0.00756,2025-09-08T07:00:00Z
2025-09-08,CYGNET,0.03429,2025-09-08T07:00:00Z
2025-09-09,ACME,0.01944,2025-09-09T07:00:00Z
2025-09-09,BOREAL,0.00756,2025-09-09T07:00:00Z
2025-09-09,CYGNET,0.03429,2025-09-09T07:00:00Z
2025-09-10,ACME,0.01944,2025-09-10T07:00:00Z
2025-09-10,BOREAL,0.00756,2025-09-10T07:00:00Z
2025-09-10,CYGNET,0.03429,2025-09-10T07:00:00Z
2025-09-11,ACME,0.01944,2025-09-11T07:00:00Z
2025-09-11,BOREAL,0.00756,2025-09-11T07:00:00Z
2025-09-11,CYGNET,0.03429,2025-09-11T07:00:00Z
2025-09-12,ACME,0.01944,2025-09-12T07:00:00Z
2025-09-12,BOREAL,0.00756,2025-09-12T07:00:00Z
2025-09-12,CYGNET,0.03429,2025-09-12T07:00:00Z
2025-09-15,ACME,0.01944,2025-09-15T07:00:00Z
2025-09-15,BOREAL,0.00756,2025-09-15T07:00:00Z
2025-09-15,CYGNET,0.03429,2025-09-15T07:00:00Z
2025-09-16,ACME,0.01944,2025-09-16T07:00:00Z
2025-09-16,BOREAL,0.00756,2025-09-16T07:00:00Z
2025-09-16,CYGNET,0.03429,2025-09-16T07:00:00Z
2025-09-17,ACME,0.01944,2025-09-17T07:00:00Z
2025-09-17,BOREAL,0.00756,2025-09-17T07:00:00Z
2025-09-17,CYGNET,0.03429,2025-09-17T07:00:00Z
2025-09-18,ACME,0.01944,2025-09-18T07:00:00Z
2025-09-18,BOREAL,0.00756,2025-09-18T07:00:00Z
2025-09-18,CYGNET,0.03429,2025-09-18T07:00:00Z
2025-09-19,ACME,0.01944,2025-09-19T07:00:00Z
2025-09-19,BOREAL,0.00756,2025-09-19T07:00:00Z
2025-09-19,CYGNET,0.03429,2025-09-19T07:00:00Z
2025-09-22,ACME,0.01944,2025-09-22T07:00:00Z
2025-09-22,BOREAL,0.00756,2025-09-22T07:00:00Z
2025-09-22,CYGNET,0.03429,2025-09-22T07:00:00Z
2025-09-23,ACME,0.01944,2025-09-23T07:00:00Z
2025-09-23,BOREAL,0.00756,2025-09-23T07:00:00Z
2025-09-23,CYGNET,0.03429,2025-09-23T07:00:00Z
2025-09-24,ACME,0.01944,2025-09-24T07:00:00Z
2025-09-24,BOREAL,0.00756,2025-09-24T07:00:00Z
2025-09-24,CYGNET,0.03429,2025-09-24T07:00:00Z
2025-09-25,ACME,0.01944,2025-09-25T07:00:00Z
2025-09-25,BOREAL,0.00756,2025-09-25T07:00:00Z
2025-09-25,CYGNET,0.03429,2025-09-25T07:00:00Z
2025-09-26,ACME,0.01944,2025-09-26T07:00:00Z
2025-09-26,BOREAL,0.00756,2025-09-26T07:00:00Z
2025-09-26,CYGNET,0.03429,2025-09-26T07:00:00Z
2025-09-29,ACME,0.01944,2025-09-29T07:00:00Z
2025-09-29,BOREAL,0.00756,2025-09-29T07:00:00Z
2025-09-29,CYGNET,0.03429,2025-09-29T07:00:00Z
2025-09-30,ACME,0.01944,2025-09-30T07:00:00Z
2025-09-30,BOREAL,0.00756,2025-09-30T07:00:00Z
2025-09-30,CYGNET,0.03429,2025-09-30T07:00:00Z
