date,underlying,spot,kt
2025-06-02,ACME,100.0,2025-06-02T20:45:00Z
2025-06-02,BOREAL,47.5,2025-06-02T20:45:00Z
2025-06-02,CYGNET,268.0,2025-06-02T20:45:00Z
2025-06-03,ACME,100.053,2025-06-03T20:45:00Z
2025-06-03,BOREAL,47.421,2025-06-03T20:45:00Z
2025-06-03,CYGNET,265.6172,2025-06-03T20:45:00Z
2025-06-04,ACME,98.8021,2025-06-04T20:45:00Z
2025-06-04,BOREAL,46.4055,2025-06-04T20:45:00Z
2025-06-04,CYGNET,258.2941,2025-06-04T20:45:00Z
2025-06-05,ACME,97.8201,2025-06-05T20:45:00Z
2025-06-05,BOREAL,45.9436,2025-06-05T20:45:00Z
2025-06-05,CYGNET,259.2726,2025-06-05T20:45:00Z
2025-06-06,ACME,96.0307,2025-06-06T20:45:00Z
2025-06-06,BOREAL,45.537,2025-06-06T20:45:00Z
2025-06-06,CYGNET,263.2741,2025-06-06T20:45:00Z
2025-06-09,ACME,99.0242,2025-06-09T20:45:00Z
2025-06-09,BOREAL,45.0444,2025-06-09T20:45:00Z
2025-06-09,CYGNET,264.2037,2025-06-09T20:45:00Z
2025-06-10,ACME,98.7034,2025-06-10T20:45:00Z
2025-06-10,BOREAL,45.9945,2025-06-10T20:45:00Z
2025-06-10,CYGNET,262.8737,2025-06-10T20:45:00Z
2025-06-11,ACME,100.7265,2025-06-11T20:45:00Z
2025-06-11,BOREAL,46.0722,2025-06-11T20:45:00Z
2025-06-11,CYGNET,260.3117,2025-06-11T20:45:00Z
2025-06-12,ACME,100.2829,2025-06-12T20:45:00Z
2025-06-12,BOREAL,44.1497,2025-06-12T20:45:00Z
2025-06-12,CYGNET,258.5454,2025-06-12T20:45:00Z
2025-06-13,ACME,99.3472,2025-06-13T20:45:00Z
2025-06-13,BOREAL,43.4967,2025-06-13T20:45:00Z
2025-06-13,CYGNET,258.4878,2025-06-13T20:45:00Z
2025-06-16,ACME,102.0409,2025-06-16T20:45:00Z
2025-06-16,BOREAL,45.2652,2025-06-16T20:45:00Z
2025-06-16,CYGNET,258.2491,2025-06-16T20:45:00Z
2025-06-17,ACME,101.0374,2025-06-17T20:45:00Z
2025-06-17,BOREAL,45.1661,2025-06-17T20:45:00Z
2025-06-17,CYGNET,257.1838,2025-06-17T20:45:00Z
2025-06-18,ACME,102.5506,2025-06-18T20:45:00Z
2025-06-18,BOREAL,45.8709,2025-06-18T20:45:00Z
2025-06-18,CYGNET,254.5252,2025-06-18T20:45:00Z
2025-06-19,ACME,102.988,2025-06-19T20:45:00Z
2025-06-19,BOREAL,46.6234,2025-06-19T20:45:00Z
2025-06-19,CYGNET,251.0363,2025-06-19T20:45:00Z
2025-06-20,ACME,102.8643,2025-06-20T20:45:00Z
2025-06-20,BOREAL,46.2512,2025-06-20T20:45:00Z
2025-06-20,CYGNET,253.8551,2025-06-20T20:45:00Z
2025-06-23,ACME,102.8557,2025-06-23T20:45:00Z
2025-06-23,BOREAL,45.9013,2025-06-23T20:45:00Z
2025-06-23,CYGNET,247.6437,2025-06-23T20:45:00Z
2025-06-24,ACME,101.1755,2025-06-24T20:45:00Z
2025-06-24,BOREAL,45.256,2025-06-24T20:45:00Z
2025-06-24,CYGNET,252.3364,2025-06-24T20:45:00Z
2025-06-25,ACME,100.8775,2025-06-25T20:45:00Z
2025-06-25,BOREAL,46.713,2025-06-25T20:45:00Z
2025-06-25,CYGNET,248.0642,2025-06-25T20:45:00Z
2025-06-26,ACME,102.7081,2025-06-26T20:45:00Z
2025-06-26,BOREAL,46.4657,2025-06-26T20:45:00Z
2025-06-26,CYGNET,245.5862,2025-06-26T20:45:00Z
2025-06-27,ACME,102.787,2025-06-27T20:45:00Z
2025-06-27,BOREAL,46.3234,2025-06-27T20:45:00Z
2025-06-27,CYGNET,239.2745,2025-06-27T20:45:00Z
2025-06-30,ACME,103.8276,2025-06-30T20:45:00Z
2025-06-30,BOREAL,46.853,2025-06-30T20:45:00Z
2025-06-30,CYGNET,241.0557,2025-06-30T20:45:00Z
2025-07-01,ACME,104.3634,2025-07-01T20:45:00Z
2025-07-01,BOREAL,45.0302,2025-07-01T20:45:00Z
2025-07-01,CYGNET,243.9831,2025-07-01T20:45:00Z
2025-07-02,ACME,105.2518,2025-07-02T20:45:00Z
2025-07-02,BOREAL,46.2568,2025-07-02T20:45:00Z
2025-07-02,CYGNET,241.5898,2025-07-02T20:45:00Z
2025-07-03,ACME,105.2678,2025-07-03T20:45:00Z
2025-07-03,BOREAL,47.013,2025-07-03T20:45:00Z
2025-07-03,CYGNET,238.5061,2025-07-03T20:45:00Z
2025-07-04,ACME,104.6891,2025-07-04T20:45:00Z
2025-07-04,BOREAL,47.0073,2025-07-04T20:45:00Z
2025-07-04,CYGNET,239.4283,2025-07-04T20:45:00Z
2025-07-07,ACME,106.3921,2025-07-07T20:45:00Z
2025-07-07,BOREAL,46.6728,2025-07-07T20:45:00Z
2025-07-07,CYGNET,237.2307,2025-07-07T20:45:00Z
2025-07-08,ACME,107.2361,2025-07-08T20:45:00Z
2025-07-08,BOREAL,46.8437,2025-07-08T20:45:00Z
2025-07-08,CYGNET,239.2305,2025-07-08T20:45:00Z
2025-07-09,ACME,105.5097,2025-07-09T20:45:00Z
2025-07-09,BOREAL,47.5027,2025-07-09T20:45:00Z
2025-07-09,CYGNET,239.4342,2025-07-09T20:45:00Z
2025-07-10,ACME,107.8547,2025-07-10T20:45:00Z
2025-07-10,BOREAL,45.7027,2025-07-10T20:45:00Z
2025-07-10,CYGNET,236.6034,2025-07-10T20:45:00Z
2025-07-11,ACME,108.556,2025-07-11T20:45:00Z
2025-07-11,BOREAL,46.7124,2025-07-11T20:45:00Z
2025-07-11,CYGNET,235.6324,2025-07-11T20:45:00Z
2025-07-14,ACME,108.4618,2025-07-14T20:45:00Z
2025-07-14,BOREAL,47.9954,2025-07-14T20:45:00Z
2025-07-14,CYGNET,240.7368,2025-07-14T20:45:00Z
2025-07-15,ACME,108.5011,2025-07-15T20:45:00Z
2025-07-15,BOREAL,47.2866,2025-07-15T20:45:00Z
2025-07-15,CYGNET,239.0355,2025-07-15T20:45:00Z
2025-07-16,ACME,111.5115,2025-07-16T20:45:00Z
2025-07-16,BOREAL,47.5141,2025-07-16T20:45:00Z
2025-07-16,CYGNET,237.9749,2025-07-16T20:45:00Z
2025-07-17,ACME,111.8312,2025-07-17T20:45:00Z
2025-07-17,BOREAL,46.8534,2025-07-17T20:45:00Z
2025-07-17,CYGNET,235.3193,2025-07-17T20:45:00Z
2025-07-18,ACME,113.9083,2025-07-18T20:45:00Z
2025-07-18,BOREAL,47.6614,2025-07-18T20:45:00Z
2025-07-18,CYGNET,234.4359,2025-07-18T20:45:00Z
2025-07-21,ACME,112.0677,2025-07-21T20:45:00Z
2025-07-21,BOREAL,46.9235,2025-07-21T20:45:00Z
2025-07-21,CYGNET,234.7496,2025-07-21T20:45:00Z
2025-07-22,ACME,111.2728,2025-07-22T20:45:00Z
2025-07-22,BOREAL,46.001,2025-07-22T20:45:00Z
2025-07-22,CYGNET,233.3318,2025-07-22T20:45:00Z
2025-07-23,ACME,112.526,2025-07-23T20:45:00Z
2025-07-23,BOREAL,46.595,2025-07-23T20:45:00Z
2025-07-23,CYGNET,231.1499,2025-07-23T20:45:00Z
2025-07-24,ACME,111.6223,2025-07-24T20:45:00Z
2025-07-24,BOREAL,45.6313,2025-07-24T20:45:00Z
2025-07-24,CYGNET,233.5606,2025-07-24T20:45:00Z
2025-07-25,ACME,111.5788,2025-07-25T20:45:00Z
2025-07-25,BOREAL,44.0655,2025-07-25T20:45:00Z
2025-07-25,CYGNET,232.0378,2025-07-25T20:45:00Z
2025-07-28,ACME,113.058,2025-07-28T20:45:00Z
2025-07-28,BOREAL,43.9117,2025-07-28T20:45:00Z
2025-07-28,CYGNET,232.3829,2025-07-28T20:45:00Z
2025-07-29,ACME,111.8345,2025-07-29T20:45:00Z
2025-07-29,BOREAL,45.7631,2025-07-29T20:45:00Z
2025-07-29,CYGNET,230.612,2025-07-29T20:45:00Z
2025-07-30,ACME,113.723,2025-07-30T20:45:00Z
2025-07-30,BOREAL,46.2395,2025-07-30T20:45:00Z
2025-07-30,CYGNET,226.6493,2025-07-30T20:45:00Z
2025-07-31,ACME,114.4074,2025-07-31T20:45:00Z
2025-07-31,BOREAL,46.3577,2025-07-31T20:45:00Z
2025-07-31,CYGNET,229.9959,2025-07-31T20:45:00Z
2025-08-01,ACME,113.9823,2025-08-01T20:45:00Z
2025-08-01,BOREAL,46.4724,2025-08-01T20:45:00Z
2025-08-01,CYGNET,228.6082,2025-08-01T20:45:00Z
2025-08-04,ACME,114.0162,2025-08-04T20:45:00Z
2025-08-04,BOREAL,45.8728,2025-08-04T20:45:00Z
2025-08-04,CYGNET,230.1856,2025-08-04T20:45:00Z
2025-08-05,ACME,116.5895,2025-08-05T20:45:00Z
2025-08-05,BOREAL,45.6593,2025-08-05T20:45:00Z
2025-08-05,CYGNET,233.984,2025-08-05T20:45:00Z
2025-08-06,ACME,116.1195,2025-08-06T20:45:00Z
2025-08-06,BOREAL,44.8501,2025-08-06T20:45:00Z
2025-08-06,CYGNET,235.0758,2025-08-06T20:45:00Z
2025-08-07,ACME,116.0453,2025-08-07T20:45:00Z
2025-08-07,BOREAL,45.421,2025-08-07T20:45:00Z
2025-08-07,CYGNET,232.8316,2025-08-07T20:45:00Z
2025-08-08,ACME,116.9871,2025-08-08T20:45:00Z
2025-08-08,BOREAL,45.9435,2025-08-08T20:45:00Z
2025-08-08,CYGNET,232.7431,2025-08-08T20:45:00Z
2025-08-11,ACME,120.9328,2025-08-11T20:45:00Z
2025-08-11,BOREAL,45.6975,2025-08-11T20:45:00Z
2025-08-11,CYGNET,233.8095,2025-08-11T20:45:00Z
2025-08-12,ACME,122.5921,2025-08-12T20:45:00Z
2025-08-12,BOREAL,44.0462,2025-08-12T20:45:00Z
2025-08-12,CYGNET,233.5382,2025-08-12T20:45:00Z
2025-08-13,ACME,121.2323,2025-08-13T20:45:00Z
2025-08-13,BOREAL,43.4626,2025-08-13T20:45:00Z
2025-08-13,CYGNET,235.5772,2025-08-13T20:45:00Z
2025-08-14,ACME,121.9083,2025-08-14T20:45:00Z
2025-08-14,BOREAL,43.5584,2025-08-14T20:45:00Z
2025-08-14,CYGNET,237.3547,2025-08-14T20:45:00Z
2025-08-15,ACME,122.1036,2025-08-15T20:45:00Z
2025-08-15,BOREAL,43.4927,2025-08-15T20:45:00Z
2025-08-15,CYGNET,235.1754,2025-08-15T20:45:00Z
2025-08-18,ACME,122.2385,2025-08-18T20:45:00Z
2025-08-18,BOREAL,43.1145,2025-08-18T20:45:00Z
2025-08-18,CYGNET,230.1537,2025-08-18T20:45:00Z
2025-08-19,ACME,122.4886,2025-08-19T20:45:00Z
2025-08-19,BOREAL,44.5352,2025-08-19T20:45:00Z
2025-08-19,CYGNET,232.5723,2025-08-19T20:45:00Z
2025-08-20,ACME,119.3285,2025-08-20T20:45:00Z
2025-08-20,BOREAL,43.6193,2025-08-20T20:45:00Z
2025-08-20,CYGNET,233.2246,2025-08-20T20:45:00Z
2025-08-21,ACME,121.1987,2025-08-21T20:45:00Z
2025-08-21,BOREAL,43.7062,2025-08-21T20:45:00Z
2025-08-21,CYGNET,239.0496,2025-08-21T20:45:00Z
2025-08-22,ACME,120.3195,2025-08-22T20:45:00Z
2025-08-22,BOREAL,44.1289,2025-08-22T20:45:00Z
2025-08-22,CYGNET,234.1651,2025-08-22T20:45:00Z
2025-08-25,ACME,121.5978,2025-08-25T20:45:00Z
2025-08-25,BOREAL,44.1783,2025-08-25T20:45:00Z
2025-08-25,CYGNET,238.0149,2025-08-25T20:45:00Z
2025-08-26,ACME,118.7561,2025-08-26T20:45:00Z
2025-08-26,BOREAL,45.202,2025-08-26T20:45:00Z
2025-08-26,CYGNET,236.684,2025-08-26T20:45:00Z
2025-08-27,ACME,118.6362,2025-08-27T20:45:00Z
2025-08-27,BOREAL,45.2638,2025-08-27T20:45:00Z
2025-08-27,CYGNET,236.7009,2025-08-27T20:45:00Z
2025-08-28,ACME,118.8125,2025-08-28T20:45:00Z
2025-08-28,BOREAL,44.5623,2025-08-28T20:45:00Z
2025-08-28,CYGNET,239.2757,2025-08-28T20:45:00Z
2025-08-29,ACME,114.177,2025-08-29T20:45:00Z
2025-08-29,BOREAL,43.6663,2025-08-29T20:45:00Z
2025-08-29,CYGNET,241.0555,2025-08-29T20:45:00Z
2025-09-01,ACME,109.2088,2025-09-01T20:45:00Z
2025-09-01,BOREAL,44.5477,2025-09-01T20:45:00Z
2025-09-01,CYGNET,240.3745,2025-09-01T20:45:00Z
2025-09-02,ACME,107.9224,2025-09-02T20:45:00Z
2025-09-02,BOREAL,42.4444,2025-09-02T20:45:00Z
2025-09-02,CYGNET,239.0516,2025-09-02T20:45:00Z
2025-09-03,ACME,107.968,2025-09-03T20:45:00Z
2025-09-03,BOREAL,42.6194,2025-09-03T20:45:00Z
2025-09-03,CYGNET,238.5152,2025-09-03T20:45:00Z
2025-09-04,ACME,109.0103,2025-09-04T20:45:00Z
2025-09-04,BOREAL,41.5503,2025-09-04T20:45:00Z
2025-09-04,CYGNET,241.2623,2025-09-04T20:45:00Z
2025-09-05,ACME,109.0587,2025-09-05T20:45:00Z
2025-09-05,BOREAL,42.4654,2025-09-05T20:45:00Z
2025-09-05,CYGNET,241.1629,2025-09-05T20:45:00Z
2025-09-08,ACME,110.2057,2025-09-08T20:45:00Z
2025-09-08,BOREAL,43.9757,2025-09-08T20:45:00Z
2025-09-08,CYGNET,241.9219,2025-09-08T20:45:00Z
2025-09-09,ACME,109.1513,2025-09-09T20:45:00Z
2025-09-09,BOREAL,43.8221,2025-09-09T20:45:00Z
2025-09-09,CYGNET,240.0504,2025-09-09T20:45:00Z
2025-09-10,ACME,107.1862,2025-09-10T20:45:00Z
2025-09-10,BOREAL,44.9072,2025-09-10T20:45:00Z
2025-09-10,CYGNET,238.3336,2025-09-10T20:45:00Z
2025-09-11,ACME,107.8265,2025-09-11T20:45:00Z
2025-09-11,BOREAL,45.3536,2025-09-11T20:45:00Z
2025-09-11,CYGNET,235.966,2025-09-11T20:45:00Z
2025-09-12,ACME,105.5656,2025-09-12T20:45:00Z
2025-09-12,BOREAL,46.9648,2025-09-12T20:45:00Z
2025-09-12,CYGNET,237.205,2025-09-12T20:45:00Z
2025-09-15,ACME,103.701,2025-09-15T20:45:00Z
2025-09-15,BOREAL,46.5749,2025-09-15T20:45:00Z
2025-09-15,CYGNET,236.513,2025-09-15T20:45:00Z
2025-09-16,ACME,105.4791,2025-09-16T20:45:00Z
2025-09-16,BOREAL,46.6063,2025-09-16T20:45:00Z
2025-09-16,CYGNET,236.8619,2025-09-16T20:45:00Z
2025-09-17,ACME,104.0096,2025-09-17T20:45:00Z
2025-09-17,BOREAL,46.218,2025-09-17T20:45:00Z
2025-09-17,CYGNET,235.5774,2025-09-17T20:45:00Z
2025-09-18,ACME,103.4134,2025-09-18T20:45:00Z
2025-09-18,BOREAL,46.7871,2025-09-18T20:45:00Z
2025-09-18,CYGNET,235.3306,2025-09-18T20:45:00Z
2025-09-19,ACME,102.9328,2025-09-19T20:45:00Z
2025-09-19,BOREAL,48.0929,2025-09-19T20:45:00Z
2025-09-19,CYGNET,231.8039,2025-09-19T20:45:00Z
2025-09-22,ACME,101.5889,2025-09-22T20:45:00Z
2025-09-22,BOREAL,47.6663,2025-09-22T20:45:00Z
2025-09-22,CYGNET,233.2751,2025-09-22T20:45:00Z
2025-09-23,ACME,98.7211,2025-09-23T20:45:00Z
2025-09-23,BOREAL,50.434,2025-09-23T20:45:00Z
2025-09-23,CYGNET,233.6928,2025-09-23T20:45:00Z
2025-09-24,ACME,99.2468,2025-09-24T20:45:00Z
2025-09-24,BOREAL,52.4289,2025-09-24T20:45:00Z
2025-09-24,CYGNET,235.3645,2025-09-24T20:45:00Z
2025-09-25,ACME,101.389,2025-09-25T20:45:00Z
2025-09-25,BOREAL,53.5144,2025-09-25T20:45:00Z
2025-09-25,CYGNET,236.4781,2025-09-25T20:45:00Z
2025-09-26,ACME,102.835,2025-09-26T20:45:00Z
2025-09-26,BOREAL,54.0638,2025-09-26T20:45:00Z
2025-09-26,CYGNET,231.1789,2025-09-26T20:45:00Z
2025-09-29,ACME,100.3376,2025-09-29T20:45:00Z
2025-09-29,BOREAL,53.1146,2025-09-29T20:45:00Z
2025-09-29,CYGNET,233.0865,2025-09-29T20:45:00Z
2025-09-30,ACME,98.9736,2025-09-30T20:45:00Z
2025-09-30,BOREAL,51.4147,2025-09-30T20:45:00Z
2025-09-30,CYGNET,236.779,2025-09-30T20:45:00Z
